{
  "biomes": [
    [
      {
        "type": "BIOME_TAG",
        "negate": false,
        "value": "minecraft:is_overworld"
      },
      {
        "type": "BIOME_TAG",
        "negate": false,
        "value": "minecraft:is_ocean"
      },
      {
        "type": "BIOME_TAG",
        "negate": false,
        "value": "forge:is_cold/overworld"
      }
    ],
    [
      {
        "type": "REGISTRY_NAME",
        "negate": false,
        "value": "minecraft:lukewarm_ocean"
      }
    ],
    [
      {
        "type": "REGISTRY_NAME",
        "negate": false,
        "value": "minecraft:deep_ocean"
      }
    ],
    [
      {
        "type": "REGISTRY_NAME",
        "negate": false,
        "value": "minecraft:deep_lukewarm_ocean"
      }
    ],
    [
      {
        "type": "REGISTRY_NAME",
        "negate": false,
        "value": "alexscaves:abyssal_chasm"
      }
    ]
  ]
}