{
  "biomes": [
    [
      {
        "type": "BIOME_TAG",
        "negate": true,
        "value": "forge:no_default_monsters"
      },
      {
        "type": "BIOME_TAG",
        "negate": false,
        "value": "forge:is_hot/overworld"
      },
      {
        "type": "BIOME_TAG",
        "negate": false,
        "value": "forge:is_dry/overworld"
      },
      {
        "type": "BIOME_TAG",
        "negate": false,
        "value": "forge:is_sandy"
      }
    ],
    [
      {
        "type": "REGISTRY_NAME",
        "negate": false,
        "value": "terralith:ancient_sands"
      }
    ],
    [
      {
        "type": "REGISTRY_NAME",
        "negate": false,
        "value": "terralith:desert_canyon"
      }
    ],
    [
      {
        "type": "REGISTRY_NAME",
        "negate": false,
        "value": "terralith:desert_spires"
      }
    ],
    [
      {
        "type": "REGISTRY_NAME",
        "negate": false,
        "value": "terralith:ashen_savanna"
      }
    ],
    [
      {
        "type": "REGISTRY_NAME",
        "negate": false,
        "value": "terralith:cave/desert_caves"
      }
    ]
  ]
}