{
  "biomes": [
    [
      {
        "type": "BIOME_TAG",
        "negate": false,
        "value": "minecraft:is_overworld"
      },
      {
        "type": "BIOME_TAG",
        "negate": false,
        "value": "minecraft:is_forest"
      }
    ],
    [
      {
        "type": "BIOME_TAG",
        "negate": false,
        "value": "minecraft:is_overworld"
      },
      {
        "type": "BIOME_TAG",
        "negate": true,
        "value": "minecraft:is_savanna"
      },
      {
        "type": "BIOME_TAG",
        "negate": false,
        "value": "forge:is_plains"
      }
    ],
    [
      {
        "type": "BIOME_TAG",
        "negate": false,
        "value": "minecraft:is_overworld"
      },
      {
        "type": "BIOME_TAG",
        "negate": false,
        "value": "minecraft:is_taiga"
      }
    ],
    [
      {
        "type": "REGISTRY_NAME",
        "negate": false,
        "value": "terralith:alpine_grove"
      }
    ],
    [
      {
        "type": "REGISTRY_NAME",
        "negate": false,
        "value": "terralith:birch_taiga"
      }
    ],
    [
      {
        "type": "REGISTRY_NAME",
        "negate": false,
        "value": "terralith:blooming_valley"
      }
    ],
    [
      {
        "type": "REGISTRY_NAME",
        "negate": false,
        "value": "terralith:lavender_forest"
      }
    ],
    [
      {
        "type": "REGISTRY_NAME",
        "negate": false,
        "value": "terralith:lavender_valley"
      }
    ],
    [
      {
        "type": "REGISTRY_NAME",
        "negate": false,
        "value": "terralith:moonlight_grove"
      }
    ],
    [
      {
        "type": "REGISTRY_NAME",
        "negate": false,
        "value": "terralith:moonlight_valley"
      }
    ],
    [
      {
        "type": "REGISTRY_NAME",
        "negate": false,
        "value": "terralith:sakura_grove"
      }
    ],
    [
      {
        "type": "REGISTRY_NAME",
        "negate": false,
        "value": "terralith:sakura_valley"
      }
    ],
    [
      {
        "type": "REGISTRY_NAME",
        "negate": false,
        "value": "terralith:cold_shrubland"
      }
    ],
    [
      {
        "type": "REGISTRY_NAME",
        "negate": false,
        "value": "terralith:highlands"
      }
    ],
    [
      {
        "type": "REGISTRY_NAME",
        "negate": false,
        "value": "terralith:hot_shrubland"
      }
    ],
    [
      {
        "type": "REGISTRY_NAME",
        "negate": false,
        "value": "terralith:rocky_shrubland"
      }
    ],
    [
      {
        "type": "REGISTRY_NAME",
        "negate": false,
        "value": "terralith:shield_clearing"
      }
    ],
    [
      {
        "type": "REGISTRY_NAME",
        "negate": false,
        "value": "terralith:steppe"
      }
    ],
    [
      {
        "type": "REGISTRY_NAME",
        "negate": false,
        "value": "terralith:valley_clearing"
      }
    ],
    [
      {
        "type": "REGISTRY_NAME",
        "negate": false,
        "value": "terralith:temperate_highlands"
      }
    ],
    [
      {
        "type": "REGISTRY_NAME",
        "negate": false,
        "value": "terralith:skylands_autumn"
      }
    ],
    [
      {
        "type": "REGISTRY_NAME",
        "negate": false,
        "value": "terralith:mirage_isles"
      }
    ],
    [
      {
        "type": "REGISTRY_NAME",
        "negate": false,
        "value": "biomesoplenty:redwood_forest"
      }
    ],
    [
      {
        "type": "REGISTRY_NAME",
        "negate": false,
        "value": "minecraft:cherry_grove"
      }
    ],
    [
      {
        "type": "REGISTRY_NAME",
        "negate": false,
        "value": "biomesoplenty:snowblossom_grove"
      }
    ]
  ]
}