{
  "allowMovement": {
    "net.minecraft.client.gui.screens.ReceivingLevelScreen": true,
    "harmonised.pmmo.client.gui.PlayerStatsScreen": true,
    "com.aetherteam.aether.client.gui.screen.inventory.AccessoriesScreen": true,
    "com.aetherteam.aether.client.gui.screen.perks.MoaSkinsScreen": true,
    "top.theillusivec4.curios.client.gui.CuriosScreen": true,
    "com.github.alexthe666.alexsmobs.client.gui.GUIAnimalDictionary": true,
    "vazkii.patchouli.client.book.gui.GuiBookLanding": true,
    "org.anti_ad.mc.ipnext.gui.GUIDEEditorScreen": true,
    "harmonised.pmmo.client.gui.StatsScreen": true,
    "net.minecraft.client.gui.screens.ConfirmLinkScreen": true,
    "net.minecraft.client.gui.screens.PauseScreen": true,
    "net.minecraftforge.client.gui.ModListScreen": true,
    "xaero.common.gui.GuiMinimapMain": true,
    "xaero.common.gui.GuiMinimapViewSettings": true,
    "xaero.common.gui.GuiEditMode": true,
    "xaero.common.gui.GuiChoosePreset": true,
    "net.coderbot.iris.gui.screen.ShaderPackScreen": true,
    "dev.emi.emi.screen.RecipeScreen": false,
    "net.blay09.mods.hardcorerevival.client.KnockoutScreen": true,
    "dev.ftb.mods.ftblibrary.ui.ScreenWrapper": true,
    "ht.treechop.client.gui.screen.ClientSettingsScreen": true,
    "journeymap.client.ui.dialog.AboutDialog": true,
    "journeymap.client.ui.fullscreen.Fullscreen": true,
    "journeymap.client.ui.dialog.OptionsManager": true,
    "journeymap.client.ui.component.ScrollPaneScreen": true,
    "me.shedaniel.clothconfig2.gui.ClothConfigScreen": true,
    "io.github.apace100.origins.screen.ChooseOriginScreen": true,
    "de.maxhenkel.voicechat.gui.onboarding.IntroductionOnboardingScreen": true,
    "dev.gigaherz.toolbelt.common.BeltSlotScreen": true,
    "dlovin.inventoryhud.gui.config.InventoryConfigScreen": true,
    "io.github.apace100.origins.screen.WaitForNextLayerScreen": true,
    "io.github.edwinmindcraft.origins.client.screen.WaitForPowersScreen": true,
    "com.leobeliik.extremesoundmuffler.gui.MufflerScreen": true,
    "net.minecraft.client.gui.screens.inventory.SmithingScreen": true,
    "net.minecraft.client.gui.screens.social.SocialInteractionsScreen": true,
    "dlovin.inventoryhud.gui.config.ArmorConfigScreen": true,
    "dlovin.inventoryhud.gui.config.PotionConfigScreen": true,
    "dlovin.inventoryhud.gui.config.CuriosConfigScreen": true,
    "me.jellysquid.mods.sodium.client.gui.SodiumOptionsGUI": true,
    "dlovin.inventoryhud.gui.InGameConfigScreen": true,
    "de.maxhenkel.voicechat.gui.onboarding.MicOnboardingScreen": true,
    "de.maxhenkel.voicechat.gui.onboarding.SpeakerOnboardingScreen": true,
    "journeymap.client.ui.waypoint.WaypointManager": true,
    "journeymap.client.ui.waypoint.WaypointEditor": true,
    "com.simibubi.create.content.equipment.symmetryWand.SymmetryWandScreen": true,
    "dev.emi.emi.screen.ConfigScreen": true,
    "dev.emi.emi.screen.ConfigEnumScreen": true,
    "se.mickelus.tetra.items.modular.impl.holo.gui.HoloGui": true,
    "se.mickelus.tetra.blocks.workbench.gui.WorkbenchScreen": true,
    "smartin.miapi.client.gui.crafting.CraftingScreen": true,
    "com.ldtteam.blockui.BOScreen": true,
    "com.minecolonies.core.client.gui.containers.WindowRack": true,
    "io.github.apace100.origins.screen.ViewOriginScreen": true,
    "com.minecolonies.core.client.gui.containers.WindowCitizenInventory": true,
    "dev.shadowsoffire.apotheosis.adventure.affix.reforging.ReforgingScreen": true,
    "com.yahoo.chirpycricket.mythicmounts.screen.MountScreen": true,
    "mezz.jei.gui.recipes.RecipesGui": true,
    "net.minecraft.client.gui.screens.packs.PackSelectionScreen": true,
    "net.blay09.mods.waystones.client.gui.screen.WaystoneSelectionScreen": true,
    "com.legacy.blue_skies.client.gui.screen.ArcsScreen": true,
    "com.legacy.blue_skies.client.gui.screen.journal.BlueJournalStartScreen": true,
    "com.legacy.blue_skies.client.gui.screen.journal.BlueJournalSearchScreen": true,
    "com.legacy.blue_skies.client.gui.screen.journal.BlueJournalEntryScreen": true,
    "com.legacy.blue_skies.client.gui.screen.journal.BlueJournalSectionScreen": true,
    "snownee.jade.gui.HomeConfigScreen": true,
    "snownee.jade.gui.WailaConfigScreen": true,
    "snownee.jade.gui.PluginsConfigScreen": true,
    "com.aetherteam.aether.client.gui.screen.ValkyrieQueenDialogueScreen": true,
    "de.maxhenkel.voicechat.gui.onboarding.ActivationOnboardingScreen": true,
    "de.maxhenkel.voicechat.gui.onboarding.PttOnboardingScreen": true,
    "de.maxhenkel.voicechat.gui.onboarding.FinalOnboardingScreen": true
  },
  "hideBackground": {}
}