{
  "movement": {
    "inventory": true,
    "horseInventory": true,
    "creative": true,
    "crafting": true,
    "chest": true,
    "shulker": true,
    "dispenser": true,
    "hopper": true,
    "enchantment": true,
    "anvil": true,
    "beacon": true,
    "brewing": true,
    "furnace": true,
    "blastFurnace": true,
    "smoker": true,
    "loom": true,
    "cartography": true,
    "grindstone": true,
    "stonecutter": true,
    "villager": true,
    "book": true,
    "advancements": true
  },
  "backgroundHide": {
    "inventory": true,
    "horseInventory": true,
    "creative": true,
    "crafting": true,
    "chest": true,
    "shulker": true,
    "dispenser": true,
    "hopper": true,
    "enchantment": true,
    "anvil": true,
    "beacon": true,
    "brewing": true,
    "furnace": true,
    "blastFurnace": true,
    "smoker": true,
    "loom": true,
    "cartography": true,
    "grindstone": true,
    "stonecutter": true,
    "villager": true,
    "book": true,
    "advancements": true
  }
}