{
  "name": "dungeon",
  "fallback": "minecraft:empty",
  "elements": [
    {
      "weight": 1,
      "element": {
        "element_type": "minecraft:single_pool_element",
        "projection": "rigid",
        "location": "teddy:igloo_ext/igloo_dungeon_01",
        "processors": "minecraft:empty"
      }
    },
    {
      "weight": 1,
      "element": {
        "element_type": "minecraft:single_pool_element",
        "projection": "rigid",
        "location": "teddy:igloo_ext/igloo_dungeon_02",
        "processors": "minecraft:empty"
      }
    }
  ]
}
