{
  "name": "floors",
  "fallback": "minecraft:empty",
  "elements": [
    {
      "weight": 1,
      "element": {
        "element_type": "minecraft:single_pool_element",
        "projection": "rigid",
        "location": "teddy:igloo_ext/floors/floor_01",
        "processors": "minecraft:empty"
      }
    },
    {
      "weight": 1,
      "element": {
        "element_type": "minecraft:single_pool_element",
        "projection": "rigid",
        "location": "teddy:igloo_ext/floors/floor_02",
        "processors": "minecraft:empty"
      }
    }
  ]
}
