{
  "display": {
    "title": {
      "text": "End Structuren",
      "color": "purple",
      "bold": false,
      "italic": true,
      "underlined": false,
      "strikethrough": false,
      "obfuscated": false
    },
    "description": {
      "text": "The new Bastion is in End",
      "color": "purple"
    },
    "icon": {
      "item": "minecraft:purpur_block"
    },
    "frame": "task",
    "show_toast": true,
    "announce_to_chat": false,
    "hidden": false,
    "background": "minecraft:textures/block/purpur_block.png"
  },
  "criteria": {
    "END": {
      "trigger": "minecraft:tick"
    }
  },
  "requirements": [["END"]]
}
