{
  "display": {
    "title": {
      "text": "End Bastion!",
      "color": "purple"
    },
    "description": {
      "text": "Find a other end bastion"
    },
    "icon": {
      "item": "minecraft:purpur_block"
    },
    "frame": "task",
    "show_toast": true,
    "announce_to_chat": true,
    "hidden": false
  },
  "criteria": {
    "location0": {
      "trigger": "minecraft:location",
      "conditions": {
        "player": [
          {
            "condition": "minecraft:entity_properties",
            "entity": "this",
            "predicate": {
              "location": {
                "structure": "abuhussains_structure:other_bastion_end"
              }
            }
          }
        ]
      }
    }
  },
  "requirements": [["location0"]],
  "parent": "abuhussains_structure:end_root"
}
