{
	"credit": "Made with Blockbench",
	"parent": "block/block",
	"render_type": "cutout",
	"textures": {
		"1": "extrastorage:block/cable_part_border",
		"particle": "extrastorage:block/cable_part_border"
	},
	"elements": [
		{
			"name": "Line1",
			"from": [6, 6, 4],
			"to": [10, 10, 6],
			"faces": {
				"north": {"uv": [4, 5, 8, 9], "texture": "#1"},
				"east": {"uv": [7, 5, 9, 9], "texture": "#1"},
				"south": {"uv": [4, 5, 8, 9], "texture": "#1"},
				"west": {"uv": [3, 5, 5, 9], "texture": "#1"},
				"up": {"uv": [4, 4, 8, 6], "texture": "#1"},
				"down": {"uv": [4, 8, 8, 10], "texture": "#1"}
			}
		},
		{
			"name": "Line2",
			"from": [5, 5, 2],
			"to": [11, 11, 4],
			"faces": {
				"north": {"uv": [1, 2, 7, 8], "texture": "#1"},
				"east": {"uv": [8, 4, 10, 10], "texture": "#1"},
				"south": {"uv": [3, 4, 9, 10], "texture": "#1"},
				"west": {"uv": [2, 4, 4, 10], "texture": "#1"},
				"up": {"uv": [5, 2, 11, 4], "texture": "#1"},
				"down": {"uv": [5, 10, 11, 12], "texture": "#1"}
			}
		},
		{
			"name": "Line3",
			"from": [3, 3, 0],
			"to": [13, 13, 2],
			"faces": {
				"north": {"uv": [1, 2, 11, 12], "texture": "#1"},
				"east": {"uv": [0, 2, 2, 12], "rotation": 180, "texture": "#1"},
				"south": {"uv": [1, 2, 11, 12], "texture": "#1"},
				"west": {"uv": [0, 2, 2, 12], "texture": "#1"},
				"up": {"uv": [0, 0, 10, 2], "texture": "#1"},
				"down": {"uv": [0, 0, 10, 2], "rotation": 180, "texture": "#1"}
			}
		}
	]
}