{
  "conditions": [{
    "type": "apotheosis:module",
    "module": "village"
  }],
  "type": "apotheosis:basic_trade",
  "rare": true,
  "input_1": {
    "item": "minecraft:diamond_sword",
    "count": 1
  },
  "input_2": {
    "item": "minecraft:diamond_block",
    "count": 64
  },
  "output": {
    "item": "minecraft:diamond_sword",
    "count": 1,
    "nbt": {
        "Enchantments": [
            {
                "lvl": 8,
                "id": "minecraft:bane_of_arthropods"
            },
            {
                "lvl": 5,
                "id": "minecraft:looting"
            },
            {
                "lvl": 5,
                "id": "minecraft:unbreaking"
            },
            {
                "lvl": 5,
                "id": "minecraft:fire_aspect"
            }
        ],
        "display": {
            "Name": "{\"translate\":\"name.apotheosis.merch_spider_sword\", \"italic\": false, \"color\": \"#C11101\"}"
        },
        "Damage": 0
    }
  },
  "max_trades": 1,
  "xp": 500,
  "price_mult": 1.0
}