{
  "conditions": [{
    "type": "apotheosis:module",
    "module": "village"
  }],
  "type": "apotheosis:basic_trade",
  "rare": true,
  "input_1": {
    "item": "minecraft:diamond_block",
    "count": 64
  },
  "input_2": {
    "item": "minecraft:phantom_membrane",
    "count": 64
  },
  "output": {
    "item": "minecraft:diamond_sword",
    "count": 1,
        "nbt": {
        "Enchantments": [
            {
                "lvl": 8,
                "id": "minecraft:sharpness"
            },
            {
                "lvl": 3,
                "id": "minecraft:looting"
            },
            {
                "lvl": 5,
                "id": "minecraft:unbreaking"
            },
            {
                "lvl": 5,
                "id": "apotheosis:scavenger"
            }
        ],
        "display": {
            "Name": "{\"translate\":\"name.apotheosis.vigilance\", \"italic\": false, \"color\": \"#1ABBE0\"}"
        },
        "Damage": 0
    }
  },
  "max_trades": 1,
  "xp": 1000,
  "price_mult": 0.0
}