{
  "coinConfig": {
    "enableCoinDrops": false,
    "onlyHostileDrops": false,
    "conversionRate": 64,
    "disableCopperCoin": true,
    "disableIronCoin": true,
    "disableGoldCoin": false,
    "disablePlatinumCoin": true,
    "disableTinCoin": true,
    "disableNickelCoin": true,
    "disableSilverCoin": false,
    "disableSteelCoin": true,
    "disableBronzeCoin": false,
    "disableBrassCoin": true,
    "disableOsmiumCoin": true,
    "disableDiamondCoin": false,
    "disableEmeraldCoin": false,
    "disableRubyCoin": true,
    "disableSapphireCoin": true,
    "disableTopazCoin": true,
    "coinConversionOrder": [
      "bronze",
      "silver",
      "gold",
      "emerald",
      "diamond"
    ]
  },
  "loot": {
    "droprates": {
      "enableHealthDroprates": false,
      "minimumHealthDroprateMultiplier": 99999999,
      "copper": 0,
      "iron": 0,
      "gold": 0,
      "platinum": 0,
      "tin": 0,
      "nickel": 0,
      "silver": 0,
      "steel": 0,
      "bronze": 0,
      "brass": 0,
      "osmium": 0,
      "diamond": 0,
      "emerald": 0,
      "ruby": 0,
      "sapphire": 0,
      "topaz": 0,
      "dropboostHealth": [],
      "lootingBonusMax": 0,
      "shouldDropRandomExtra": false,
      "dropExtraLimit": 3
    },
    "dropCoinsOnPlayerDeath": false,
    "generateChestLoot": false,
    "chestLootLimit": 3,
    "lootFromSpawnerEntities": false,
    "serverAllowAutoPickup": true,
    "autoPickup": false
  },
  "entities": {
    "whitelistedDimensions": [],
    "includedEntities": [],
    "blacklistedEntities": []
  },
  "gui": {
    "walletEnabled": true,
    "walletGuiPos": "TOP",
    "walletGuiAxis": "RIGHT",
    "walletMaxSlotSize": 999,
    "clientShowWallet": true,
    "walletDisplay": [
      "autopickup",
      "coins",
      "tokens",
      "movebuttons"
    ]
  }
}