{
  "configVersion": 2,
  "enabledByDefault": true,
  "xOffset": -10,
  "sneakXOffset": 0,
  "sitXOffset": 0,
  "renderStuckFeatures": true,
  "vanillaHandsMode": "OFF",
  "dynamicMode": true,
  "vanillaHandsSkipSwimming": true,
  "autoVanillaHands": [
    "create:potato_cannon",
    "create:handheld_worldshaper",
    "twilightforest:filled_ore_map",
    "map_atlases:atlas",
    "twilightforest:filled_magic_map",
    "twilightforest:filled_maze_map",
    "antiqueatlas:antique_atlas",
    "create:extendo_grip"
  ],
  "autoToggleModItems": [
    "exposure:camera"
  ]
}