{
    "kubejs:tier_1_armor_power_up": [
        {
            "attribute": "minecraft:generic.armor",
            "operation": "ADDITION",
            "amount": 2
        }
    ],
    "kubejs:tier_2_armor_power_up": [
        {
            "attribute": "minecraft:generic.armor",
            "operation": "ADDITION",
            "amount": 4
        }
    ],
    "kubejs:tier_3_armor_power_up": [
        {
            "attribute": "minecraft:generic.armor",
            "operation": "ADDITION",
            "amount": 6
        }
    ],
    "kubejs:tier_4_armor_power_up": [
        {
            "attribute": "minecraft:generic.armor",
            "operation": "ADDITION",
            "amount": 8
        }
    ],
    "kubejs:tier_5_armor_power_up": [
        {
            "attribute": "minecraft:generic.armor",
            "operation": "ADDITION",
            "amount": 12
        }
    ],
    "kubejs:tier_6_armor_power_up": [
        {
            "attribute": "minecraft:generic.armor",
            "operation": "ADDITION",
            "amount": 18
        }
    ],
    "kubejs:tier_7_armor_power_up": [
        {
            "attribute": "minecraft:generic.armor",
            "operation": "ADDITION",
            "amount": 25
        }
    ],
    "kubejs:tier_8_armor_power_up": [
        {
            "attribute": "minecraft:generic.armor",
            "operation": "ADDITION",
            "amount": 32
        }
    ],
    "kubejs:tier_9_armor_power_up": [
        {
            "attribute": "minecraft:generic.armor",
            "operation": "ADDITION",
            "amount": 40
        }
    ],
    "kubejs:tier_10_armor_power_up": [
        {
            "attribute": "minecraft:generic.armor",
            "operation": "ADDITION",
            "amount": 75
        }
    ],
    "kubejs:tier_1_armor_toughness_power_up": [
        {
            "attribute": "minecraft:generic.armor_toughness",
            "operation": "ADDITION",
            "amount": 1.25
        }
    ],
    "kubejs:tier_2_armor_toughness_power_up": [
        {
            "attribute": "minecraft:generic.armor_toughness",
            "operation": "ADDITION",
            "amount": 1.5
        }
    ],
    "kubejs:tier_3_armor_toughness_power_up": [
        {
            "attribute": "minecraft:generic.armor_toughness",
            "operation": "ADDITION",
            "amount": 1.75
        }
    ],
    "kubejs:tier_4_armor_toughness_power_up": [
        {
            "attribute": "minecraft:generic.armor_toughness",
            "operation": "ADDITION",
            "amount": 2.0
        }
    ],
    "kubejs:tier_5_armor_toughness_power_up": [
        {
            "attribute": "minecraft:generic.armor_toughness",
            "operation": "ADDITION",
            "amount": 4.0
        }
    ],
    "kubejs:tier_6_armor_toughness_power_up": [
        {
            "attribute": "minecraft:generic.armor_toughness",
            "operation": "ADDITION",
            "amount": 5.0
        }
    ],
    "kubejs:tier_7_armor_toughness_power_up": [
        {
            "attribute": "minecraft:generic.armor_toughness",
            "operation": "ADDITION",
            "amount": 6.0
        }
    ],
    "kubejs:tier_8_armor_toughness_power_up": [
        {
            "attribute": "minecraft:generic.armor_toughness",
            "operation": "ADDITION",
            "amount": 7.0
        }
    ],
    "kubejs:tier_9_armor_toughness_power_up": [
        {
            "attribute": "minecraft:generic.armor_toughness",
            "operation": "ADDITION",
            "amount": 8.0
        }
    ],
    "kubejs:tier_10_armor_toughness_power_up": [
        {
            "attribute": "minecraft:generic.armor_toughness",
            "operation": "ADDITION",
            "amount": 10.0
        }
    ],
    "kubejs:tier_1_armor_pierce_power_up": [
        {
            "attribute": "attributeslib:armor_pierce",
            "operation": "ADDITION",
            "amount": 1.25
        }
    ],
    "kubejs:tier_2_armor_pierce_power_up": [
        {
            "attribute": "attributeslib:armor_pierce",
            "operation": "ADDITION",
            "amount": 1.5
        }
    ],
    "kubejs:tier_3_armor_pierce_power_up": [
        {
            "attribute": "attributeslib:armor_pierce",
            "operation": "ADDITION",
            "amount": 1.75
        }
    ],
    "kubejs:tier_4_armor_pierce_power_up": [
        {
            "attribute": "attributeslib:armor_pierce",
            "operation": "ADDITION",
            "amount": 2.0
        }
    ],
    "kubejs:tier_5_armor_pierce_power_up": [
        {
            "attribute": "attributeslib:armor_pierce",
            "operation": "ADDITION",
            "amount": 4.0
        }
    ],
    "kubejs:tier_6_armor_pierce_power_up": [
        {
            "attribute": "attributeslib:armor_pierce",
            "operation": "ADDITION",
            "amount": 5.0
        }
    ],
    "kubejs:tier_7_armor_pierce_power_up": [
        {
            "attribute": "attributeslib:armor_pierce",
            "operation": "ADDITION",
            "amount": 6.0
        }
    ],
    "kubejs:tier_8_armor_pierce_power_up": [
        {
            "attribute": "attributeslib:armor_pierce",
            "operation": "ADDITION",
            "amount": 7.0
        }
    ],
    "kubejs:tier_9_armor_pierce_power_up": [
        {
            "attribute": "attributeslib:armor_pierce",
            "operation": "ADDITION",
            "amount": 8.0
        }
    ],
    "kubejs:tier_10_armor_pierce_power_up": [
        {
            "attribute": "attributeslib:armor_pierce",
            "operation": "ADDITION",
            "amount": 10.0
        }
    ],
    "kubejs:tier_1_armor_shred_power_up": [
        {
            "attribute": "attributeslib:armor_shred",
            "operation": "ADDITION",
            "amount": 0.001
        }
    ],
    "kubejs:tier_2_armor_shred_power_up": [
        {
            "attribute": "attributeslib:armor_shred",
            "operation": "ADDITION",
            "amount": 0.002
        }
    ],
    "kubejs:tier_3_armor_shred_power_up": [
        {
            "attribute": "attributeslib:armor_shred",
            "operation": "ADDITION",
            "amount": 0.004
        }
    ],
    "kubejs:tier_4_armor_shred_power_up": [
        {
            "attribute": "attributeslib:armor_shred",
            "operation": "ADDITION",
            "amount": 0.008
        }
    ],
    "kubejs:tier_5_armor_shred_power_up": [
        {
            "attribute": "attributeslib:armor_shred",
            "operation": "ADDITION",
            "amount": 0.01
        }
    ],
    "kubejs:tier_6_armor_shred_power_up": [
        {
            "attribute": "attributeslib:armor_shred",
            "operation": "ADDITION",
            "amount": 0.012
        }
    ],
    "kubejs:tier_7_armor_shred_power_up": [
        {
            "attribute": "attributeslib:armor_shred",
            "operation": "ADDITION",
            "amount": 0.014
        }
    ],
    "kubejs:tier_8_armor_shred_power_up": [
        {
            "attribute": "attributeslib:armor_shred",
            "operation": "ADDITION",
            "amount": 0.016
        }
    ],
    "kubejs:tier_9_armor_shred_power_up": [
        {
            "attribute": "attributeslib:armor_shred",
            "operation": "ADDITION",
            "amount": 0.018
        }
    ],
    "kubejs:tier_10_armor_shred_power_up": [
        {
            "attribute": "attributeslib:armor_shred",
            "operation": "ADDITION",
            "amount": 0.02
        }
    ],
    "kubejs:tier_1_cooldown_reduction_power_up": [
        {
            "attribute": "irons_spellbooks:cooldown_reduction",
            "operation": "ADDITION",
            "amount": 0.0375
        }
    ],
    "kubejs:tier_2_cooldown_reduction_power_up": [
        {
            "attribute": "irons_spellbooks:cooldown_reduction",
            "operation": "ADDITION",
            "amount": 0.04
        }
    ],
    "kubejs:tier_3_cooldown_reduction_power_up": [
        {
            "attribute": "irons_spellbooks:cooldown_reduction",
            "operation": "ADDITION",
            "amount": 0.0425
        }
    ],
    "kubejs:tier_4_cooldown_reduction_power_up": [
        {
            "attribute": "irons_spellbooks:cooldown_reduction",
            "operation": "ADDITION",
            "amount": 0.045
        }
    ],
    "kubejs:tier_5_cooldown_reduction_power_up": [
        {
            "attribute": "irons_spellbooks:cooldown_reduction",
            "operation": "ADDITION",
            "amount": 0.05
        }
    ],
    "kubejs:tier_6_cooldown_reduction_power_up": [
        {
            "attribute": "irons_spellbooks:cooldown_reduction",
            "operation": "ADDITION",
            "amount": 0.06
        }
    ],
    "kubejs:tier_7_cooldown_reduction_power_up": [
        {
            "attribute": "irons_spellbooks:cooldown_reduction",
            "operation": "ADDITION",
            "amount": 0.07
        }
    ],
    "kubejs:tier_8_cooldown_reduction_power_up": [
        {
            "attribute": "irons_spellbooks:cooldown_reduction",
            "operation": "ADDITION",
            "amount": 0.08
        }
    ],
    "kubejs:tier_9_cooldown_reduction_power_up": [
        {
            "attribute": "irons_spellbooks:cooldown_reduction",
            "operation": "ADDITION",
            "amount": 0.09
        }
    ],
    "kubejs:tier_10_cooldown_reduction_power_up": [
        {
            "attribute": "irons_spellbooks:cooldown_reduction",
            "operation": "ADDITION",
            "amount": 0.125
        }
    ],
    "kubejs:tier_1_crit_chance_power_up": [
        {
            "attribute": "attributeslib:crit_chance",
            "operation": "ADDITION",
            "amount": 0.01
        }
    ],
    "kubejs:tier_2_crit_chance_power_up": [
        {
            "attribute": "attributeslib:crit_chance",
            "operation": "ADDITION",
            "amount": 0.0125
        }
    ],
    "kubejs:tier_3_crit_chance_power_up": [
        {
            "attribute": "attributeslib:crit_chance",
            "operation": "ADDITION",
            "amount": 0.015
        }
    ],
    "kubejs:tier_4_crit_chance_power_up": [
        {
            "attribute": "attributeslib:crit_chance",
            "operation": "ADDITION",
            "amount": 0.0175
        }
    ],
    "kubejs:tier_5_crit_chance_power_up": [
        {
            "attribute": "attributeslib:crit_chance",
            "operation": "ADDITION",
            "amount": 0.02
        }
    ],
    "kubejs:tier_6_crit_chance_power_up": [
        {
            "attribute": "attributeslib:crit_chance",
            "operation": "ADDITION",
            "amount": 0.025
        }
    ],
    "kubejs:tier_7_crit_chance_power_up": [
        {
            "attribute": "attributeslib:crit_chance",
            "operation": "ADDITION",
            "amount": 0.03
        }
    ],
    "kubejs:tier_8_crit_chance_power_up": [
        {
            "attribute": "attributeslib:crit_chance",
            "operation": "ADDITION",
            "amount": 0.035
        }
    ],
    "kubejs:tier_9_crit_chance_power_up": [
        {
            "attribute": "attributeslib:crit_chance",
            "operation": "ADDITION",
            "amount": 0.04
        }
    ],
    "kubejs:tier_10_crit_chance_power_up": [
        {
            "attribute": "attributeslib:crit_chance",
            "operation": "ADDITION",
            "amount": 0.05
        }
    ],
    "kubejs:tier_1_crit_damage_power_up": [
        {
            "attribute": "attributeslib:crit_damage",
            "operation": "ADDITION",
            "amount": 0.01
        }
    ],
    "kubejs:tier_2_crit_damage_power_up": [
        {
            "attribute": "attributeslib:crit_damage",
            "operation": "ADDITION",
            "amount": 0.0125
        }
    ],
    "kubejs:tier_3_crit_damage_power_up": [
        {
            "attribute": "attributeslib:crit_damage",
            "operation": "ADDITION",
            "amount": 0.015
        }
    ],
    "kubejs:tier_4_crit_damage_power_up": [
        {
            "attribute": "attributeslib:crit_damage",
            "operation": "ADDITION",
            "amount": 0.0175
        }
    ],
    "kubejs:tier_5_crit_damage_power_up": [
        {
            "attribute": "attributeslib:crit_damage",
            "operation": "ADDITION",
            "amount": 0.02
        }
    ],
    "kubejs:tier_6_crit_damage_power_up": [
        {
            "attribute": "attributeslib:crit_damage",
            "operation": "ADDITION",
            "amount": 0.025
        }
    ],
    "kubejs:tier_7_crit_damage_power_up": [
        {
            "attribute": "attributeslib:crit_damage",
            "operation": "ADDITION",
            "amount": 0.03
        }
    ],
    "kubejs:tier_8_crit_damage_power_up": [
        {
            "attribute": "attributeslib:crit_damage",
            "operation": "ADDITION",
            "amount": 0.035
        }
    ],
    "kubejs:tier_9_crit_damage_power_up": [
        {
            "attribute": "attributeslib:crit_damage",
            "operation": "ADDITION",
            "amount": 0.04
        }
    ],
    "kubejs:tier_10_crit_damage_power_up": [
        {
            "attribute": "attributeslib:crit_damage",
            "operation": "ADDITION",
            "amount": 0.05
        }
    ],
    "kubejs:tier_1_health_boost_power_up": [
        {
            "attribute": "minecraft:generic.max_health",
            "operation": "ADDITION",
            "amount": 4
        }
    ],
    "kubejs:tier_2_health_boost_power_up": [
        {
            "attribute": "minecraft:generic.max_health",
            "operation": "ADDITION",
            "amount": 8
        }
    ],
    "kubejs:tier_3_health_boost_power_up": [
        {
            "attribute": "minecraft:generic.max_health",
            "operation": "ADDITION",
            "amount": 12
        }
    ],
    "kubejs:tier_4_health_boost_power_up": [
        {
            "attribute": "minecraft:generic.max_health",
            "operation": "ADDITION",
            "amount": 16
        }
    ],
    "kubejs:tier_5_health_boost_power_up": [
        {
            "attribute": "minecraft:generic.max_health",
            "operation": "ADDITION",
            "amount": 32
        }
    ],
    "kubejs:tier_6_health_boost_power_up": [
        {
            "attribute": "minecraft:generic.max_health",
            "operation": "ADDITION",
            "amount": 48
        }
    ],
    "kubejs:tier_7_health_boost_power_up": [
        {
            "attribute": "minecraft:generic.max_health",
            "operation": "ADDITION",
            "amount": 60
        }
    ],
    "kubejs:tier_8_health_boost_power_up": [
        {
            "attribute": "minecraft:generic.max_health",
            "operation": "ADDITION",
            "amount": 80
        }
    ],
    "kubejs:tier_9_health_boost_power_up": [
        {
            "attribute": "minecraft:generic.max_health",
            "operation": "ADDITION",
            "amount": 100
        }
    ],
    "kubejs:tier_10_health_boost_power_up": [
        {
            "attribute": "minecraft:generic.max_health",
            "operation": "ADDITION",
            "amount": 120
        }
    ],
    "kubejs:tier_1_knockback_resistance_power_up": [
        {
            "attribute": "minecraft:generic.knockback_resistance",
            "operation": "ADDITION",
            "amount": 0.01
        }
    ],
    "kubejs:tier_2_knockback_resistance_power_up": [
        {
            "attribute": "minecraft:generic.knockback_resistance",
            "operation": "ADDITION",
            "amount": 0.0125
        }
    ],
    "kubejs:tier_3_knockback_resistance_power_up": [
        {
            "attribute": "minecraft:generic.knockback_resistance",
            "operation": "ADDITION",
            "amount": 0.015
        }
    ],
    "kubejs:tier_4_knockback_resistance_power_up": [
        {
            "attribute": "minecraft:generic.knockback_resistance",
            "operation": "ADDITION",
            "amount": 0.0175
        }
    ],
    "kubejs:tier_5_knockback_resistance_power_up": [
        {
            "attribute": "minecraft:generic.knockback_resistance",
            "operation": "ADDITION",
            "amount": 0.02
        }
    ],
    "kubejs:tier_6_knockback_resistance_power_up": [
        {
            "attribute": "minecraft:generic.knockback_resistance",
            "operation": "ADDITION",
            "amount": 0.025
        }
    ],
    "kubejs:tier_7_knockback_resistance_power_up": [
        {
            "attribute": "minecraft:generic.knockback_resistance",
            "operation": "ADDITION",
            "amount": 0.03
        }
    ],
    "kubejs:tier_8_knockback_resistance_power_up": [
        {
            "attribute": "minecraft:generic.knockback_resistance",
            "operation": "ADDITION",
            "amount": 0.035
        }
    ],
    "kubejs:tier_9_knockback_resistance_power_up": [
        {
            "attribute": "minecraft:generic.knockback_resistance",
            "operation": "ADDITION",
            "amount": 0.04
        }
    ],
    "kubejs:tier_10_knockback_resistance_power_up": [
        {
            "attribute": "minecraft:generic.knockback_resistance",
            "operation": "ADDITION",
            "amount": 0.05
        }
    ],
    "kubejs:tier_1_lung_capacity_power_up": [
        {
            "attribute": "additionalentityattributes:lung_capacity",
            "operation": "ADDITION",
            "amount": 20
        }
    ],
    "kubejs:tier_2_lung_capacity_power_up": [
        {
            "attribute": "additionalentityattributes:lung_capacity",
            "operation": "ADDITION",
            "amount": 40
        }
    ],
    "kubejs:tier_3_lung_capacity_power_up": [
        {
            "attribute": "additionalentityattributes:lung_capacity",
            "operation": "ADDITION",
            "amount": 60
        }
    ],
    "kubejs:tier_4_lung_capacity_power_up": [
        {
            "attribute": "additionalentityattributes:lung_capacity",
            "operation": "ADDITION",
            "amount": 80
        }
    ],
    "kubejs:tier_5_lung_capacity_power_up": [
        {
            "attribute": "additionalentityattributes:lung_capacity",
            "operation": "ADDITION",
            "amount": 100
        }
    ],
    "kubejs:tier_6_lung_capacity_power_up": [
        {
            "attribute": "additionalentityattributes:lung_capacity",
            "operation": "ADDITION",
            "amount": 120
        }
    ],
    "kubejs:tier_7_lung_capacity_power_up": [
        {
            "attribute": "additionalentityattributes:lung_capacity",
            "operation": "ADDITION",
            "amount": 140
        }
    ],
    "kubejs:tier_8_lung_capacity_power_up": [
        {
            "attribute": "additionalentityattributes:lung_capacity",
            "operation": "ADDITION",
            "amount": 160
        }
    ],
    "kubejs:tier_9_lung_capacity_power_up": [
        {
            "attribute": "additionalentityattributes:lung_capacity",
            "operation": "ADDITION",
            "amount": 180
        }
    ],
    "kubejs:tier_10_lung_capacity_power_up": [
        {
            "attribute": "additionalentityattributes:lung_capacity",
            "operation": "ADDITION",
            "amount": 240
        }
    ],
    "kubejs:tier_1_mana_boost_power_up": [
        {
            "attribute": "irons_spellbooks:max_mana",
            "operation": "ADDITION",
            "amount": 20
        }
    ],
    "kubejs:tier_2_mana_boost_power_up": [
        {
            "attribute": "irons_spellbooks:max_mana",
            "operation": "ADDITION",
            "amount": 25
        }
    ],
    "kubejs:tier_3_mana_boost_power_up": [
        {
            "attribute": "irons_spellbooks:max_mana",
            "operation": "ADDITION",
            "amount": 30
        }
    ],
    "kubejs:tier_4_mana_boost_power_up": [
        {
            "attribute": "irons_spellbooks:max_mana",
            "operation": "ADDITION",
            "amount": 35
        }
    ],
    "kubejs:tier_5_mana_boost_power_up": [
        {
            "attribute": "irons_spellbooks:max_mana",
            "operation": "ADDITION",
            "amount": 40
        }
    ],
    "kubejs:tier_6_mana_boost_power_up": [
        {
            "attribute": "irons_spellbooks:max_mana",
            "operation": "ADDITION",
            "amount": 45
        }
    ],
    "kubejs:tier_7_mana_boost_power_up": [
        {
            "attribute": "irons_spellbooks:max_mana",
            "operation": "ADDITION",
            "amount": 50
        }
    ],
    "kubejs:tier_8_mana_boost_power_up": [
        {
            "attribute": "irons_spellbooks:max_mana",
            "operation": "ADDITION",
            "amount": 65
        }
    ],
    "kubejs:tier_9_mana_boost_power_up": [
        {
            "attribute": "irons_spellbooks:max_mana",
            "operation": "ADDITION",
            "amount": 80
        }
    ],
    "kubejs:tier_10_mana_boost_power_up": [
        {
            "attribute": "irons_spellbooks:max_mana",
            "operation": "ADDITION",
            "amount": 100
        }
    ],
    "kubejs:tier_1_mana_regen_power_up": [
        {
            "attribute": "irons_spellbooks:mana_regen",
            "operation": "ADDITION",
            "amount": 0.05
        }
    ],
    "kubejs:tier_2_mana_regen_power_up": [
        {
            "attribute": "irons_spellbooks:mana_regen",
            "operation": "ADDITION",
            "amount": 0.08
        }
    ],
    "kubejs:tier_3_mana_regen_power_up": [
        {
            "attribute": "irons_spellbooks:mana_regen",
            "operation": "ADDITION",
            "amount": 0.1
        }
    ],
    "kubejs:tier_4_mana_regen_power_up": [
        {
            "attribute": "irons_spellbooks:mana_regen",
            "operation": "ADDITION",
            "amount": 0.12
        }
    ],
    "kubejs:tier_5_mana_regen_power_up": [
        {
            "attribute": "irons_spellbooks:mana_regen",
            "operation": "ADDITION",
            "amount": 0.15
        }
    ],
    "kubejs:tier_6_mana_regen_power_up": [
        {
            "attribute": "irons_spellbooks:mana_regen",
            "operation": "ADDITION",
            "amount": 0.18
        }
    ],
    "kubejs:tier_7_mana_regen_power_up": [
        {
            "attribute": "irons_spellbooks:mana_regen",
            "operation": "ADDITION",
            "amount": 0.22
        }
    ],
    "kubejs:tier_8_mana_regen_power_up": [
        {
            "attribute": "irons_spellbooks:mana_regen",
            "operation": "ADDITION",
            "amount": 0.25
        }
    ],
    "kubejs:tier_9_mana_regen_power_up": [
        {
            "attribute": "irons_spellbooks:mana_regen",
            "operation": "ADDITION",
            "amount": 0.3
        }
    ],
    "kubejs:tier_10_mana_regen_power_up": [
        {
            "attribute": "irons_spellbooks:mana_regen",
            "operation": "ADDITION",
            "amount": 0.35
        }
    ],
    "kubejs:tier_1_movement_speed_power_up": [
        {
            "attribute": "minecraft:generic.movement_speed",
            "operation": "ADDITION",
            "amount": 0.01
        }
    ],
    "kubejs:tier_2_movement_speed_power_up": [
        {
            "attribute": "minecraft:generic.movement_speed",
            "operation": "ADDITION",
            "amount": 0.0125
        }
    ],
    "kubejs:tier_3_movement_speed_power_up": [
        {
            "attribute": "minecraft:generic.movement_speed",
            "operation": "ADDITION",
            "amount": 0.015
        }
    ],
    "kubejs:tier_4_movement_speed_power_up": [
        {
            "attribute": "minecraft:generic.movement_speed",
            "operation": "ADDITION",
            "amount": 0.0175
        }
    ],
    "kubejs:tier_5_movement_speed_power_up": [
        {
            "attribute": "minecraft:generic.movement_speed",
            "operation": "ADDITION",
            "amount": 0.02
        }
    ],
    "kubejs:tier_6_movement_speed_power_up": [
        {
            "attribute": "minecraft:generic.movement_speed",
            "operation": "ADDITION",
            "amount": 0.025
        }
    ],
    "kubejs:tier_7_movement_speed_power_up": [
        {
            "attribute": "minecraft:generic.movement_speed",
            "operation": "ADDITION",
            "amount": 0.03
        }
    ],
    "kubejs:tier_8_movement_speed_power_up": [
        {
            "attribute": "minecraft:generic.movement_speed",
            "operation": "ADDITION",
            "amount": 0.035
        }
    ],
    "kubejs:tier_9_movement_speed_power_up": [
        {
            "attribute": "minecraft:generic.movement_speed",
            "operation": "ADDITION",
            "amount": 0.04
        }
    ],
    "kubejs:tier_10_movement_speed_power_up": [
        {
            "attribute": "minecraft:generic.movement_speed",
            "operation": "ADDITION",
            "amount": 0.05
        }
    ],
    "kubejs:tier_1_spell_power_power_up": [
        {
            "attribute": "irons_spellbooks:spell_power",
            "operation": "ADDITION",
            "amount": 0.1
        }
    ],
    "kubejs:tier_2_spell_power_power_up": [
        {
            "attribute": "irons_spellbooks:spell_power",
            "operation": "ADDITION",
            "amount": 0.11
        }
    ],
    "kubejs:tier_3_spell_power_power_up": [
        {
            "attribute": "irons_spellbooks:spell_power",
            "operation": "ADDITION",
            "amount": 0.12
        }
    ],
    "kubejs:tier_4_spell_power_power_up": [
        {
            "attribute": "irons_spellbooks:spell_power",
            "operation": "ADDITION",
            "amount": 0.13
        }
    ],
    "kubejs:tier_5_spell_power_power_up": [
        {
            "attribute": "irons_spellbooks:spell_power",
            "operation": "ADDITION",
            "amount": 0.14
        }
    ],
    "kubejs:tier_6_spell_power_power_up": [
        {
            "attribute": "irons_spellbooks:spell_power",
            "operation": "ADDITION",
            "amount": 0.15
        }
    ],
    "kubejs:tier_7_spell_power_power_up": [
        {
            "attribute": "irons_spellbooks:spell_power",
            "operation": "ADDITION",
            "amount": 0.16
        }
    ],
    "kubejs:tier_8_spell_power_power_up": [
        {
            "attribute": "irons_spellbooks:spell_power",
            "operation": "ADDITION",
            "amount": 0.17
        }
    ],
    "kubejs:tier_9_spell_power_power_up": [
        {
            "attribute": "irons_spellbooks:spell_power",
            "operation": "ADDITION",
            "amount": 0.18
        }
    ],
    "kubejs:tier_10_spell_power_power_up": [
        {
            "attribute": "irons_spellbooks:spell_power",
            "operation": "ADDITION",
            "amount": 0.2
        }
    ],
    "kubejs:tier_1_stamina_power_up": [
        {
            "attribute": "puffish_attributes:player.stamina",
            "operation": "ADDITION",
            "amount": 0.1
        }
    ],
    "kubejs:tier_2_stamina_power_up": [
        {
            "attribute": "puffish_attributes:player.stamina",
            "operation": "ADDITION",
            "amount": 0.2
        }
    ],
    "kubejs:tier_3_stamina_power_up": [
        {
            "attribute": "puffish_attributes:player.stamina",
            "operation": "ADDITION",
            "amount": 0.4
        }
    ],
    "kubejs:tier_4_stamina_power_up": [
        {
            "attribute": "puffish_attributes:player.stamina",
            "operation": "ADDITION",
            "amount": 0.8
        }
    ],
    "kubejs:tier_5_stamina_power_up": [
        {
            "attribute": "puffish_attributes:player.stamina",
            "operation": "ADDITION",
            "amount": 1
        }
    ],
    "kubejs:tier_6_stamina_power_up": [
        {
            "attribute": "puffish_attributes:player.stamina",
            "operation": "ADDITION",
            "amount": 1.2
        }
    ],
    "kubejs:tier_7_stamina_power_up": [
        {
            "attribute": "puffish_attributes:player.stamina",
            "operation": "ADDITION",
            "amount": 1.4
        }
    ],
    "kubejs:tier_8_stamina_power_up": [
        {
            "attribute": "puffish_attributes:player.stamina",
            "operation": "ADDITION",
            "amount": 1.6
        }
    ],
    "kubejs:tier_9_stamina_power_up": [
        {
            "attribute": "puffish_attributes:player.stamina",
            "operation": "ADDITION",
            "amount": 1.5
        }
    ],
    "kubejs:tier_10_stamina_power_up": [
        {
            "attribute": "puffish_attributes:player.stamina",
            "operation": "ADDITION",
            "amount": 2.0
        }
    ],
    "kubejs:tier_1_swim_speed_power_up": [
        {
            "attribute": "additionalentityattributes:water_speed",
            "operation": "ADDITION",
            "amount": 0.01
        }
    ],
    "kubejs:tier_2_swim_speed_power_up": [
        {
            "attribute": "additionalentityattributes:water_speed",
            "operation": "ADDITION",
            "amount": 0.02
        }
    ],
    "kubejs:tier_3_swim_speed_power_up": [
        {
            "attribute": "additionalentityattributes:water_speed",
            "operation": "ADDITION",
            "amount": 0.04
        }
    ],
    "kubejs:tier_4_swim_speed_power_up": [
        {
            "attribute": "additionalentityattributes:water_speed",
            "operation": "ADDITION",
            "amount": 0.08
        }
    ],
    "kubejs:tier_5_swim_speed_power_up": [
        {
            "attribute": "additionalentityattributes:water_speed",
            "operation": "ADDITION",
            "amount": 0.1
        }
    ],
    "kubejs:tier_6_swim_speed_power_up": [
        {
            "attribute": "additionalentityattributes:water_speed",
            "operation": "ADDITION",
            "amount": 0.12
        }
    ],
    "kubejs:tier_7_swim_speed_power_up": [
        {
            "attribute": "additionalentityattributes:water_speed",
            "operation": "ADDITION",
            "amount": 0.14
        }
    ],
    "kubejs:tier_8_swim_speed_power_up": [
        {
            "attribute": "additionalentityattributes:water_speed",
            "operation": "ADDITION",
            "amount": 0.16
        }
    ],
    "kubejs:tier_9_swim_speed_power_up": [
        {
            "attribute": "additionalentityattributes:water_speed",
            "operation": "ADDITION",
            "amount": 0.18
        }
    ],
    "kubejs:tier_10_swim_speed_power_up": [
        {
            "attribute": "additionalentityattributes:water_speed",
            "operation": "ADDITION",
            "amount": 0.2
        }
    ]
}