{
  "is_mod_enable": true,
  "is_third_person_mode": false,
  "lock_camera_pitch_angle": false,
  "player_rotate_with_camera_when_not_aiming": false,
  "rotate_to_moving_direction": true,
  "auto_rotate_interacting": true,
  "do_not_rotate_when_eating": true,
  "rotate_interacting_type": true,
  "auto_turn_body_drawing_a_bow": false,
  "available_distance_count": 16,
  "camera_distance_min": 0.5,
  "camera_distance_max": 8.0,
  "config_screen_api": "YACL",
  "center_offset_when_flying": true,
  "use_camera_pick_in_creative": true,
  "camera_ray_trace_length": 256.0,
  "enable_target_entity_predict": true,
  "player_fade_out_enabled": true,
  "render_crosshair_when_not_aiming": true,
  "render_crosshair_when_aiming": true,
  "flying_smooth_halflife": 0.2,
  "t2f_transition_halflife": 0.1,
  "adjusting_camera_offset_smooth_halflife": 0.04,
  "adjusting_distance_smooth_halflife": 0.08,
  "normal_smooth_halflife_horizon": 0.25,
  "normal_smooth_halflife_vertical": 0.2,
  "normal_camera_offset_smooth_halflife": 0.08,
  "normal_distance_smooth_halflife": 0.72,
  "aiming_smooth_halflife_horizon": 0.05,
  "aiming_smooth_halflife_vertical": 0.05,
  "aiming_camera_offset_smooth_halflife": 0.03,
  "aiming_distance_smooth_halflife": 0.04,
  "normal_is_centered": false,
  "normal_max_distance": 2.5,
  "normal_offset_x": -0.28,
  "normal_offset_y": 0.31,
  "normal_offset_center": 0.24,
  "aiming_is_centered": false,
  "aiming_max_distance": 0.89,
  "aiming_offset_x": -0.47,
  "aiming_offset_y": -0.09,
  "aiming_offset_center": 0.48,
  "determine_aim_mode_by_animation": true,
  "hold_to_aim_item_pattern_expressions": [],
  "use_to_aim_item_pattern_expressions": [],
  "use_to_first_person_pattern_expressions": []
}