{
	"hudDuration": 1,
	"hudIcon": true,
	"hudPortraits": true,
	"hudGlide": 0.5,
	"hudPosition": "LEFT",
	"hudOffsetY": 100,
	"hudGradient": true,
	"hudStartColour": 49408,
	"hudEndColour": 16711680,
	"replaceLabels": false,
	"worldGlide": 0.5,
	"worldHealthText": true,
	"worldTextShadows": true,
	"maxRenderDistance": 32.0,
	"barScale": 1.5,
	"worldOffsetY": 0.0,
	"worldGradient": false,
	"worldStartColour": 49408,
	"worldEndColour": 16711680,
	"bossHealth": "ALWAYS_HIDE",
	"bossTarget": false,
	"hostileHealth": "ALWAYS_SHOW",
	"hostileTarget": true,
	"playerHealth": "HIDE_IF_FULL",
	"playerTarget": true,
	"otherHealth": "HIDE_IF_FULL",
	"otherTarget": true,
	"bossHUD": "FULL",
	"hostileHUD": "FULL",
	"playerHUD": "FULL",
	"otherHUD": "FULL",
	"damageParticles": true,
	"healingParticles": false,
	"damageColour": 16711680,
	"damageAlpha": 0.5,
	"healingColour": 65280,
	"healingAlpha": 0.5,
	"particleScale": 0.1,
	"particleTextShadow": true,
	"damageParticleTextColour": 16777215,
	"healingParticleTextColour": 16777215,
	"particleType": "RISING",
	"maxParticleDistance": 16.0,
	"topLayerTextType": "STANDARD",
	"compatWorldBar": false,
	"compatHudPaperdoll": "STANDARD",
	"healthBlacklist": [
		"minecraft:armor_stand"
	],
	"hudBlacklist": [
		"minecraft:armor_stand"
	]
}