{
  "type": "add",
  "argument1": {
    "type": "minecraft:mul",
    "argument1": 0.25,
    "argument2": {
      "type": "minecraft:add",
      "argument1": {
        "type": "minecraft:add",
        "argument1": "continents:centroid/ring1_sync",
        "argument2": "continents:centroid/ring2_sync"
      },
      "argument2": {
        "type": "minecraft:add",
        "argument1": "continents:centroid/ring3_sync",
        "argument2": "continents:centroid/ring4_sync"
      }
    }
  },
  "argument2": {
    "type": "mul",
    "argument1": 0.06,
    "argument2": {
      "argument": {
        "xz_scale": 1,
        "y_scale": 0,
        "noise": "continents:island_noise",
        "type": "minecraft:noise"
      },
      "type": "minecraft:flat_cache"
    }
  }
}
