{
	"experience_per_level": {
		"type": "expression",
		"data": {
			"expression": "(level ^ 1.4) * 0.205 + level * 0.25"
		}
	},
	"sources": [
		{
			"type": "puffish_skills:increase_stat",
			"data": {
				"variables": {
					"is_projectile_damage": {
						"operations": [
							{
								"type": "get_stat"
							},
							{
								"type": "puffish_skills:test",
								"data": {
									"stat": "minecraft.custom:minecraft.one_shot_kill"
								}
							}
						]
					},
					"amount": {
						"operations": [
							{
								"type": "get_increase_amount"
							}
						]
					}
				},
				"experience": [
					{
						"condition": "is_projectile_damage",
						"expression": "amount"
					}
				]
			}
		}
	]
}
