{
	"root+1": {
		"title": { "text" : "§aGain fishing luck" },
		"description": {"text": "§l§aSOURCE: §rCatch fish"},
		"size" : 3,
		"frame": {
			"type": "advancement",
			"data": {
				"frame": "challenge"
			}
		},
		"icon": {
			"type": "item",
			"data": {
				"item": "fishing_rod"
			}
		},
		"rewards": [	
			{
				"type": "puffish_skills:attribute",
				"data": {
					"attribute": "zoompack_overrides_forge:fisherman_luck",
					"value": 0.01,
					"operation": "addition"
				}
			}
		]
	},
	"fisherman_luck+0.1": {
		"title": "§a+0.1 Fishing Luck",
		"frame": {
			"type": "advancement",
			"data": {
				"frame": "task"
			}
		},
		"icon": {
			"type": "item",
			"data": {
				"item": "minecraft:fishing_rod"
			}
		},
		"rewards": [
			{
				"type": "puffish_skills:attribute",
				"data": {
					"attribute": "zoompack_overrides_forge:fisherman_luck",
					"value": 0.1,
					"operation": "addition"
				}
			}
		]
	},
	"fisherman_luck+0.3": {
		"title": "§a+0.3 Fishing Luck",
		"frame": {
			"type": "advancement",
			"data": {
				"frame": "goal"
			}
		},
		"icon": {
			"type": "item",
			"data": {
				"item": "aquaculture:iron_fishing_rod"
			}
		},
		"rewards": [
			{
				"type": "puffish_skills:attribute",
				"data": {
					"attribute": "zoompack_overrides_forge:fisherman_luck",
					"value": 0.3,
					"operation": "addition"
				}
			}
		]
	},
	"lure_speed+1": {
		"title": "§a+1 Lure Speed",
		"frame": {
			"type": "advancement",
			"data": {
				"frame": "challenge"
			}
		},
		"icon": {
			"type": "item",
			"data": {
				"item": "aquaculture:neptunium_fishing_rod"
			}
		},
		"rewards": [
			{
				"type": "puffish_skills:attribute",
				"data": {
					"attribute": "zoompack_overrides_forge:lure_speed",
					"value": 0.05,
					"operation": "addition"
				}
			}
		]
	}
}