{
	"experience_per_level": {
		"type": "expression",
		"data": {
			"expression": "level ^ 1.432 + 20"
		}
	},
	"sources": [
		{
			"type": "puffish_skills:increase_stat",
			"data": {
				"conditions": {
					"is_caught": {
						"type": "stat",
						"data": {
							"stat": "minecraft.custom:minecraft.fish_caught"
						}
					}
				},
				"parameters": {
					"amount": {
						"type": "amount"
					}
				},
				"experience": [
					{
						"condition": "is_caught",
						"expression": "amount"
					}
				]
			}
		}
	]
}