{
    "format_version": "1.12.0",
    "minecraft:geometry": [
        {
            "description": {
                "identifier": "geometry.unknown",
                "texture_width": 64,
                "texture_height": 64,
                "visible_bounds_width": 3,
                "visible_bounds_height": 3.5,
                "visible_bounds_offset": [
                    0,
                    1.25,
                    0
                ]
            },
            "bones": [
                {
                    "name": "bipedBody",
                    "pivot": [
                        0,
                        24,
                        0
                    ]
                },
                {
                    "name": "quiver",
                    "parent": "bipedBody",
                    "pivot": [
                        0.84339,
                        16.5373,
                        -3
                    ],
                    "rotation": [
                        0,
                        0,
                        -32.5
                    ],
                    "cubes": [
                        {
                            "origin": [
                                -0.65661,
                                16.5373,
                                -4.5
                            ],
                            "size": [
                                3,
                                6,
                                3
                            ],
                            "uv": {
                                "north": {
                                    "uv": [
                                        13,
                                        24
                                    ],
                                    "uv_size": [
                                        -13,
                                        25
                                    ]
                                },
                                "east": {
                                    "uv": [
                                        0,
                                        24
                                    ],
                                    "uv_size": [
                                        13,
                                        25
                                    ]
                                },
                                "south": {
                                    "uv": [
                                        13,
                                        24
                                    ],
                                    "uv_size": [
                                        -13,
                                        25
                                    ]
                                },
                                "west": {
                                    "uv": [
                                        0,
                                        24
                                    ],
                                    "uv_size": [
                                        13,
                                        25
                                    ]
                                },
                                "up": {
                                    "uv": [
                                        26,
                                        24
                                    ],
                                    "uv_size": [
                                        -13,
                                        12.5
                                    ]
                                },
                                "down": {
                                    "uv": [
                                        13,
                                        24
                                    ],
                                    "uv_size": [
                                        -13,
                                        12.5
                                    ]
                                }
                            }
                        },
                        {
                            "origin": [
                                -0.28161,
                                15.0373,
                                -4.125
                            ],
                            "size": [
                                2.25,
                                1.5,
                                2.25
                            ],
                            "uv": {
                                "north": {
                                    "uv": [
                                        9.75,
                                        48.625
                                    ],
                                    "uv_size": [
                                        -9.75,
                                        6.25
                                    ]
                                },
                                "east": {
                                    "uv": [
                                        0,
                                        48.625
                                    ],
                                    "uv_size": [
                                        9.75,
                                        6.25
                                    ]
                                },
                                "south": {
                                    "uv": [
                                        9.75,
                                        48.625
                                    ],
                                    "uv_size": [
                                        -9.75,
                                        6.25
                                    ]
                                },
                                "west": {
                                    "uv": [
                                        0,
                                        48.625
                                    ],
                                    "uv_size": [
                                        9.75,
                                        6.25
                                    ]
                                },
                                "up": {
                                    "uv": [
                                        9.75,
                                        48.625
                                    ],
                                    "uv_size": [
                                        -9.75,
                                        9.375
                                    ]
                                },
                                "down": {
                                    "uv": [
                                        9.75,
                                        48.625
                                    ],
                                    "uv_size": [
                                        -9.75,
                                        9.375
                                    ]
                                }
                            }
                        },
                        {
                            "origin": [
                                0.09339,
                                13.5373,
                                -3.75
                            ],
                            "size": [
                                1.5,
                                1.5,
                                1.5
                            ],
                            "uv": {
                                "north": {
                                    "uv": [
                                        6.5,
                                        57.75
                                    ],
                                    "uv_size": [
                                        -6.5,
                                        6.25
                                    ]
                                },
                                "east": {
                                    "uv": [
                                        0,
                                        57.75
                                    ],
                                    "uv_size": [
                                        6.5,
                                        6.25
                                    ]
                                },
                                "south": {
                                    "uv": [
                                        6.5,
                                        57.75
                                    ],
                                    "uv_size": [
                                        -6.5,
                                        6.25
                                    ]
                                },
                                "west": {
                                    "uv": [
                                        0,
                                        57.75
                                    ],
                                    "uv_size": [
                                        6.5,
                                        6.25
                                    ]
                                },
                                "up": {
                                    "uv": [
                                        6.5,
                                        57.75
                                    ],
                                    "uv_size": [
                                        -6.5,
                                        6.25
                                    ]
                                },
                                "down": {
                                    "uv": [
                                        6.5,
                                        57.75
                                    ],
                                    "uv_size": [
                                        -6.5,
                                        6.25
                                    ]
                                }
                            }
                        }
                    ]
                },
                {
                    "name": "arrow",
                    "parent": "quiver",
                    "pivot": [
                        0.31839,
                        23.4123,
                        -3.525
                    ],
                    "cubes": [
                        {
                            "origin": [
                                -0.73161,
                                22.9123,
                                -3.6
                            ],
                            "size": [
                                0.9,
                                1.5,
                                0.15
                            ],
                            "uv": {
                                "north": {
                                    "uv": [
                                        64,
                                        11
                                    ],
                                    "uv_size": [
                                        -6.1,
                                        5
                                    ]
                                },
                                "east": {
                                    "uv": [
                                        63.91667,
                                        16
                                    ],
                                    "uv_size": [
                                        -1.01667,
                                        5
                                    ]
                                },
                                "south": {
                                    "uv": [
                                        58.9,
                                        11
                                    ],
                                    "uv_size": [
                                        4.1,
                                        5
                                    ]
                                },
                                "west": {
                                    "uv": [
                                        58.91667,
                                        16
                                    ],
                                    "uv_size": [
                                        -1.01667,
                                        5
                                    ]
                                },
                                "up": {
                                    "uv": [
                                        64,
                                        10
                                    ],
                                    "uv_size": [
                                        -6.1,
                                        0.5
                                    ]
                                },
                                "down": {
                                    "uv": [
                                        64,
                                        10
                                    ],
                                    "uv_size": [
                                        -6.1,
                                        0.5
                                    ]
                                }
                            }
                        },
                        {
                            "origin": [
                                0.46839,
                                22.9123,
                                -3.6
                            ],
                            "size": [
                                0.9,
                                1.5,
                                0.15
                            ],
                            "uv": {
                                "north": {
                                    "uv": [
                                        58.9,
                                        11
                                    ],
                                    "uv_size": [
                                        4.1,
                                        5
                                    ]
                                },
                                "east": {
                                    "uv": [
                                        58.91667,
                                        16
                                    ],
                                    "uv_size": [
                                        -1.01667,
                                        5
                                    ]
                                },
                                "south": {
                                    "uv": [
                                        64,
                                        11
                                    ],
                                    "uv_size": [
                                        -6.1,
                                        5
                                    ]
                                },
                                "west": {
                                    "uv": [
                                        63.91667,
                                        16
                                    ],
                                    "uv_size": [
                                        -1.01667,
                                        5
                                    ]
                                },
                                "up": {
                                    "uv": [
                                        64,
                                        10
                                    ],
                                    "uv_size": [
                                        -6.1,
                                        0.5
                                    ]
                                },
                                "down": {
                                    "uv": [
                                        64,
                                        10
                                    ],
                                    "uv_size": [
                                        -6.1,
                                        0.5
                                    ]
                                }
                            }
                        },
                        {
                            "origin": [
                                0.16839,
                                21.4123,
                                -3.675
                            ],
                            "size": [
                                0.3,
                                3,
                                0.3
                            ],
                            "uv": {
                                "north": {
                                    "uv": [
                                        57.93333,
                                        11
                                    ],
                                    "uv_size": [
                                        -2.03333,
                                        10
                                    ]
                                },
                                "east": {
                                    "uv": [
                                        57.93333,
                                        11
                                    ],
                                    "uv_size": [
                                        -2.03333,
                                        10
                                    ]
                                },
                                "south": {
                                    "uv": [
                                        57.93333,
                                        11
                                    ],
                                    "uv_size": [
                                        -2.03333,
                                        10
                                    ]
                                },
                                "west": {
                                    "uv": [
                                        57.93333,
                                        11
                                    ],
                                    "uv_size": [
                                        -2.03333,
                                        10
                                    ]
                                },
                                "up": {
                                    "uv": [
                                        57.93333,
                                        11
                                    ],
                                    "uv_size": [
                                        -2.03333,
                                        1
                                    ]
                                },
                                "down": {
                                    "uv": [
                                        57.93333,
                                        11
                                    ],
                                    "uv_size": [
                                        -2.03333,
                                        1
                                    ]
                                }
                            }
                        }
                    ]
                },
                {
                    "name": "rotated",
                    "parent": "arrow",
                    "pivot": [
                        0.31839,
                        23.6623,
                        -3.525
                    ],
                    "rotation": [
                        0,
                        90,
                        0
                    ],
                    "cubes": [
                        {
                            "origin": [
                                -0.73161,
                                22.9123,
                                -3.6
                            ],
                            "size": [
                                0.9,
                                1.5,
                                0.15
                            ],
                            "uv": {
                                "north": {
                                    "uv": [
                                        64,
                                        11
                                    ],
                                    "uv_size": [
                                        -6.1,
                                        5
                                    ]
                                },
                                "east": {
                                    "uv": [
                                        63.91667,
                                        16
                                    ],
                                    "uv_size": [
                                        -1.01667,
                                        5
                                    ]
                                },
                                "south": {
                                    "uv": [
                                        58.9,
                                        11
                                    ],
                                    "uv_size": [
                                        4.1,
                                        5
                                    ]
                                },
                                "west": {
                                    "uv": [
                                        58.91667,
                                        16
                                    ],
                                    "uv_size": [
                                        -1.01667,
                                        5
                                    ]
                                },
                                "up": {
                                    "uv": [
                                        64,
                                        10
                                    ],
                                    "uv_size": [
                                        -6.1,
                                        0.5
                                    ]
                                },
                                "down": {
                                    "uv": [
                                        64,
                                        10
                                    ],
                                    "uv_size": [
                                        -6.1,
                                        0.5
                                    ]
                                }
                            }
                        },
                        {
                            "origin": [
                                0.46839,
                                22.9123,
                                -3.6
                            ],
                            "size": [
                                0.9,
                                1.5,
                                0.15
                            ],
                            "uv": {
                                "north": {
                                    "uv": [
                                        58.9,
                                        11
                                    ],
                                    "uv_size": [
                                        4.1,
                                        5
                                    ]
                                },
                                "east": {
                                    "uv": [
                                        58.91667,
                                        16
                                    ],
                                    "uv_size": [
                                        -1.01667,
                                        5
                                    ]
                                },
                                "south": {
                                    "uv": [
                                        64,
                                        11
                                    ],
                                    "uv_size": [
                                        -6.1,
                                        5
                                    ]
                                },
                                "west": {
                                    "uv": [
                                        63.91667,
                                        16
                                    ],
                                    "uv_size": [
                                        -1.01667,
                                        5
                                    ]
                                },
                                "up": {
                                    "uv": [
                                        64,
                                        10
                                    ],
                                    "uv_size": [
                                        -6.1,
                                        0.5
                                    ]
                                },
                                "down": {
                                    "uv": [
                                        64,
                                        10
                                    ],
                                    "uv_size": [
                                        -6.1,
                                        0.5
                                    ]
                                }
                            }
                        }
                    ]
                },
                {
                    "name": "arrow2",
                    "parent": "quiver",
                    "pivot": [
                        1.44339,
                        23.0373,
                        -2.4
                    ],
                    "rotation": [
                        0,
                        -37.5,
                        0
                    ],
                    "cubes": [
                        {
                            "origin": [
                                0.39339,
                                22.5373,
                                -2.475
                            ],
                            "size": [
                                0.9,
                                1.5,
                                0.15
                            ],
                            "uv": {
                                "north": {
                                    "uv": [
                                        64,
                                        11
                                    ],
                                    "uv_size": [
                                        -6.1,
                                        5
                                    ]
                                },
                                "east": {
                                    "uv": [
                                        63.91667,
                                        16
                                    ],
                                    "uv_size": [
                                        -1.01667,
                                        5
                                    ]
                                },
                                "south": {
                                    "uv": [
                                        58.9,
                                        11
                                    ],
                                    "uv_size": [
                                        4.1,
                                        5
                                    ]
                                },
                                "west": {
                                    "uv": [
                                        58.91667,
                                        16
                                    ],
                                    "uv_size": [
                                        -1.01667,
                                        5
                                    ]
                                },
                                "up": {
                                    "uv": [
                                        64,
                                        10
                                    ],
                                    "uv_size": [
                                        -6.1,
                                        0.5
                                    ]
                                },
                                "down": {
                                    "uv": [
                                        64,
                                        10
                                    ],
                                    "uv_size": [
                                        -6.1,
                                        0.5
                                    ]
                                }
                            }
                        },
                        {
                            "origin": [
                                1.59339,
                                22.5373,
                                -2.475
                            ],
                            "size": [
                                0.9,
                                1.5,
                                0.15
                            ],
                            "uv": {
                                "north": {
                                    "uv": [
                                        58.9,
                                        11
                                    ],
                                    "uv_size": [
                                        4.1,
                                        5
                                    ]
                                },
                                "east": {
                                    "uv": [
                                        58.91667,
                                        16
                                    ],
                                    "uv_size": [
                                        -1.01667,
                                        5
                                    ]
                                },
                                "south": {
                                    "uv": [
                                        64,
                                        11
                                    ],
                                    "uv_size": [
                                        -6.1,
                                        5
                                    ]
                                },
                                "west": {
                                    "uv": [
                                        63.91667,
                                        16
                                    ],
                                    "uv_size": [
                                        -1.01667,
                                        5
                                    ]
                                },
                                "up": {
                                    "uv": [
                                        64,
                                        10
                                    ],
                                    "uv_size": [
                                        -6.1,
                                        0.5
                                    ]
                                },
                                "down": {
                                    "uv": [
                                        64,
                                        10
                                    ],
                                    "uv_size": [
                                        -6.1,
                                        0.5
                                    ]
                                }
                            }
                        },
                        {
                            "origin": [
                                1.29339,
                                22.1623,
                                -2.55
                            ],
                            "size": [
                                0.3,
                                1.875,
                                0.3
                            ],
                            "uv": {
                                "north": {
                                    "uv": [
                                        57.93333,
                                        11
                                    ],
                                    "uv_size": [
                                        -2.03333,
                                        10
                                    ]
                                },
                                "east": {
                                    "uv": [
                                        57.93333,
                                        11
                                    ],
                                    "uv_size": [
                                        -2.03333,
                                        10
                                    ]
                                },
                                "south": {
                                    "uv": [
                                        57.93333,
                                        11
                                    ],
                                    "uv_size": [
                                        -2.03333,
                                        10
                                    ]
                                },
                                "west": {
                                    "uv": [
                                        57.93333,
                                        11
                                    ],
                                    "uv_size": [
                                        -2.03333,
                                        10
                                    ]
                                },
                                "up": {
                                    "uv": [
                                        57.93333,
                                        11
                                    ],
                                    "uv_size": [
                                        -2.03333,
                                        1
                                    ]
                                },
                                "down": {
                                    "uv": [
                                        57.93333,
                                        11
                                    ],
                                    "uv_size": [
                                        -2.03333,
                                        1
                                    ]
                                }
                            }
                        }
                    ]
                },
                {
                    "name": "rotated2",
                    "parent": "arrow2",
                    "pivot": [
                        1.44339,
                        23.2873,
                        -2.4
                    ],
                    "rotation": [
                        0,
                        90,
                        0
                    ],
                    "cubes": [
                        {
                            "origin": [
                                0.39339,
                                22.5373,
                                -2.475
                            ],
                            "size": [
                                0.9,
                                1.5,
                                0.15
                            ],
                            "uv": {
                                "north": {
                                    "uv": [
                                        64,
                                        11
                                    ],
                                    "uv_size": [
                                        -6.1,
                                        5
                                    ]
                                },
                                "east": {
                                    "uv": [
                                        63.91667,
                                        16
                                    ],
                                    "uv_size": [
                                        -1.01667,
                                        5
                                    ]
                                },
                                "south": {
                                    "uv": [
                                        58.9,
                                        11
                                    ],
                                    "uv_size": [
                                        4.1,
                                        5
                                    ]
                                },
                                "west": {
                                    "uv": [
                                        58.91667,
                                        16
                                    ],
                                    "uv_size": [
                                        -1.01667,
                                        5
                                    ]
                                },
                                "up": {
                                    "uv": [
                                        64,
                                        10
                                    ],
                                    "uv_size": [
                                        -6.1,
                                        0.5
                                    ]
                                },
                                "down": {
                                    "uv": [
                                        64,
                                        10
                                    ],
                                    "uv_size": [
                                        -6.1,
                                        0.5
                                    ]
                                }
                            }
                        },
                        {
                            "origin": [
                                1.59339,
                                22.5373,
                                -2.475
                            ],
                            "size": [
                                0.9,
                                1.5,
                                0.15
                            ],
                            "uv": {
                                "north": {
                                    "uv": [
                                        58.9,
                                        11
                                    ],
                                    "uv_size": [
                                        4.1,
                                        5
                                    ]
                                },
                                "east": {
                                    "uv": [
                                        58.91667,
                                        16
                                    ],
                                    "uv_size": [
                                        -1.01667,
                                        5
                                    ]
                                },
                                "south": {
                                    "uv": [
                                        64,
                                        11
                                    ],
                                    "uv_size": [
                                        -6.1,
                                        5
                                    ]
                                },
                                "west": {
                                    "uv": [
                                        63.91667,
                                        16
                                    ],
                                    "uv_size": [
                                        -1.01667,
                                        5
                                    ]
                                },
                                "up": {
                                    "uv": [
                                        64,
                                        10
                                    ],
                                    "uv_size": [
                                        -6.1,
                                        0.5
                                    ]
                                },
                                "down": {
                                    "uv": [
                                        64,
                                        10
                                    ],
                                    "uv_size": [
                                        -6.1,
                                        0.5
                                    ]
                                }
                            }
                        }
                    ]
                },
                {
                    "name": "arrow3",
                    "parent": "quiver",
                    "pivot": [
                        1.37234,
                        23.7873,
                        -3.58372
                    ],
                    "rotation": [
                        0,
                        -15,
                        0
                    ],
                    "cubes": [
                        {
                            "origin": [
                                0.32234,
                                23.2873,
                                -3.65872
                            ],
                            "size": [
                                0.9,
                                1.5,
                                0.15
                            ],
                            "uv": {
                                "north": {
                                    "uv": [
                                        64,
                                        11
                                    ],
                                    "uv_size": [
                                        -6.1,
                                        5
                                    ]
                                },
                                "east": {
                                    "uv": [
                                        63.91667,
                                        16
                                    ],
                                    "uv_size": [
                                        -1.01667,
                                        5
                                    ]
                                },
                                "south": {
                                    "uv": [
                                        58.9,
                                        11
                                    ],
                                    "uv_size": [
                                        4.1,
                                        5
                                    ]
                                },
                                "west": {
                                    "uv": [
                                        58.91667,
                                        16
                                    ],
                                    "uv_size": [
                                        -1.01667,
                                        5
                                    ]
                                },
                                "up": {
                                    "uv": [
                                        64,
                                        10
                                    ],
                                    "uv_size": [
                                        -6.1,
                                        0.5
                                    ]
                                },
                                "down": {
                                    "uv": [
                                        64,
                                        10
                                    ],
                                    "uv_size": [
                                        -6.1,
                                        0.5
                                    ]
                                }
                            }
                        },
                        {
                            "origin": [
                                1.52234,
                                23.2873,
                                -3.65872
                            ],
                            "size": [
                                0.9,
                                1.5,
                                0.15
                            ],
                            "uv": {
                                "north": {
                                    "uv": [
                                        58.9,
                                        11
                                    ],
                                    "uv_size": [
                                        4.1,
                                        5
                                    ]
                                },
                                "east": {
                                    "uv": [
                                        58.91667,
                                        16
                                    ],
                                    "uv_size": [
                                        -1.01667,
                                        5
                                    ]
                                },
                                "south": {
                                    "uv": [
                                        64,
                                        11
                                    ],
                                    "uv_size": [
                                        -6.1,
                                        5
                                    ]
                                },
                                "west": {
                                    "uv": [
                                        63.91667,
                                        16
                                    ],
                                    "uv_size": [
                                        -1.01667,
                                        5
                                    ]
                                },
                                "up": {
                                    "uv": [
                                        64,
                                        10
                                    ],
                                    "uv_size": [
                                        -6.1,
                                        0.5
                                    ]
                                },
                                "down": {
                                    "uv": [
                                        64,
                                        10
                                    ],
                                    "uv_size": [
                                        -6.1,
                                        0.5
                                    ]
                                }
                            }
                        },
                        {
                            "origin": [
                                1.22234,
                                20.6623,
                                -3.73372
                            ],
                            "size": [
                                0.3,
                                4.125,
                                0.3
                            ],
                            "uv": {
                                "north": {
                                    "uv": [
                                        57.93333,
                                        11
                                    ],
                                    "uv_size": [
                                        -2.03333,
                                        10
                                    ]
                                },
                                "east": {
                                    "uv": [
                                        57.93333,
                                        11
                                    ],
                                    "uv_size": [
                                        -2.03333,
                                        10
                                    ]
                                },
                                "south": {
                                    "uv": [
                                        57.93333,
                                        11
                                    ],
                                    "uv_size": [
                                        -2.03333,
                                        10
                                    ]
                                },
                                "west": {
                                    "uv": [
                                        57.93333,
                                        11
                                    ],
                                    "uv_size": [
                                        -2.03333,
                                        10
                                    ]
                                },
                                "up": {
                                    "uv": [
                                        57.93333,
                                        11
                                    ],
                                    "uv_size": [
                                        -2.03333,
                                        1
                                    ]
                                },
                                "down": {
                                    "uv": [
                                        57.93333,
                                        11
                                    ],
                                    "uv_size": [
                                        -2.03333,
                                        1
                                    ]
                                }
                            }
                        }
                    ]
                },
                {
                    "name": "rotated3",
                    "parent": "arrow3",
                    "pivot": [
                        1.37234,
                        24.0373,
                        -3.58372
                    ],
                    "rotation": [
                        0,
                        90,
                        0
                    ],
                    "cubes": [
                        {
                            "origin": [
                                0.32234,
                                23.2873,
                                -3.65872
                            ],
                            "size": [
                                0.9,
                                1.5,
                                0.15
                            ],
                            "uv": {
                                "north": {
                                    "uv": [
                                        64,
                                        11
                                    ],
                                    "uv_size": [
                                        -6.1,
                                        5
                                    ]
                                },
                                "east": {
                                    "uv": [
                                        63.91667,
                                        16
                                    ],
                                    "uv_size": [
                                        -1.01667,
                                        5
                                    ]
                                },
                                "south": {
                                    "uv": [
                                        58.9,
                                        11
                                    ],
                                    "uv_size": [
                                        4.1,
                                        5
                                    ]
                                },
                                "west": {
                                    "uv": [
                                        58.91667,
                                        16
                                    ],
                                    "uv_size": [
                                        -1.01667,
                                        5
                                    ]
                                },
                                "up": {
                                    "uv": [
                                        64,
                                        10
                                    ],
                                    "uv_size": [
                                        -6.1,
                                        0.5
                                    ]
                                },
                                "down": {
                                    "uv": [
                                        64,
                                        10
                                    ],
                                    "uv_size": [
                                        -6.1,
                                        0.5
                                    ]
                                }
                            }
                        },
                        {
                            "origin": [
                                1.52234,
                                23.2873,
                                -3.65872
                            ],
                            "size": [
                                0.9,
                                1.5,
                                0.15
                            ],
                            "uv": {
                                "north": {
                                    "uv": [
                                        58.9,
                                        11
                                    ],
                                    "uv_size": [
                                        4.1,
                                        5
                                    ]
                                },
                                "east": {
                                    "uv": [
                                        58.91667,
                                        16
                                    ],
                                    "uv_size": [
                                        -1.01667,
                                        5
                                    ]
                                },
                                "south": {
                                    "uv": [
                                        64,
                                        11
                                    ],
                                    "uv_size": [
                                        -6.1,
                                        5
                                    ]
                                },
                                "west": {
                                    "uv": [
                                        63.91667,
                                        16
                                    ],
                                    "uv_size": [
                                        -1.01667,
                                        5
                                    ]
                                },
                                "up": {
                                    "uv": [
                                        64,
                                        10
                                    ],
                                    "uv_size": [
                                        -6.1,
                                        0.5
                                    ]
                                },
                                "down": {
                                    "uv": [
                                        64,
                                        10
                                    ],
                                    "uv_size": [
                                        -6.1,
                                        0.5
                                    ]
                                }
                            }
                        }
                    ]
                },
                {
                    "name": "arrow4",
                    "parent": "quiver",
                    "pivot": [
                        0.2255,
                        23.7873,
                        -2.75589
                    ],
                    "rotation": [
                        0,
                        -37.5,
                        -0.00002
                    ],
                    "cubes": [
                        {
                            "origin": [
                                -0.8245,
                                23.2873,
                                -2.83089
                            ],
                            "size": [
                                0.9,
                                1.5,
                                0.15
                            ],
                            "uv": {
                                "north": {
                                    "uv": [
                                        64,
                                        11
                                    ],
                                    "uv_size": [
                                        -6.1,
                                        5
                                    ]
                                },
                                "east": {
                                    "uv": [
                                        63.91667,
                                        16
                                    ],
                                    "uv_size": [
                                        -1.01667,
                                        5
                                    ]
                                },
                                "south": {
                                    "uv": [
                                        58.9,
                                        11
                                    ],
                                    "uv_size": [
                                        4.1,
                                        5
                                    ]
                                },
                                "west": {
                                    "uv": [
                                        58.91667,
                                        16
                                    ],
                                    "uv_size": [
                                        -1.01667,
                                        5
                                    ]
                                },
                                "up": {
                                    "uv": [
                                        64,
                                        10
                                    ],
                                    "uv_size": [
                                        -6.1,
                                        0.5
                                    ]
                                },
                                "down": {
                                    "uv": [
                                        64,
                                        10
                                    ],
                                    "uv_size": [
                                        -6.1,
                                        0.5
                                    ]
                                }
                            }
                        },
                        {
                            "origin": [
                                0.3755,
                                23.2873,
                                -2.83089
                            ],
                            "size": [
                                0.9,
                                1.5,
                                0.15
                            ],
                            "uv": {
                                "north": {
                                    "uv": [
                                        58.9,
                                        11
                                    ],
                                    "uv_size": [
                                        4.1,
                                        5
                                    ]
                                },
                                "east": {
                                    "uv": [
                                        58.91667,
                                        16
                                    ],
                                    "uv_size": [
                                        -1.01667,
                                        5
                                    ]
                                },
                                "south": {
                                    "uv": [
                                        64,
                                        11
                                    ],
                                    "uv_size": [
                                        -6.1,
                                        5
                                    ]
                                },
                                "west": {
                                    "uv": [
                                        63.91667,
                                        16
                                    ],
                                    "uv_size": [
                                        -1.01667,
                                        5
                                    ]
                                },
                                "up": {
                                    "uv": [
                                        64,
                                        10
                                    ],
                                    "uv_size": [
                                        -6.1,
                                        0.5
                                    ]
                                },
                                "down": {
                                    "uv": [
                                        64,
                                        10
                                    ],
                                    "uv_size": [
                                        -6.1,
                                        0.5
                                    ]
                                }
                            }
                        },
                        {
                            "origin": [
                                0.0755,
                                22.5373,
                                -2.90589
                            ],
                            "size": [
                                0.3,
                                2.25,
                                0.3
                            ],
                            "uv": {
                                "north": {
                                    "uv": [
                                        57.93333,
                                        11
                                    ],
                                    "uv_size": [
                                        -2.03333,
                                        10
                                    ]
                                },
                                "east": {
                                    "uv": [
                                        57.93333,
                                        11
                                    ],
                                    "uv_size": [
                                        -2.03333,
                                        10
                                    ]
                                },
                                "south": {
                                    "uv": [
                                        57.93333,
                                        11
                                    ],
                                    "uv_size": [
                                        -2.03333,
                                        10
                                    ]
                                },
                                "west": {
                                    "uv": [
                                        57.93333,
                                        11
                                    ],
                                    "uv_size": [
                                        -2.03333,
                                        10
                                    ]
                                },
                                "up": {
                                    "uv": [
                                        57.93333,
                                        11
                                    ],
                                    "uv_size": [
                                        -2.03333,
                                        1
                                    ]
                                },
                                "down": {
                                    "uv": [
                                        57.93333,
                                        11
                                    ],
                                    "uv_size": [
                                        -2.03333,
                                        1
                                    ]
                                }
                            }
                        }
                    ]
                },
                {
                    "name": "rotated4",
                    "parent": "arrow4",
                    "pivot": [
                        0.2255,
                        24.0373,
                        -2.75589
                    ],
                    "rotation": [
                        0,
                        90,
                        0
                    ],
                    "cubes": [
                        {
                            "origin": [
                                -0.8245,
                                23.2873,
                                -2.83089
                            ],
                            "size": [
                                0.9,
                                1.5,
                                0.15
                            ],
                            "uv": {
                                "north": {
                                    "uv": [
                                        64,
                                        11
                                    ],
                                    "uv_size": [
                                        -6.1,
                                        5
                                    ]
                                },
                                "east": {
                                    "uv": [
                                        63.91667,
                                        16
                                    ],
                                    "uv_size": [
                                        -1.01667,
                                        5
                                    ]
                                },
                                "south": {
                                    "uv": [
                                        58.9,
                                        11
                                    ],
                                    "uv_size": [
                                        4.1,
                                        5
                                    ]
                                },
                                "west": {
                                    "uv": [
                                        58.91667,
                                        16
                                    ],
                                    "uv_size": [
                                        -1.01667,
                                        5
                                    ]
                                },
                                "up": {
                                    "uv": [
                                        64,
                                        10
                                    ],
                                    "uv_size": [
                                        -6.1,
                                        0.5
                                    ]
                                },
                                "down": {
                                    "uv": [
                                        64,
                                        10
                                    ],
                                    "uv_size": [
                                        -6.1,
                                        0.5
                                    ]
                                }
                            }
                        },
                        {
                            "origin": [
                                0.3755,
                                23.2873,
                                -2.83089
                            ],
                            "size": [
                                0.9,
                                1.5,
                                0.15
                            ],
                            "uv": {
                                "north": {
                                    "uv": [
                                        58.9,
                                        11
                                    ],
                                    "uv_size": [
                                        4.1,
                                        5
                                    ]
                                },
                                "east": {
                                    "uv": [
                                        58.91667,
                                        16
                                    ],
                                    "uv_size": [
                                        -1.01667,
                                        5
                                    ]
                                },
                                "south": {
                                    "uv": [
                                        64,
                                        11
                                    ],
                                    "uv_size": [
                                        -6.1,
                                        5
                                    ]
                                },
                                "west": {
                                    "uv": [
                                        63.91667,
                                        16
                                    ],
                                    "uv_size": [
                                        -1.01667,
                                        5
                                    ]
                                },
                                "up": {
                                    "uv": [
                                        64,
                                        10
                                    ],
                                    "uv_size": [
                                        -6.1,
                                        0.5
                                    ]
                                },
                                "down": {
                                    "uv": [
                                        64,
                                        10
                                    ],
                                    "uv_size": [
                                        -6.1,
                                        0.5
                                    ]
                                }
                            }
                        }
                    ]
                },
                {
                    "name": "belt2",
                    "parent": "bipedBody",
                    "pivot": [
                        0,
                        0,
                        0
                    ],
                    "cubes": [
                        {
                            "origin": [
                                -4.25,
                                11.5,
                                -2.25
                            ],
                            "size": [
                                8.5,
                                1,
                                4.5
                            ],
                            "uv": {
                                "north": {
                                    "uv": [
                                        40,
                                        0
                                    ],
                                    "uv_size": [
                                        -40,
                                        4
                                    ]
                                },
                                "east": {
                                    "uv": [
                                        64,
                                        0
                                    ],
                                    "uv_size": [
                                        -24,
                                        4
                                    ]
                                },
                                "south": {
                                    "uv": [
                                        40,
                                        4
                                    ],
                                    "uv_size": [
                                        -40,
                                        4
                                    ]
                                },
                                "west": {
                                    "uv": [
                                        64,
                                        4
                                    ],
                                    "uv_size": [
                                        -24,
                                        4
                                    ]
                                },
                                "up": {
                                    "uv": [
                                        40,
                                        8
                                    ],
                                    "uv_size": [
                                        -40,
                                        1
                                    ]
                                },
                                "down": {
                                    "uv": [
                                        40,
                                        9
                                    ],
                                    "uv_size": [
                                        -40,
                                        1
                                    ]
                                }
                            }
                        },
                        {
                            "origin": [
                                -0.75,
                                11.25,
                                2.05
                            ],
                            "size": [
                                1.5,
                                1.5,
                                0.25
                            ],
                            "uv": {
                                "north": {
                                    "uv": [
                                        6,
                                        10
                                    ],
                                    "uv_size": [
                                        -6,
                                        6
                                    ]
                                },
                                "east": {
                                    "uv": [
                                        1,
                                        10
                                    ],
                                    "uv_size": [
                                        -1,
                                        6
                                    ]
                                },
                                "south": {
                                    "uv": [
                                        6,
                                        10
                                    ],
                                    "uv_size": [
                                        -6,
                                        6
                                    ]
                                },
                                "west": {
                                    "uv": [
                                        6,
                                        10
                                    ],
                                    "uv_size": [
                                        -1,
                                        6
                                    ]
                                },
                                "up": {
                                    "uv": [
                                        0,
                                        10
                                    ],
                                    "uv_size": [
                                        6,
                                        1
                                    ]
                                },
                                "down": {
                                    "uv": [
                                        0,
                                        15
                                    ],
                                    "uv_size": [
                                        6,
                                        1
                                    ]
                                }
                            }
                        },
                        {
                            "origin": [
                                2,
                                11.4,
                                2.25
                            ],
                            "size": [
                                0.5,
                                1.2,
                                0.2
                            ],
                            "uv": {
                                "north": {
                                    "uv": [
                                        8,
                                        10
                                    ],
                                    "uv_size": [
                                        -2,
                                        6
                                    ]
                                },
                                "east": {
                                    "uv": [
                                        8,
                                        10
                                    ],
                                    "uv_size": [
                                        -2,
                                        6
                                    ]
                                },
                                "south": {
                                    "uv": [
                                        8,
                                        10
                                    ],
                                    "uv_size": [
                                        -2,
                                        6
                                    ]
                                },
                                "west": {
                                    "uv": [
                                        8,
                                        10
                                    ],
                                    "uv_size": [
                                        -2,
                                        6
                                    ]
                                },
                                "up": {
                                    "uv": [
                                        8,
                                        10
                                    ],
                                    "uv_size": [
                                        -2,
                                        6
                                    ]
                                },
                                "down": {
                                    "uv": [
                                        8,
                                        10
                                    ],
                                    "uv_size": [
                                        -2,
                                        6
                                    ]
                                }
                            }
                        },
                        {
                            "origin": [
                                -2.5,
                                11.4,
                                2.25
                            ],
                            "size": [
                                0.5,
                                1.2,
                                0.2
                            ],
                            "uv": {
                                "north": {
                                    "uv": [
                                        8,
                                        10
                                    ],
                                    "uv_size": [
                                        -2,
                                        6
                                    ]
                                },
                                "east": {
                                    "uv": [
                                        8,
                                        10
                                    ],
                                    "uv_size": [
                                        -2,
                                        6
                                    ]
                                },
                                "south": {
                                    "uv": [
                                        8,
                                        10
                                    ],
                                    "uv_size": [
                                        -2,
                                        6
                                    ]
                                },
                                "west": {
                                    "uv": [
                                        8,
                                        10
                                    ],
                                    "uv_size": [
                                        -2,
                                        6
                                    ]
                                },
                                "up": {
                                    "uv": [
                                        8,
                                        10
                                    ],
                                    "uv_size": [
                                        -2,
                                        6
                                    ]
                                },
                                "down": {
                                    "uv": [
                                        8,
                                        10
                                    ],
                                    "uv_size": [
                                        -2,
                                        6
                                    ]
                                }
                            }
                        },
                        {
                            "origin": [
                                -0.25,
                                11.4,
                                -2.45
                            ],
                            "size": [
                                0.5,
                                1.2,
                                0.2
                            ],
                            "uv": {
                                "north": {
                                    "uv": [
                                        8,
                                        10
                                    ],
                                    "uv_size": [
                                        -2,
                                        6
                                    ]
                                },
                                "east": {
                                    "uv": [
                                        8,
                                        10
                                    ],
                                    "uv_size": [
                                        -2,
                                        6
                                    ]
                                },
                                "south": {
                                    "uv": [
                                        8,
                                        10
                                    ],
                                    "uv_size": [
                                        -2,
                                        6
                                    ]
                                },
                                "west": {
                                    "uv": [
                                        8,
                                        10
                                    ],
                                    "uv_size": [
                                        -2,
                                        6
                                    ]
                                },
                                "up": {
                                    "uv": [
                                        8,
                                        10
                                    ],
                                    "uv_size": [
                                        -2,
                                        6
                                    ]
                                },
                                "down": {
                                    "uv": [
                                        8,
                                        10
                                    ],
                                    "uv_size": [
                                        -2,
                                        6
                                    ]
                                }
                            }
                        },
                        {
                            "origin": [
                                2.75,
                                11.4,
                                -2.45
                            ],
                            "size": [
                                0.5,
                                1.2,
                                0.2
                            ],
                            "uv": {
                                "north": {
                                    "uv": [
                                        8,
                                        10
                                    ],
                                    "uv_size": [
                                        -2,
                                        6
                                    ]
                                },
                                "east": {
                                    "uv": [
                                        8,
                                        10
                                    ],
                                    "uv_size": [
                                        -2,
                                        6
                                    ]
                                },
                                "south": {
                                    "uv": [
                                        8,
                                        10
                                    ],
                                    "uv_size": [
                                        -2,
                                        6
                                    ]
                                },
                                "west": {
                                    "uv": [
                                        8,
                                        10
                                    ],
                                    "uv_size": [
                                        -2,
                                        6
                                    ]
                                },
                                "up": {
                                    "uv": [
                                        8,
                                        10
                                    ],
                                    "uv_size": [
                                        -2,
                                        6
                                    ]
                                },
                                "down": {
                                    "uv": [
                                        8,
                                        10
                                    ],
                                    "uv_size": [
                                        -2,
                                        6
                                    ]
                                }
                            }
                        },
                        {
                            "origin": [
                                -3.25,
                                11.4,
                                -2.45
                            ],
                            "size": [
                                0.5,
                                1.2,
                                0.2
                            ],
                            "uv": {
                                "north": {
                                    "uv": [
                                        8,
                                        10
                                    ],
                                    "uv_size": [
                                        -2,
                                        6
                                    ]
                                },
                                "east": {
                                    "uv": [
                                        8,
                                        10
                                    ],
                                    "uv_size": [
                                        -2,
                                        6
                                    ]
                                },
                                "south": {
                                    "uv": [
                                        8,
                                        10
                                    ],
                                    "uv_size": [
                                        -2,
                                        6
                                    ]
                                },
                                "west": {
                                    "uv": [
                                        8,
                                        10
                                    ],
                                    "uv_size": [
                                        -2,
                                        6
                                    ]
                                },
                                "up": {
                                    "uv": [
                                        8,
                                        10
                                    ],
                                    "uv_size": [
                                        -2,
                                        6
                                    ]
                                },
                                "down": {
                                    "uv": [
                                        8,
                                        10
                                    ],
                                    "uv_size": [
                                        -2,
                                        6
                                    ]
                                }
                            }
                        }
                    ]
                }
            ]
        }
    ]
}