{
    "format_version": "1.12.0",
    "minecraft:geometry": [
        {
            "description": {
                "identifier": "geometry.unknown",
                "texture_width": 64,
                "texture_height": 64,
                "visible_bounds_width": 3,
                "visible_bounds_height": 3.5,
                "visible_bounds_offset": [
                    0,
                    1.25,
                    0
                ]
            },
            "bones": [
                {
                    "name": "bipedBody",
                    "pivot": [
                        0,
                        24,
                        0
                    ],
                    "cubes": [
                        {
                            "origin": [
                                4,
                                10.25,
                                -0.25
                            ],
                            "size": [
                                0.25,
                                1.25,
                                0.25
                            ],
                            "uv": {
                                "north": {
                                    "uv": [
                                        5,
                                        62
                                    ],
                                    "uv_size": [
                                        -1,
                                        1
                                    ]
                                },
                                "east": {
                                    "uv": [
                                        5,
                                        62
                                    ],
                                    "uv_size": [
                                        -1,
                                        1
                                    ]
                                },
                                "south": {
                                    "uv": [
                                        5,
                                        62
                                    ],
                                    "uv_size": [
                                        -1,
                                        1
                                    ]
                                },
                                "west": {
                                    "uv": [
                                        5,
                                        62
                                    ],
                                    "uv_size": [
                                        -1,
                                        1
                                    ]
                                },
                                "up": {
                                    "uv": [
                                        5,
                                        62
                                    ],
                                    "uv_size": [
                                        -1,
                                        1
                                    ]
                                },
                                "down": {
                                    "uv": [
                                        5,
                                        62
                                    ],
                                    "uv_size": [
                                        -1,
                                        1
                                    ]
                                }
                            }
                        }
                    ]
                },
                {
                    "name": "belt",
                    "parent": "bipedBody",
                    "pivot": [
                        0,
                        0,
                        0
                    ],
                    "cubes": [
                        {
                            "origin": [
                                -4.25,
                                11.5,
                                -2.25
                            ],
                            "size": [
                                8.5,
                                1,
                                4.5
                            ],
                            "uv": {
                                "north": {
                                    "uv": [
                                        40,
                                        0
                                    ],
                                    "uv_size": [
                                        -40,
                                        4
                                    ]
                                },
                                "east": {
                                    "uv": [
                                        64,
                                        0
                                    ],
                                    "uv_size": [
                                        -24,
                                        4
                                    ]
                                },
                                "south": {
                                    "uv": [
                                        40,
                                        4
                                    ],
                                    "uv_size": [
                                        -40,
                                        4
                                    ]
                                },
                                "west": {
                                    "uv": [
                                        64,
                                        4
                                    ],
                                    "uv_size": [
                                        -24,
                                        4
                                    ]
                                },
                                "up": {
                                    "uv": [
                                        40,
                                        8
                                    ],
                                    "uv_size": [
                                        -40,
                                        1
                                    ]
                                },
                                "down": {
                                    "uv": [
                                        40,
                                        9
                                    ],
                                    "uv_size": [
                                        -40,
                                        1
                                    ]
                                }
                            }
                        },
                        {
                            "origin": [
                                -0.75,
                                11.25,
                                2.05
                            ],
                            "size": [
                                1.5,
                                1.5,
                                0.25
                            ],
                            "uv": {
                                "north": {
                                    "uv": [
                                        6,
                                        10
                                    ],
                                    "uv_size": [
                                        -6,
                                        6
                                    ]
                                },
                                "east": {
                                    "uv": [
                                        1,
                                        10
                                    ],
                                    "uv_size": [
                                        -1,
                                        6
                                    ]
                                },
                                "south": {
                                    "uv": [
                                        6,
                                        10
                                    ],
                                    "uv_size": [
                                        -6,
                                        6
                                    ]
                                },
                                "west": {
                                    "uv": [
                                        6,
                                        10
                                    ],
                                    "uv_size": [
                                        -1,
                                        6
                                    ]
                                },
                                "up": {
                                    "uv": [
                                        0,
                                        10
                                    ],
                                    "uv_size": [
                                        6,
                                        1
                                    ]
                                },
                                "down": {
                                    "uv": [
                                        0,
                                        15
                                    ],
                                    "uv_size": [
                                        6,
                                        1
                                    ]
                                }
                            }
                        },
                        {
                            "origin": [
                                2,
                                11.4,
                                2.25
                            ],
                            "size": [
                                0.5,
                                1.2,
                                0.2
                            ],
                            "uv": {
                                "north": {
                                    "uv": [
                                        8,
                                        10
                                    ],
                                    "uv_size": [
                                        -2,
                                        6
                                    ]
                                },
                                "east": {
                                    "uv": [
                                        8,
                                        10
                                    ],
                                    "uv_size": [
                                        -2,
                                        6
                                    ]
                                },
                                "south": {
                                    "uv": [
                                        8,
                                        10
                                    ],
                                    "uv_size": [
                                        -2,
                                        6
                                    ]
                                },
                                "west": {
                                    "uv": [
                                        8,
                                        10
                                    ],
                                    "uv_size": [
                                        -2,
                                        6
                                    ]
                                },
                                "up": {
                                    "uv": [
                                        8,
                                        10
                                    ],
                                    "uv_size": [
                                        -2,
                                        6
                                    ]
                                },
                                "down": {
                                    "uv": [
                                        8,
                                        10
                                    ],
                                    "uv_size": [
                                        -2,
                                        6
                                    ]
                                }
                            }
                        },
                        {
                            "origin": [
                                -2.5,
                                11.4,
                                2.25
                            ],
                            "size": [
                                0.5,
                                1.2,
                                0.2
                            ],
                            "uv": {
                                "north": {
                                    "uv": [
                                        8,
                                        10
                                    ],
                                    "uv_size": [
                                        -2,
                                        6
                                    ]
                                },
                                "east": {
                                    "uv": [
                                        8,
                                        10
                                    ],
                                    "uv_size": [
                                        -2,
                                        6
                                    ]
                                },
                                "south": {
                                    "uv": [
                                        8,
                                        10
                                    ],
                                    "uv_size": [
                                        -2,
                                        6
                                    ]
                                },
                                "west": {
                                    "uv": [
                                        8,
                                        10
                                    ],
                                    "uv_size": [
                                        -2,
                                        6
                                    ]
                                },
                                "up": {
                                    "uv": [
                                        8,
                                        10
                                    ],
                                    "uv_size": [
                                        -2,
                                        6
                                    ]
                                },
                                "down": {
                                    "uv": [
                                        8,
                                        10
                                    ],
                                    "uv_size": [
                                        -2,
                                        6
                                    ]
                                }
                            }
                        },
                        {
                            "origin": [
                                -0.25,
                                11.4,
                                -2.45
                            ],
                            "size": [
                                0.5,
                                1.2,
                                0.2
                            ],
                            "uv": {
                                "north": {
                                    "uv": [
                                        8,
                                        10
                                    ],
                                    "uv_size": [
                                        -2,
                                        6
                                    ]
                                },
                                "east": {
                                    "uv": [
                                        8,
                                        10
                                    ],
                                    "uv_size": [
                                        -2,
                                        6
                                    ]
                                },
                                "south": {
                                    "uv": [
                                        8,
                                        10
                                    ],
                                    "uv_size": [
                                        -2,
                                        6
                                    ]
                                },
                                "west": {
                                    "uv": [
                                        8,
                                        10
                                    ],
                                    "uv_size": [
                                        -2,
                                        6
                                    ]
                                },
                                "up": {
                                    "uv": [
                                        8,
                                        10
                                    ],
                                    "uv_size": [
                                        -2,
                                        6
                                    ]
                                },
                                "down": {
                                    "uv": [
                                        8,
                                        10
                                    ],
                                    "uv_size": [
                                        -2,
                                        6
                                    ]
                                }
                            }
                        },
                        {
                            "origin": [
                                2.75,
                                11.4,
                                -2.45
                            ],
                            "size": [
                                0.5,
                                1.2,
                                0.2
                            ],
                            "uv": {
                                "north": {
                                    "uv": [
                                        8,
                                        10
                                    ],
                                    "uv_size": [
                                        -2,
                                        6
                                    ]
                                },
                                "east": {
                                    "uv": [
                                        8,
                                        10
                                    ],
                                    "uv_size": [
                                        -2,
                                        6
                                    ]
                                },
                                "south": {
                                    "uv": [
                                        8,
                                        10
                                    ],
                                    "uv_size": [
                                        -2,
                                        6
                                    ]
                                },
                                "west": {
                                    "uv": [
                                        8,
                                        10
                                    ],
                                    "uv_size": [
                                        -2,
                                        6
                                    ]
                                },
                                "up": {
                                    "uv": [
                                        8,
                                        10
                                    ],
                                    "uv_size": [
                                        -2,
                                        6
                                    ]
                                },
                                "down": {
                                    "uv": [
                                        8,
                                        10
                                    ],
                                    "uv_size": [
                                        -2,
                                        6
                                    ]
                                }
                            }
                        },
                        {
                            "origin": [
                                -3.25,
                                11.4,
                                -2.45
                            ],
                            "size": [
                                0.5,
                                1.2,
                                0.2
                            ],
                            "uv": {
                                "north": {
                                    "uv": [
                                        8,
                                        10
                                    ],
                                    "uv_size": [
                                        -2,
                                        6
                                    ]
                                },
                                "east": {
                                    "uv": [
                                        8,
                                        10
                                    ],
                                    "uv_size": [
                                        -2,
                                        6
                                    ]
                                },
                                "south": {
                                    "uv": [
                                        8,
                                        10
                                    ],
                                    "uv_size": [
                                        -2,
                                        6
                                    ]
                                },
                                "west": {
                                    "uv": [
                                        8,
                                        10
                                    ],
                                    "uv_size": [
                                        -2,
                                        6
                                    ]
                                },
                                "up": {
                                    "uv": [
                                        8,
                                        10
                                    ],
                                    "uv_size": [
                                        -2,
                                        6
                                    ]
                                },
                                "down": {
                                    "uv": [
                                        8,
                                        10
                                    ],
                                    "uv_size": [
                                        -2,
                                        6
                                    ]
                                }
                            }
                        }
                    ]
                },
                {
                    "name": "bone5",
                    "parent": "bipedBody",
                    "pivot": [
                        4.5,
                        10,
                        0.25
                    ],
                    "rotation": [
                        -125,
                        0,
                        0
                    ],
                    "cubes": [
                        {
                            "origin": [
                                3.9,
                                11.875,
                                -0.35
                            ],
                            "size": [
                                1.2,
                                1.125,
                                1.2
                            ],
                            "uv": {
                                "north": {
                                    "uv": [
                                        4,
                                        60
                                    ],
                                    "uv_size": [
                                        -4,
                                        4
                                    ]
                                },
                                "east": {
                                    "uv": [
                                        4,
                                        60
                                    ],
                                    "uv_size": [
                                        -4,
                                        4
                                    ]
                                },
                                "south": {
                                    "uv": [
                                        4,
                                        60
                                    ],
                                    "uv_size": [
                                        -4,
                                        4
                                    ]
                                },
                                "west": {
                                    "uv": [
                                        4,
                                        60
                                    ],
                                    "uv_size": [
                                        -4,
                                        4
                                    ]
                                },
                                "up": {
                                    "uv": [
                                        4,
                                        60
                                    ],
                                    "uv_size": [
                                        -4,
                                        4
                                    ]
                                },
                                "down": {
                                    "uv": [
                                        4,
                                        60
                                    ],
                                    "uv_size": [
                                        -4,
                                        4
                                    ]
                                }
                            }
                        },
                        {
                            "origin": [
                                3.9,
                                7,
                                -0.35
                            ],
                            "size": [
                                1.2,
                                1.125,
                                1.2
                            ],
                            "uv": {
                                "north": {
                                    "uv": [
                                        4,
                                        60
                                    ],
                                    "uv_size": [
                                        -4,
                                        4
                                    ]
                                },
                                "east": {
                                    "uv": [
                                        4,
                                        60
                                    ],
                                    "uv_size": [
                                        -4,
                                        4
                                    ]
                                },
                                "south": {
                                    "uv": [
                                        4,
                                        60
                                    ],
                                    "uv_size": [
                                        -4,
                                        4
                                    ]
                                },
                                "west": {
                                    "uv": [
                                        4,
                                        60
                                    ],
                                    "uv_size": [
                                        -4,
                                        4
                                    ]
                                },
                                "up": {
                                    "uv": [
                                        4,
                                        60
                                    ],
                                    "uv_size": [
                                        -4,
                                        4
                                    ]
                                },
                                "down": {
                                    "uv": [
                                        4,
                                        60
                                    ],
                                    "uv_size": [
                                        -4,
                                        4
                                    ]
                                }
                            }
                        },
                        {
                            "origin": [
                                4.125,
                                8.125,
                                -0.125
                            ],
                            "size": [
                                0.75,
                                3.75,
                                0.75
                            ],
                            "uv": {
                                "north": {
                                    "uv": [
                                        4,
                                        60
                                    ],
                                    "uv_size": [
                                        -4,
                                        4
                                    ]
                                },
                                "east": {
                                    "uv": [
                                        4,
                                        60
                                    ],
                                    "uv_size": [
                                        -4,
                                        4
                                    ]
                                },
                                "south": {
                                    "uv": [
                                        4,
                                        60
                                    ],
                                    "uv_size": [
                                        -4,
                                        4
                                    ]
                                },
                                "west": {
                                    "uv": [
                                        4,
                                        60
                                    ],
                                    "uv_size": [
                                        -4,
                                        4
                                    ]
                                },
                                "up": {
                                    "uv": [
                                        4,
                                        60
                                    ],
                                    "uv_size": [
                                        -4,
                                        4
                                    ]
                                },
                                "down": {
                                    "uv": [
                                        4,
                                        60
                                    ],
                                    "uv_size": [
                                        -4,
                                        4
                                    ]
                                }
                            }
                        }
                    ]
                },
                {
                    "name": "bone",
                    "parent": "bone5",
                    "pivot": [
                        4.5,
                        13.28125,
                        1.28125
                    ],
                    "cubes": [
                        {
                            "origin": [
                                4.2,
                                12.625,
                                0.625
                            ],
                            "size": [
                                0.75,
                                0.75,
                                0.75
                            ],
                            "uv": {
                                "north": {
                                    "uv": [
                                        4,
                                        60
                                    ],
                                    "uv_size": [
                                        -4,
                                        4
                                    ]
                                },
                                "east": {
                                    "uv": [
                                        4,
                                        60
                                    ],
                                    "uv_size": [
                                        -4,
                                        4
                                    ]
                                },
                                "south": {
                                    "uv": [
                                        4,
                                        60
                                    ],
                                    "uv_size": [
                                        -4,
                                        4
                                    ]
                                },
                                "west": {
                                    "uv": [
                                        4,
                                        60
                                    ],
                                    "uv_size": [
                                        -4,
                                        4
                                    ]
                                },
                                "up": {
                                    "uv": [
                                        4,
                                        60
                                    ],
                                    "uv_size": [
                                        -4,
                                        4
                                    ]
                                },
                                "down": {
                                    "uv": [
                                        4,
                                        60
                                    ],
                                    "uv_size": [
                                        -4,
                                        4
                                    ]
                                }
                            }
                        }
                    ]
                },
                {
                    "name": "bone2",
                    "parent": "bone5",
                    "pivot": [
                        4.5,
                        13.28125,
                        -0.59375
                    ],
                    "rotation": [
                        0,
                        -180,
                        0
                    ],
                    "cubes": [
                        {
                            "origin": [
                                4.2,
                                12.625,
                                -1.25
                            ],
                            "size": [
                                0.75,
                                0.75,
                                0.75
                            ],
                            "uv": {
                                "north": {
                                    "uv": [
                                        4,
                                        60
                                    ],
                                    "uv_size": [
                                        -4,
                                        4
                                    ]
                                },
                                "east": {
                                    "uv": [
                                        4,
                                        60
                                    ],
                                    "uv_size": [
                                        -4,
                                        4
                                    ]
                                },
                                "south": {
                                    "uv": [
                                        4,
                                        60
                                    ],
                                    "uv_size": [
                                        -4,
                                        4
                                    ]
                                },
                                "west": {
                                    "uv": [
                                        4,
                                        60
                                    ],
                                    "uv_size": [
                                        -4,
                                        4
                                    ]
                                },
                                "up": {
                                    "uv": [
                                        4,
                                        60
                                    ],
                                    "uv_size": [
                                        -4,
                                        4
                                    ]
                                },
                                "down": {
                                    "uv": [
                                        4,
                                        60
                                    ],
                                    "uv_size": [
                                        -4,
                                        4
                                    ]
                                }
                            }
                        }
                    ]
                },
                {
                    "name": "bone3",
                    "parent": "bone5",
                    "pivot": [
                        4.5,
                        7.28125,
                        1.28125
                    ],
                    "rotation": [
                        -180,
                        -180,
                        0
                    ],
                    "cubes": [
                        {
                            "origin": [
                                4.2,
                                7,
                                0.625
                            ],
                            "size": [
                                0.75,
                                0.75,
                                0.75
                            ],
                            "uv": {
                                "north": {
                                    "uv": [
                                        4,
                                        60
                                    ],
                                    "uv_size": [
                                        -4,
                                        4
                                    ]
                                },
                                "east": {
                                    "uv": [
                                        4,
                                        60
                                    ],
                                    "uv_size": [
                                        -4,
                                        4
                                    ]
                                },
                                "south": {
                                    "uv": [
                                        4,
                                        60
                                    ],
                                    "uv_size": [
                                        -4,
                                        4
                                    ]
                                },
                                "west": {
                                    "uv": [
                                        4,
                                        60
                                    ],
                                    "uv_size": [
                                        -4,
                                        4
                                    ]
                                },
                                "up": {
                                    "uv": [
                                        4,
                                        60
                                    ],
                                    "uv_size": [
                                        -4,
                                        4
                                    ]
                                },
                                "down": {
                                    "uv": [
                                        4,
                                        60
                                    ],
                                    "uv_size": [
                                        -4,
                                        4
                                    ]
                                }
                            }
                        }
                    ]
                },
                {
                    "name": "bone4",
                    "parent": "bone5",
                    "pivot": [
                        4.5,
                        7.28125,
                        -0.59375
                    ],
                    "rotation": [
                        -180,
                        0,
                        0
                    ],
                    "cubes": [
                        {
                            "origin": [
                                4.2,
                                7,
                                -1.25
                            ],
                            "size": [
                                0.75,
                                0.75,
                                0.75
                            ],
                            "uv": {
                                "north": {
                                    "uv": [
                                        4,
                                        60
                                    ],
                                    "uv_size": [
                                        -4,
                                        4
                                    ]
                                },
                                "east": {
                                    "uv": [
                                        4,
                                        60
                                    ],
                                    "uv_size": [
                                        -4,
                                        4
                                    ]
                                },
                                "south": {
                                    "uv": [
                                        4,
                                        60
                                    ],
                                    "uv_size": [
                                        -4,
                                        4
                                    ]
                                },
                                "west": {
                                    "uv": [
                                        4,
                                        60
                                    ],
                                    "uv_size": [
                                        -4,
                                        4
                                    ]
                                },
                                "up": {
                                    "uv": [
                                        4,
                                        60
                                    ],
                                    "uv_size": [
                                        -4,
                                        4
                                    ]
                                },
                                "down": {
                                    "uv": [
                                        4,
                                        60
                                    ],
                                    "uv_size": [
                                        -4,
                                        4
                                    ]
                                }
                            }
                        }
                    ]
                }
            ]
        }
    ]
}