{
    "format_version": "1.12.0",
    "minecraft:geometry": [
        {
            "description": {
                "identifier": "geometry.unknown",
                "texture_width": 64,
                "texture_height": 64,
                "visible_bounds_width": 3,
                "visible_bounds_height": 3.5,
                "visible_bounds_offset": [
                    0,
                    1.25,
                    0
                ]
            },
            "bones": [
                {
                    "name": "bipedBody",
                    "pivot": [
                        0,
                        24,
                        0
                    ]
                },
                {
                    "name": "belt3",
                    "parent": "bipedBody",
                    "pivot": [
                        0,
                        0,
                        0
                    ],
                    "cubes": [
                        {
                            "origin": [
                                -4.25,
                                11.5,
                                -2.25
                            ],
                            "size": [
                                8.5,
                                1,
                                4.5
                            ],
                            "uv": {
                                "north": {
                                    "uv": [
                                        40,
                                        0
                                    ],
                                    "uv_size": [
                                        -40,
                                        4
                                    ]
                                },
                                "east": {
                                    "uv": [
                                        64,
                                        0
                                    ],
                                    "uv_size": [
                                        -24,
                                        4
                                    ]
                                },
                                "south": {
                                    "uv": [
                                        40,
                                        4
                                    ],
                                    "uv_size": [
                                        -40,
                                        4
                                    ]
                                },
                                "west": {
                                    "uv": [
                                        64,
                                        4
                                    ],
                                    "uv_size": [
                                        -24,
                                        4
                                    ]
                                },
                                "up": {
                                    "uv": [
                                        40,
                                        8
                                    ],
                                    "uv_size": [
                                        -40,
                                        1
                                    ]
                                },
                                "down": {
                                    "uv": [
                                        40,
                                        9
                                    ],
                                    "uv_size": [
                                        -40,
                                        1
                                    ]
                                }
                            }
                        },
                        {
                            "origin": [
                                -0.75,
                                11.25,
                                2.05
                            ],
                            "size": [
                                1.5,
                                1.5,
                                0.25
                            ],
                            "uv": {
                                "north": {
                                    "uv": [
                                        6,
                                        10
                                    ],
                                    "uv_size": [
                                        -6,
                                        6
                                    ]
                                },
                                "east": {
                                    "uv": [
                                        1,
                                        10
                                    ],
                                    "uv_size": [
                                        -1,
                                        6
                                    ]
                                },
                                "south": {
                                    "uv": [
                                        6,
                                        10
                                    ],
                                    "uv_size": [
                                        -6,
                                        6
                                    ]
                                },
                                "west": {
                                    "uv": [
                                        6,
                                        10
                                    ],
                                    "uv_size": [
                                        -1,
                                        6
                                    ]
                                },
                                "up": {
                                    "uv": [
                                        0,
                                        10
                                    ],
                                    "uv_size": [
                                        6,
                                        1
                                    ]
                                },
                                "down": {
                                    "uv": [
                                        0,
                                        15
                                    ],
                                    "uv_size": [
                                        6,
                                        1
                                    ]
                                }
                            }
                        },
                        {
                            "origin": [
                                2,
                                11.4,
                                2.25
                            ],
                            "size": [
                                0.5,
                                1.2,
                                0.2
                            ],
                            "uv": {
                                "north": {
                                    "uv": [
                                        8,
                                        10
                                    ],
                                    "uv_size": [
                                        -2,
                                        6
                                    ]
                                },
                                "east": {
                                    "uv": [
                                        8,
                                        10
                                    ],
                                    "uv_size": [
                                        -2,
                                        6
                                    ]
                                },
                                "south": {
                                    "uv": [
                                        8,
                                        10
                                    ],
                                    "uv_size": [
                                        -2,
                                        6
                                    ]
                                },
                                "west": {
                                    "uv": [
                                        8,
                                        10
                                    ],
                                    "uv_size": [
                                        -2,
                                        6
                                    ]
                                },
                                "up": {
                                    "uv": [
                                        8,
                                        10
                                    ],
                                    "uv_size": [
                                        -2,
                                        6
                                    ]
                                },
                                "down": {
                                    "uv": [
                                        8,
                                        10
                                    ],
                                    "uv_size": [
                                        -2,
                                        6
                                    ]
                                }
                            }
                        },
                        {
                            "origin": [
                                -2.5,
                                11.4,
                                2.25
                            ],
                            "size": [
                                0.5,
                                1.2,
                                0.2
                            ],
                            "uv": {
                                "north": {
                                    "uv": [
                                        8,
                                        10
                                    ],
                                    "uv_size": [
                                        -2,
                                        6
                                    ]
                                },
                                "east": {
                                    "uv": [
                                        8,
                                        10
                                    ],
                                    "uv_size": [
                                        -2,
                                        6
                                    ]
                                },
                                "south": {
                                    "uv": [
                                        8,
                                        10
                                    ],
                                    "uv_size": [
                                        -2,
                                        6
                                    ]
                                },
                                "west": {
                                    "uv": [
                                        8,
                                        10
                                    ],
                                    "uv_size": [
                                        -2,
                                        6
                                    ]
                                },
                                "up": {
                                    "uv": [
                                        8,
                                        10
                                    ],
                                    "uv_size": [
                                        -2,
                                        6
                                    ]
                                },
                                "down": {
                                    "uv": [
                                        8,
                                        10
                                    ],
                                    "uv_size": [
                                        -2,
                                        6
                                    ]
                                }
                            }
                        },
                        {
                            "origin": [
                                -0.25,
                                11.4,
                                -2.45
                            ],
                            "size": [
                                0.5,
                                1.2,
                                0.2
                            ],
                            "uv": {
                                "north": {
                                    "uv": [
                                        8,
                                        10
                                    ],
                                    "uv_size": [
                                        -2,
                                        6
                                    ]
                                },
                                "east": {
                                    "uv": [
                                        8,
                                        10
                                    ],
                                    "uv_size": [
                                        -2,
                                        6
                                    ]
                                },
                                "south": {
                                    "uv": [
                                        8,
                                        10
                                    ],
                                    "uv_size": [
                                        -2,
                                        6
                                    ]
                                },
                                "west": {
                                    "uv": [
                                        8,
                                        10
                                    ],
                                    "uv_size": [
                                        -2,
                                        6
                                    ]
                                },
                                "up": {
                                    "uv": [
                                        8,
                                        10
                                    ],
                                    "uv_size": [
                                        -2,
                                        6
                                    ]
                                },
                                "down": {
                                    "uv": [
                                        8,
                                        10
                                    ],
                                    "uv_size": [
                                        -2,
                                        6
                                    ]
                                }
                            }
                        },
                        {
                            "origin": [
                                2.75,
                                11.4,
                                -2.45
                            ],
                            "size": [
                                0.5,
                                1.2,
                                0.2
                            ],
                            "uv": {
                                "north": {
                                    "uv": [
                                        8,
                                        10
                                    ],
                                    "uv_size": [
                                        -2,
                                        6
                                    ]
                                },
                                "east": {
                                    "uv": [
                                        8,
                                        10
                                    ],
                                    "uv_size": [
                                        -2,
                                        6
                                    ]
                                },
                                "south": {
                                    "uv": [
                                        8,
                                        10
                                    ],
                                    "uv_size": [
                                        -2,
                                        6
                                    ]
                                },
                                "west": {
                                    "uv": [
                                        8,
                                        10
                                    ],
                                    "uv_size": [
                                        -2,
                                        6
                                    ]
                                },
                                "up": {
                                    "uv": [
                                        8,
                                        10
                                    ],
                                    "uv_size": [
                                        -2,
                                        6
                                    ]
                                },
                                "down": {
                                    "uv": [
                                        8,
                                        10
                                    ],
                                    "uv_size": [
                                        -2,
                                        6
                                    ]
                                }
                            }
                        },
                        {
                            "origin": [
                                -3.25,
                                11.4,
                                -2.45
                            ],
                            "size": [
                                0.5,
                                1.2,
                                0.2
                            ],
                            "uv": {
                                "north": {
                                    "uv": [
                                        8,
                                        10
                                    ],
                                    "uv_size": [
                                        -2,
                                        6
                                    ]
                                },
                                "east": {
                                    "uv": [
                                        8,
                                        10
                                    ],
                                    "uv_size": [
                                        -2,
                                        6
                                    ]
                                },
                                "south": {
                                    "uv": [
                                        8,
                                        10
                                    ],
                                    "uv_size": [
                                        -2,
                                        6
                                    ]
                                },
                                "west": {
                                    "uv": [
                                        8,
                                        10
                                    ],
                                    "uv_size": [
                                        -2,
                                        6
                                    ]
                                },
                                "up": {
                                    "uv": [
                                        8,
                                        10
                                    ],
                                    "uv_size": [
                                        -2,
                                        6
                                    ]
                                },
                                "down": {
                                    "uv": [
                                        8,
                                        10
                                    ],
                                    "uv_size": [
                                        -2,
                                        6
                                    ]
                                }
                            }
                        }
                    ]
                },
                {
                    "name": "hammer",
                    "parent": "bipedBody",
                    "pivot": [
                        5.3,
                        9.16125,
                        -0.625
                    ],
                    "rotation": [
                        140.43131,
                        -6.40865,
                        -7.69263
                    ],
                    "cubes": [
                        {
                            "origin": [
                                3.8,
                                10.365,
                                -3.25
                            ],
                            "size": [
                                3,
                                3,
                                5.25
                            ],
                            "uv": {
                                "north": {
                                    "uv": [
                                        8,
                                        58
                                    ],
                                    "uv_size": [
                                        6,
                                        -6
                                    ]
                                },
                                "east": {
                                    "uv": [
                                        25,
                                        58
                                    ],
                                    "uv_size": [
                                        -11,
                                        6
                                    ]
                                },
                                "south": {
                                    "uv": [
                                        31,
                                        52
                                    ],
                                    "uv_size": [
                                        -6,
                                        6
                                    ]
                                },
                                "west": {
                                    "uv": [
                                        25,
                                        46
                                    ],
                                    "uv_size": [
                                        -11,
                                        6
                                    ]
                                },
                                "up": {
                                    "uv": [
                                        25,
                                        40
                                    ],
                                    "uv_size": [
                                        -11,
                                        6
                                    ]
                                },
                                "down": {
                                    "uv": [
                                        25,
                                        52
                                    ],
                                    "uv_size": [
                                        -11,
                                        6
                                    ]
                                }
                            }
                        },
                        {
                            "origin": [
                                4.925,
                                4.365,
                                -1
                            ],
                            "size": [
                                0.75,
                                9.75,
                                0.75
                            ],
                            "uv": {
                                "north": {
                                    "uv": [
                                        6,
                                        34
                                    ],
                                    "uv_size": [
                                        -2,
                                        28
                                    ]
                                },
                                "east": {
                                    "uv": [
                                        4,
                                        34
                                    ],
                                    "uv_size": [
                                        -2,
                                        28
                                    ]
                                },
                                "south": {
                                    "uv": [
                                        2,
                                        34
                                    ],
                                    "uv_size": [
                                        -2,
                                        28
                                    ]
                                },
                                "west": {
                                    "uv": [
                                        8,
                                        34
                                    ],
                                    "uv_size": [
                                        -2,
                                        28
                                    ]
                                },
                                "up": {
                                    "uv": [
                                        2,
                                        32
                                    ],
                                    "uv_size": [
                                        -2,
                                        2
                                    ]
                                },
                                "down": {
                                    "uv": [
                                        2,
                                        62
                                    ],
                                    "uv_size": [
                                        -2,
                                        2
                                    ]
                                }
                            }
                        },
                        {
                            "origin": [
                                4.55,
                                13.365,
                                -1.375
                            ],
                            "size": [
                                1.5,
                                0.3,
                                1.5
                            ],
                            "uv": {
                                "north": {
                                    "uv": [
                                        29,
                                        50
                                    ],
                                    "uv_size": [
                                        -4,
                                        1
                                    ]
                                },
                                "east": {
                                    "uv": [
                                        25,
                                        50
                                    ],
                                    "uv_size": [
                                        4,
                                        1
                                    ]
                                },
                                "south": {
                                    "uv": [
                                        25,
                                        47
                                    ],
                                    "uv_size": [
                                        4,
                                        1
                                    ]
                                },
                                "west": {
                                    "uv": [
                                        29,
                                        47
                                    ],
                                    "uv_size": [
                                        -4,
                                        1
                                    ]
                                },
                                "up": {
                                    "uv": [
                                        29,
                                        47
                                    ],
                                    "uv_size": [
                                        -4,
                                        4
                                    ]
                                },
                                "down": {
                                    "uv": [
                                        29,
                                        47
                                    ],
                                    "uv_size": [
                                        -4,
                                        4
                                    ]
                                }
                            }
                        },
                        {
                            "origin": [
                                4.85,
                                5.3025,
                                -1.075
                            ],
                            "size": [
                                0.9,
                                2.8125,
                                0.9
                            ],
                            "uv": {
                                "north": {
                                    "uv": [
                                        22,
                                        20
                                    ],
                                    "uv_size": [
                                        -4,
                                        13
                                    ]
                                },
                                "east": {
                                    "uv": [
                                        18,
                                        20
                                    ],
                                    "uv_size": [
                                        -4,
                                        13
                                    ]
                                },
                                "south": {
                                    "uv": [
                                        10,
                                        20
                                    ],
                                    "uv_size": [
                                        4,
                                        13
                                    ]
                                },
                                "west": {
                                    "uv": [
                                        22,
                                        20
                                    ],
                                    "uv_size": [
                                        4,
                                        13
                                    ]
                                },
                                "up": {
                                    "uv": [
                                        14,
                                        16
                                    ],
                                    "uv_size": [
                                        -4,
                                        4
                                    ]
                                },
                                "down": {
                                    "uv": [
                                        14,
                                        33
                                    ],
                                    "uv_size": [
                                        -4,
                                        4
                                    ]
                                }
                            }
                        },
                        {
                            "origin": [
                                4.7,
                                4.1775,
                                -1.225
                            ],
                            "size": [
                                1.2,
                                0.6,
                                1.2
                            ],
                            "uv": {
                                "north": {
                                    "uv": [
                                        25,
                                        48
                                    ],
                                    "uv_size": [
                                        4,
                                        2
                                    ]
                                },
                                "east": {
                                    "uv": [
                                        29,
                                        48
                                    ],
                                    "uv_size": [
                                        -4,
                                        2
                                    ]
                                },
                                "south": {
                                    "uv": [
                                        25,
                                        48
                                    ],
                                    "uv_size": [
                                        4,
                                        2
                                    ]
                                },
                                "west": {
                                    "uv": [
                                        29,
                                        48
                                    ],
                                    "uv_size": [
                                        -4,
                                        2
                                    ]
                                },
                                "up": {
                                    "uv": [
                                        29,
                                        46
                                    ],
                                    "uv_size": [
                                        -4,
                                        3
                                    ]
                                },
                                "down": {
                                    "uv": [
                                        25,
                                        51
                                    ],
                                    "uv_size": [
                                        4,
                                        -4
                                    ]
                                }
                            }
                        }
                    ]
                }
            ]
        }
    ]
}