{
	"format_version": "1.12.0",
	"minecraft:geometry": [
		{
			"description": {
				"identifier": "geometry.unknown",
				"texture_width": 64,
				"texture_height": 64,
				"visible_bounds_width": 3,
				"visible_bounds_height": 3.5,
				"visible_bounds_offset": [0, 1.25, 0]
			},
			"bones": [
				{
					"name": "bone6",
					"pivot": [0, 0, 0]
				},
				{
					"name": "mock",
					"pivot": [0, 0, 0]
				},
				{
					"name": "bipedHeadMock",
					"parent": "mock",
					"pivot": [0, 24, 0],
					"cubes": [
						{
							"origin": [-4.05, 23.95, -4.05],
							"size": [8.1, 8.1, 8.1],
							"uv": {
								"north": {"uv": [64, 56], "uv_size": [-8, 8]},
								"east": {"uv": [64, 56], "uv_size": [-8, 8]},
								"south": {"uv": [64, 54.5], "uv_size": [-8, 8]},
								"west": {"uv": [64, 56], "uv_size": [-8, 8]},
								"up": {"uv": [55.5, 64], "uv_size": [8.5, -18]},
								"down": {"uv": [56, 53], "uv_size": [8, 8]}
							}
						}
					]
				},
				{
					"name": "bipedBodyMock",
					"parent": "mock",
					"pivot": [0, 24, 0],
					"cubes": [
						{
							"origin": [-4, 12, -2],
							"size": [8, 12, 4],
							"uv": {
								"north": {"uv": [64, 52], "uv_size": [-8, 12]},
								"east": {"uv": [48, 52], "uv_size": [-4, 12]},
								"south": {"uv": [61, 47], "uv_size": [-8, 12]},
								"west": {"uv": [60, 52], "uv_size": [-4, 12]},
								"up": {"uv": [56, 64], "uv_size": [8, -4]},
								"down": {"uv": [56, 60], "uv_size": [8, 4]}
							}
						}
					]
				},
				{
					"name": "bipedRightArmMock",
					"parent": "mock",
					"pivot": [5, 22, 0]
				},
				{
					"name": "0_thin_only",
					"parent": "bipedRightArmMock",
					"pivot": [-0.17938, -0.1, 0],
					"cubes": [
						{
							"origin": [3.85982, 11.9, -2.0196],
							"size": [3.3392, 12, 4.0392],
							"uv": {
								"north": {"uv": [47.0392, 52], "uv_size": [-3.0392, 12]},
								"east": {"uv": [36.0392, 52], "uv_size": [-4.0392, 12]},
								"south": {"uv": [39.0392, 52], "uv_size": [-3.0392, 12]},
								"west": {"uv": [44.0392, 52], "uv_size": [-4.0392, 12]},
								"up": {"uv": [56, 64], "uv_size": [3.0392, -4.0392]},
								"down": {"uv": [60, 59.9608], "uv_size": [3.0392, 4.0392]}
							}
						}
					]
				},
				{
					"name": "0_wide_only",
					"parent": "bipedRightArmMock",
					"pivot": [-0.66, -0.1, 0],
					"cubes": [
						{
							"origin": [3.85982, 11.9, -2.0196],
							"size": [4.0392, 12, 4.0392],
							"uv": {
								"north": {"uv": [48, 52], "uv_size": [-4, 12]},
								"east": {"uv": [36, 52], "uv_size": [-4, 12]},
								"south": {"uv": [40, 52], "uv_size": [-4, 12]},
								"west": {"uv": [44, 52], "uv_size": [-4, 12]},
								"up": {"uv": [56, 63.9608], "uv_size": [4, -4]},
								"down": {"uv": [60, 59.9608], "uv_size": [4, 4]}
							}
						}
					]
				},
				{
					"name": "bipedLeftArmMock",
					"parent": "mock",
					"pivot": [-5, 22, 0]
				},
				{
					"name": "1_thin_only",
					"parent": "bipedLeftArmMock",
					"pivot": [0.18408, -0.1, 0],
					"cubes": [
						{
							"origin": [-7.19432, 11.9, -2.0196],
							"size": [3.3392, 12, 4.0392],
							"uv": {
								"north": {"uv": [63.0392, 52], "uv_size": [-3.0392, 12]},
								"east": {"uv": [52.0392, 52], "uv_size": [-4.0392, 12]},
								"south": {"uv": [55.0392, 52], "uv_size": [-3.0392, 12]},
								"west": {"uv": [60.0392, 52], "uv_size": [-4.0392, 12]},
								"up": {"uv": [52, 52.0392], "uv_size": [3.0392, -4.0392]},
								"down": {"uv": [56, 48], "uv_size": [3.0392, 4.0392]}
							}
						}
					]
				},
				{
					"name": "1_wide_only",
					"parent": "bipedLeftArmMock",
					"pivot": [0.66, -0.1, 0],
					"cubes": [
						{
							"origin": [-7.89432, 11.9, -2.0196],
							"size": [4.0392, 12, 4.0392],
							"uv": {
								"north": {"uv": [64, 52], "uv_size": [-4, 12]},
								"east": {"uv": [52, 52], "uv_size": [-4, 12]},
								"south": {"uv": [56, 52], "uv_size": [-4, 12]},
								"west": {"uv": [60, 52], "uv_size": [-4, 12]},
								"up": {"uv": [52, 52], "uv_size": [4, -4]},
								"down": {"uv": [56, 48], "uv_size": [4, 4]}
							}
						}
					]
				},
				{
					"name": "bipedLeftLegMock",
					"parent": "mock",
					"pivot": [-2.15, 12, 0],
					"cubes": [
						{
							"origin": [-0.025, -0.1, -2],
							"size": [4.05, 12, 4],
							"uv": {
								"north": {"uv": [44, 52], "uv_size": [-4, 12]},
								"east": {"uv": [60, 52], "uv_size": [-4, 12]},
								"south": {"uv": [64, 52], "uv_size": [-4, 12]},
								"west": {"uv": [48, 52], "uv_size": [-4, 12]},
								"up": {"uv": [52, 52], "uv_size": [4, -4]},
								"down": {"uv": [52, 52], "uv_size": [4, 4]}
							}
						}
					]
				},
				{
					"name": "bipedRightLegMock",
					"parent": "mock",
					"pivot": [2, 12, 0],
					"cubes": [
						{
							"origin": [-4.025, -0.1, -2],
							"size": [4.05, 12, 4],
							"uv": {
								"north": {"uv": [64, 52], "uv_size": [-4, 12]},
								"east": {"uv": [60, 48], "uv_size": [-4, 12]},
								"south": {"uv": [52, 52], "uv_size": [-4, 12]},
								"west": {"uv": [64, 48], "uv_size": [-4, 12]},
								"up": {"uv": [60, 59], "uv_size": [4, -4]},
								"down": {"uv": [60, 60], "uv_size": [4, 4]}
							}
						}
					]
				},
				{
					"name": "rogue",
					"pivot": [0, 24, 0]
				},
				{
					"name": "belt12",
					"parent": "rogue",
					"pivot": [0, 0, 0],
					"cubes": [
						{
							"origin": [-4.25, 11.5, -2.25],
							"size": [8.5, 1, 4.5],
							"uv": {
								"north": {"uv": [40, 0], "uv_size": [-40, 4]},
								"east": {"uv": [64, 0], "uv_size": [-24, 4]},
								"south": {"uv": [40, 4], "uv_size": [-40, 4]},
								"west": {"uv": [64, 4], "uv_size": [-24, 4]},
								"up": {"uv": [40, 8], "uv_size": [-40, 1]},
								"down": {"uv": [40, 9], "uv_size": [-40, 1]}
							}
						},
						{
							"origin": [-0.75, 11.25, 2.05],
							"size": [1.5, 1.5, 0.25],
							"uv": {
								"north": {"uv": [6, 10], "uv_size": [-6, 6]},
								"east": {"uv": [1, 10], "uv_size": [-1, 6]},
								"south": {"uv": [6, 10], "uv_size": [-6, 6]},
								"west": {"uv": [6, 10], "uv_size": [-1, 6]},
								"up": {"uv": [0, 10], "uv_size": [6, 1]},
								"down": {"uv": [0, 15], "uv_size": [6, 1]}
							}
						},
						{
							"origin": [2, 11.4, 2.25],
							"size": [0.5, 1.2, 0.2],
							"uv": {
								"north": {"uv": [8, 10], "uv_size": [-2, 6]},
								"east": {"uv": [8, 10], "uv_size": [-2, 6]},
								"south": {"uv": [8, 10], "uv_size": [-2, 6]},
								"west": {"uv": [8, 10], "uv_size": [-2, 6]},
								"up": {"uv": [8, 10], "uv_size": [-2, 6]},
								"down": {"uv": [8, 10], "uv_size": [-2, 6]}
							}
						},
						{
							"origin": [-2.5, 11.4, 2.25],
							"size": [0.5, 1.2, 0.2],
							"uv": {
								"north": {"uv": [8, 10], "uv_size": [-2, 6]},
								"east": {"uv": [8, 10], "uv_size": [-2, 6]},
								"south": {"uv": [8, 10], "uv_size": [-2, 6]},
								"west": {"uv": [8, 10], "uv_size": [-2, 6]},
								"up": {"uv": [8, 10], "uv_size": [-2, 6]},
								"down": {"uv": [8, 10], "uv_size": [-2, 6]}
							}
						},
						{
							"origin": [-0.25, 11.4, -2.45],
							"size": [0.5, 1.2, 0.2],
							"uv": {
								"north": {"uv": [8, 10], "uv_size": [-2, 6]},
								"east": {"uv": [8, 10], "uv_size": [-2, 6]},
								"south": {"uv": [8, 10], "uv_size": [-2, 6]},
								"west": {"uv": [8, 10], "uv_size": [-2, 6]},
								"up": {"uv": [8, 10], "uv_size": [-2, 6]},
								"down": {"uv": [8, 10], "uv_size": [-2, 6]}
							}
						},
						{
							"origin": [2.75, 11.4, -2.45],
							"size": [0.5, 1.2, 0.2],
							"uv": {
								"north": {"uv": [8, 10], "uv_size": [-2, 6]},
								"east": {"uv": [8, 10], "uv_size": [-2, 6]},
								"south": {"uv": [8, 10], "uv_size": [-2, 6]},
								"west": {"uv": [8, 10], "uv_size": [-2, 6]},
								"up": {"uv": [8, 10], "uv_size": [-2, 6]},
								"down": {"uv": [8, 10], "uv_size": [-2, 6]}
							}
						},
						{
							"origin": [-3.25, 11.4, -2.45],
							"size": [0.5, 1.2, 0.2],
							"uv": {
								"north": {"uv": [8, 10], "uv_size": [-2, 6]},
								"east": {"uv": [8, 10], "uv_size": [-2, 6]},
								"south": {"uv": [8, 10], "uv_size": [-2, 6]},
								"west": {"uv": [8, 10], "uv_size": [-2, 6]},
								"up": {"uv": [8, 10], "uv_size": [-2, 6]},
								"down": {"uv": [8, 10], "uv_size": [-2, 6]}
							}
						}
					]
				},
				{
					"name": "knife",
					"parent": "rogue",
					"pivot": [-4.4, 11.6, -2],
					"rotation": [-137.32791, -63.66309, 140.43708],
					"cubes": [
						{
							"origin": [-4.7, 13.2, -2.3],
							"size": [0.6, 0.6, 0.6],
							"uv": {
								"north": {"uv": [64, 15], "uv_size": [-4, 4.05]},
								"east": {"uv": [64, 15], "uv_size": [-4, 4.05]},
								"south": {"uv": [64, 15], "uv_size": [-4, 4.05]},
								"west": {"uv": [64, 15], "uv_size": [-4, 4.05]},
								"up": {"uv": [64, 15], "uv_size": [-4, 4.05]},
								"down": {"uv": [64, 15], "uv_size": [-4, 4.05]}
							}
						},
						{
							"origin": [-4.9, 11.2, -2.1],
							"size": [1, 0.3, 0.2],
							"uv": {
								"north": {"uv": [3, 63.125], "uv_size": [-1, 0.875]},
								"east": {"uv": [2.2, 63.125], "uv_size": [-0.2, 0.875]},
								"south": {"uv": [3, 63.125], "uv_size": [-1, 0.875]},
								"west": {"uv": [2.2, 63.125], "uv_size": [-0.2, 0.875]},
								"up": {"uv": [3, 63.125], "uv_size": [-1, 0.58333]},
								"down": {"uv": [3, 63.125], "uv_size": [-1, 0.58333]}
							}
						},
						{
							"origin": [-4.6, 11.5, -2.2],
							"size": [0.4, 1.7, 0.4],
							"uv": {
								"north": {"uv": [4, 46], "uv_size": [-4, 18]},
								"east": {"uv": [4, 46], "uv_size": [-4, 18]},
								"south": {"uv": [4, 46], "uv_size": [-4, 18]},
								"west": {"uv": [4, 46], "uv_size": [-4, 18]},
								"up": {"uv": [4, 46], "uv_size": [-4, 10.7]},
								"down": {"uv": [4, 46], "uv_size": [-4, 10.7]}
							}
						},
						{
							"origin": [-4.9, 7.2, -2],
							"size": [1, 4, 0],
							"uv": {
								"north": {"uv": [49, 15], "uv_size": [14, 6]},
								"east": {"uv": [49, 15], "uv_size": [0, 6]},
								"south": {"uv": [63, 15], "uv_size": [-14, 6]},
								"west": {"uv": [49, 15], "uv_size": [0, 6]},
								"up": {"uv": [53, 39], "uv_size": [-14, 0]},
								"down": {"uv": [53, 39], "uv_size": [-14, 0]}
							}
						}
					]
				},
				{
					"name": "knife2",
					"parent": "rogue",
					"pivot": [4.4, 11.6, -2],
					"rotation": [-42.67209, -63.66309, 39.56292],
					"cubes": [
						{
							"origin": [4.1, 13.2, -2.3],
							"size": [0.6, 0.6, 0.6],
							"uv": {
								"north": {"uv": [64, 15], "uv_size": [-4, 4.05]},
								"east": {"uv": [64, 15], "uv_size": [-4, 4.05]},
								"south": {"uv": [64, 15], "uv_size": [-4, 4.05]},
								"west": {"uv": [64, 15], "uv_size": [-4, 4.05]},
								"up": {"uv": [64, 15], "uv_size": [-4, 4.05]},
								"down": {"uv": [64, 15], "uv_size": [-4, 4.05]}
							}
						},
						{
							"origin": [3.9, 11.2, -2.1],
							"size": [1, 0.3, 0.2],
							"uv": {
								"north": {"uv": [3, 63.125], "uv_size": [-1, 0.875]},
								"east": {"uv": [2.2, 63.125], "uv_size": [-0.2, 0.875]},
								"south": {"uv": [3, 63.125], "uv_size": [-1, 0.875]},
								"west": {"uv": [2.2, 63.125], "uv_size": [-0.2, 0.875]},
								"up": {"uv": [3, 63.125], "uv_size": [-1, 0.58333]},
								"down": {"uv": [3, 63.125], "uv_size": [-1, 0.58333]}
							}
						},
						{
							"origin": [4.2, 11.5, -2.2],
							"size": [0.4, 1.7, 0.4],
							"uv": {
								"north": {"uv": [4, 46], "uv_size": [-4, 18]},
								"east": {"uv": [4, 46], "uv_size": [-4, 18]},
								"south": {"uv": [4, 46], "uv_size": [-4, 18]},
								"west": {"uv": [4, 46], "uv_size": [-4, 18]},
								"up": {"uv": [4, 46], "uv_size": [-4, 10.7]},
								"down": {"uv": [4, 46], "uv_size": [-4, 10.7]}
							}
						},
						{
							"origin": [3.9, 7.2, -2],
							"size": [1, 4, 0],
							"uv": {
								"north": {"uv": [49, 15], "uv_size": [14, 6]},
								"east": {"uv": [49, 15], "uv_size": [0, 6]},
								"south": {"uv": [63, 15], "uv_size": [-14, 6]},
								"west": {"uv": [49, 15], "uv_size": [0, 6]},
								"up": {"uv": [53, 39], "uv_size": [-14, 0]},
								"down": {"uv": [53, 39], "uv_size": [-14, 0]}
							}
						}
					]
				},
				{
					"name": "warrior",
					"pivot": [0, 24, 0]
				},
				{
					"name": "belt11",
					"parent": "warrior",
					"pivot": [0, 0, 0],
					"cubes": [
						{
							"origin": [-4.25, 11.5, -2.25],
							"size": [8.5, 1, 4.5],
							"uv": {
								"north": {"uv": [40, 0], "uv_size": [-40, 4]},
								"east": {"uv": [64, 0], "uv_size": [-24, 4]},
								"south": {"uv": [40, 4], "uv_size": [-40, 4]},
								"west": {"uv": [64, 4], "uv_size": [-24, 4]},
								"up": {"uv": [40, 8], "uv_size": [-40, 1]},
								"down": {"uv": [40, 9], "uv_size": [-40, 1]}
							}
						},
						{
							"origin": [-0.75, 11.25, 2.05],
							"size": [1.5, 1.5, 0.25],
							"uv": {
								"north": {"uv": [6, 10], "uv_size": [-6, 6]},
								"east": {"uv": [1, 10], "uv_size": [-1, 6]},
								"south": {"uv": [6, 10], "uv_size": [-6, 6]},
								"west": {"uv": [6, 10], "uv_size": [-1, 6]},
								"up": {"uv": [0, 10], "uv_size": [6, 1]},
								"down": {"uv": [0, 15], "uv_size": [6, 1]}
							}
						},
						{
							"origin": [2, 11.4, 2.25],
							"size": [0.5, 1.2, 0.2],
							"uv": {
								"north": {"uv": [8, 10], "uv_size": [-2, 6]},
								"east": {"uv": [8, 10], "uv_size": [-2, 6]},
								"south": {"uv": [8, 10], "uv_size": [-2, 6]},
								"west": {"uv": [8, 10], "uv_size": [-2, 6]},
								"up": {"uv": [8, 10], "uv_size": [-2, 6]},
								"down": {"uv": [8, 10], "uv_size": [-2, 6]}
							}
						},
						{
							"origin": [-2.5, 11.4, 2.25],
							"size": [0.5, 1.2, 0.2],
							"uv": {
								"north": {"uv": [8, 10], "uv_size": [-2, 6]},
								"east": {"uv": [8, 10], "uv_size": [-2, 6]},
								"south": {"uv": [8, 10], "uv_size": [-2, 6]},
								"west": {"uv": [8, 10], "uv_size": [-2, 6]},
								"up": {"uv": [8, 10], "uv_size": [-2, 6]},
								"down": {"uv": [8, 10], "uv_size": [-2, 6]}
							}
						},
						{
							"origin": [-0.25, 11.4, -2.45],
							"size": [0.5, 1.2, 0.2],
							"uv": {
								"north": {"uv": [8, 10], "uv_size": [-2, 6]},
								"east": {"uv": [8, 10], "uv_size": [-2, 6]},
								"south": {"uv": [8, 10], "uv_size": [-2, 6]},
								"west": {"uv": [8, 10], "uv_size": [-2, 6]},
								"up": {"uv": [8, 10], "uv_size": [-2, 6]},
								"down": {"uv": [8, 10], "uv_size": [-2, 6]}
							}
						},
						{
							"origin": [2.75, 11.4, -2.45],
							"size": [0.5, 1.2, 0.2],
							"uv": {
								"north": {"uv": [8, 10], "uv_size": [-2, 6]},
								"east": {"uv": [8, 10], "uv_size": [-2, 6]},
								"south": {"uv": [8, 10], "uv_size": [-2, 6]},
								"west": {"uv": [8, 10], "uv_size": [-2, 6]},
								"up": {"uv": [8, 10], "uv_size": [-2, 6]},
								"down": {"uv": [8, 10], "uv_size": [-2, 6]}
							}
						},
						{
							"origin": [-3.25, 11.4, -2.45],
							"size": [0.5, 1.2, 0.2],
							"uv": {
								"north": {"uv": [8, 10], "uv_size": [-2, 6]},
								"east": {"uv": [8, 10], "uv_size": [-2, 6]},
								"south": {"uv": [8, 10], "uv_size": [-2, 6]},
								"west": {"uv": [8, 10], "uv_size": [-2, 6]},
								"up": {"uv": [8, 10], "uv_size": [-2, 6]},
								"down": {"uv": [8, 10], "uv_size": [-2, 6]}
							}
						}
					]
				},
				{
					"name": "sheath",
					"parent": "warrior",
					"pivot": [5.8, 7.53333, 1],
					"rotation": [-35.96263, 55.34754, -48.82638],
					"cubes": [
						{
							"origin": [5.434, 4.66633, 0.634],
							"size": [0.732, 0.732, 0.732],
							"uv": {
								"north": {"uv": [13, 62], "uv_size": [-2, 2]},
								"east": {"uv": [13, 62], "uv_size": [-2, 2]},
								"south": {"uv": [13, 62], "uv_size": [-2, 2]},
								"west": {"uv": [13, 62], "uv_size": [-2, 2]},
								"up": {"uv": [13, 62], "uv_size": [-2, 2]},
								"down": {"uv": [13, 62], "uv_size": [-2, 2]}
							}
						},
						{
							"origin": [5.068, 5.39833, 0.634],
							"size": [1.464, 1.464, 0.732],
							"uv": {
								"north": {"uv": [11, 60], "uv_size": [-4, 4]},
								"east": {"uv": [9, 60], "uv_size": [-2, 4]},
								"south": {"uv": [11, 60], "uv_size": [-4, 4]},
								"west": {"uv": [9, 60], "uv_size": [-2, 4]},
								"up": {"uv": [9, 60], "uv_size": [-2, 4]},
								"down": {"uv": [9, 60], "uv_size": [-2, 4]}
							}
						},
						{
							"origin": [4.519, 6.86233, 0.451],
							"size": [2.562, 9.15, 1.098],
							"uv": {
								"north": {"uv": [7, 37], "uv_size": [-7, 25]},
								"east": {"uv": [3, 37], "uv_size": [-3, 25]},
								"south": {"uv": [7, 37], "uv_size": [-7, 25]},
								"west": {"uv": [3, 37], "uv_size": [-3, 25]},
								"up": {"uv": [26, 24], "uv_size": [-13, 13]},
								"down": {"uv": [10, 58], "uv_size": [-3, 4]}
							}
						}
					]
				},
				{
					"name": "rancher",
					"pivot": [0, 24, 0],
					"cubes": [
						{
							"origin": [3.85449, 3.56039, -3],
							"size": [0, 8, 6],
							"pivot": [0.20541, 16.60399, -0.09907],
							"rotation": [0, 0, -5],
							"uv": {
								"north": {"uv": [26, 18], "uv_size": [-5, 6]},
								"east": {"uv": [0, 30], "uv_size": [28, 34]},
								"south": {"uv": [26, 18], "uv_size": [-5, 6]},
								"west": {"uv": [28, 30], "uv_size": [-28, 34]},
								"up": {"uv": [26, 18], "uv_size": [-5, 6]},
								"down": {"uv": [26, 18], "uv_size": [-5, 6]}
							}
						}
					]
				},
				{
					"name": "belt10",
					"parent": "rancher",
					"pivot": [0, 0, 0],
					"cubes": [
						{
							"origin": [-4.25, 11.5, -2.25],
							"size": [8.5, 1, 4.5],
							"uv": {
								"north": {"uv": [40, 0], "uv_size": [-40, 4]},
								"east": {"uv": [64, 0], "uv_size": [-24, 4]},
								"south": {"uv": [40, 4], "uv_size": [-40, 4]},
								"west": {"uv": [64, 4], "uv_size": [-24, 4]},
								"up": {"uv": [40, 8], "uv_size": [-40, 1]},
								"down": {"uv": [40, 9], "uv_size": [-40, 1]}
							}
						},
						{
							"origin": [-0.75, 11.25, 2.05],
							"size": [1.5, 1.5, 0.25],
							"uv": {
								"north": {"uv": [6, 10], "uv_size": [-6, 6]},
								"east": {"uv": [1, 10], "uv_size": [-1, 6]},
								"south": {"uv": [6, 10], "uv_size": [-6, 6]},
								"west": {"uv": [6, 10], "uv_size": [-1, 6]},
								"up": {"uv": [0, 10], "uv_size": [6, 1]},
								"down": {"uv": [0, 15], "uv_size": [6, 1]}
							}
						},
						{
							"origin": [2, 11.4, 2.25],
							"size": [0.5, 1.2, 0.2],
							"uv": {
								"north": {"uv": [8, 10], "uv_size": [-2, 6]},
								"east": {"uv": [8, 10], "uv_size": [-2, 6]},
								"south": {"uv": [8, 10], "uv_size": [-2, 6]},
								"west": {"uv": [8, 10], "uv_size": [-2, 6]},
								"up": {"uv": [8, 10], "uv_size": [-2, 6]},
								"down": {"uv": [8, 10], "uv_size": [-2, 6]}
							}
						},
						{
							"origin": [-2.5, 11.4, 2.25],
							"size": [0.5, 1.2, 0.2],
							"uv": {
								"north": {"uv": [8, 10], "uv_size": [-2, 6]},
								"east": {"uv": [8, 10], "uv_size": [-2, 6]},
								"south": {"uv": [8, 10], "uv_size": [-2, 6]},
								"west": {"uv": [8, 10], "uv_size": [-2, 6]},
								"up": {"uv": [8, 10], "uv_size": [-2, 6]},
								"down": {"uv": [8, 10], "uv_size": [-2, 6]}
							}
						},
						{
							"origin": [-0.25, 11.4, -2.45],
							"size": [0.5, 1.2, 0.2],
							"uv": {
								"north": {"uv": [8, 10], "uv_size": [-2, 6]},
								"east": {"uv": [8, 10], "uv_size": [-2, 6]},
								"south": {"uv": [8, 10], "uv_size": [-2, 6]},
								"west": {"uv": [8, 10], "uv_size": [-2, 6]},
								"up": {"uv": [8, 10], "uv_size": [-2, 6]},
								"down": {"uv": [8, 10], "uv_size": [-2, 6]}
							}
						},
						{
							"origin": [2.75, 11.4, -2.45],
							"size": [0.5, 1.2, 0.2],
							"uv": {
								"north": {"uv": [8, 10], "uv_size": [-2, 6]},
								"east": {"uv": [8, 10], "uv_size": [-2, 6]},
								"south": {"uv": [8, 10], "uv_size": [-2, 6]},
								"west": {"uv": [8, 10], "uv_size": [-2, 6]},
								"up": {"uv": [8, 10], "uv_size": [-2, 6]},
								"down": {"uv": [8, 10], "uv_size": [-2, 6]}
							}
						},
						{
							"origin": [-3.25, 11.4, -2.45],
							"size": [0.5, 1.2, 0.2],
							"uv": {
								"north": {"uv": [8, 10], "uv_size": [-2, 6]},
								"east": {"uv": [8, 10], "uv_size": [-2, 6]},
								"south": {"uv": [8, 10], "uv_size": [-2, 6]},
								"west": {"uv": [8, 10], "uv_size": [-2, 6]},
								"up": {"uv": [8, 10], "uv_size": [-2, 6]},
								"down": {"uv": [8, 10], "uv_size": [-2, 6]}
							}
						}
					]
				},
				{
					"name": "miner",
					"pivot": [0, 24, 0]
				},
				{
					"name": "belt9",
					"parent": "miner",
					"pivot": [0, 0, 0],
					"cubes": [
						{
							"origin": [-4.25, 11.5, -2.25],
							"size": [8.5, 1, 4.5],
							"uv": {
								"north": {"uv": [40, 0], "uv_size": [-40, 4]},
								"east": {"uv": [64, 0], "uv_size": [-24, 4]},
								"south": {"uv": [40, 4], "uv_size": [-40, 4]},
								"west": {"uv": [64, 4], "uv_size": [-24, 4]},
								"up": {"uv": [40, 8], "uv_size": [-40, 1]},
								"down": {"uv": [40, 9], "uv_size": [-40, 1]}
							}
						},
						{
							"origin": [-0.75, 11.25, 2.05],
							"size": [1.5, 1.5, 0.25],
							"uv": {
								"north": {"uv": [6, 10], "uv_size": [-6, 6]},
								"east": {"uv": [1, 10], "uv_size": [-1, 6]},
								"south": {"uv": [6, 10], "uv_size": [-6, 6]},
								"west": {"uv": [6, 10], "uv_size": [-1, 6]},
								"up": {"uv": [0, 10], "uv_size": [6, 1]},
								"down": {"uv": [0, 15], "uv_size": [6, 1]}
							}
						},
						{
							"origin": [2, 11.4, 2.25],
							"size": [0.5, 1.2, 0.2],
							"uv": {
								"north": {"uv": [8, 10], "uv_size": [-2, 6]},
								"east": {"uv": [8, 10], "uv_size": [-2, 6]},
								"south": {"uv": [8, 10], "uv_size": [-2, 6]},
								"west": {"uv": [8, 10], "uv_size": [-2, 6]},
								"up": {"uv": [8, 10], "uv_size": [-2, 6]},
								"down": {"uv": [8, 10], "uv_size": [-2, 6]}
							}
						},
						{
							"origin": [-2.5, 11.4, 2.25],
							"size": [0.5, 1.2, 0.2],
							"uv": {
								"north": {"uv": [8, 10], "uv_size": [-2, 6]},
								"east": {"uv": [8, 10], "uv_size": [-2, 6]},
								"south": {"uv": [8, 10], "uv_size": [-2, 6]},
								"west": {"uv": [8, 10], "uv_size": [-2, 6]},
								"up": {"uv": [8, 10], "uv_size": [-2, 6]},
								"down": {"uv": [8, 10], "uv_size": [-2, 6]}
							}
						},
						{
							"origin": [-0.25, 11.4, -2.45],
							"size": [0.5, 1.2, 0.2],
							"uv": {
								"north": {"uv": [8, 10], "uv_size": [-2, 6]},
								"east": {"uv": [8, 10], "uv_size": [-2, 6]},
								"south": {"uv": [8, 10], "uv_size": [-2, 6]},
								"west": {"uv": [8, 10], "uv_size": [-2, 6]},
								"up": {"uv": [8, 10], "uv_size": [-2, 6]},
								"down": {"uv": [8, 10], "uv_size": [-2, 6]}
							}
						},
						{
							"origin": [2.75, 11.4, -2.45],
							"size": [0.5, 1.2, 0.2],
							"uv": {
								"north": {"uv": [8, 10], "uv_size": [-2, 6]},
								"east": {"uv": [8, 10], "uv_size": [-2, 6]},
								"south": {"uv": [8, 10], "uv_size": [-2, 6]},
								"west": {"uv": [8, 10], "uv_size": [-2, 6]},
								"up": {"uv": [8, 10], "uv_size": [-2, 6]},
								"down": {"uv": [8, 10], "uv_size": [-2, 6]}
							}
						},
						{
							"origin": [-3.25, 11.4, -2.45],
							"size": [0.5, 1.2, 0.2],
							"uv": {
								"north": {"uv": [8, 10], "uv_size": [-2, 6]},
								"east": {"uv": [8, 10], "uv_size": [-2, 6]},
								"south": {"uv": [8, 10], "uv_size": [-2, 6]},
								"west": {"uv": [8, 10], "uv_size": [-2, 6]},
								"up": {"uv": [8, 10], "uv_size": [-2, 6]},
								"down": {"uv": [8, 10], "uv_size": [-2, 6]}
							}
						}
					]
				},
				{
					"name": "pickaxe",
					"parent": "miner",
					"pivot": [4.7125, 8, 0.55],
					"rotation": [-155, 0, 0],
					"cubes": [
						{
							"origin": [4.191, 2.04, 0.0285],
							"size": [1.043, 8.344, 1.043],
							"uv": {
								"north": {"uv": [4, 34], "uv_size": [-2, 16]},
								"east": {"uv": [2, 34], "uv_size": [-2, 16]},
								"south": {"uv": [8, 34], "uv_size": [-2, 16]},
								"west": {"uv": [6, 34], "uv_size": [-2, 16]},
								"up": {"uv": [2, 32], "uv_size": [-2, 2]},
								"down": {"uv": [2, 50], "uv_size": [-2, 2]}
							}
						},
						{
							"origin": [4.191, 10.384, -3.1005],
							"size": [1.043, 1.043, 7.301],
							"uv": {
								"north": {"uv": [15.97143, 61], "uv_size": [-1.97143, 2]},
								"east": {"uv": [25, 50], "uv_size": [-11, 2]},
								"south": {"uv": [24.87143, 61], "uv_size": [-1.87143, 2]},
								"west": {"uv": [25, 46], "uv_size": [-11, 2]},
								"up": {"uv": [25, 44], "uv_size": [-11, 2]},
								"down": {"uv": [25, 48], "uv_size": [-11, 2]}
							}
						},
						{
							"origin": [3.93025, 10.12325, -0.493],
							"size": [1.5645, 1.5645, 2.086],
							"uv": {
								"north": {"uv": [28, 47], "uv_size": [-3, 3]},
								"east": {"uv": [29, 47], "uv_size": [-4, 3]},
								"south": {"uv": [28, 47], "uv_size": [-3, 3]},
								"west": {"uv": [29, 47], "uv_size": [-4, 3]},
								"up": {"uv": [29, 47], "uv_size": [-4, 3]},
								"down": {"uv": [29, 47], "uv_size": [-4, 3]}
							}
						},
						{
							"origin": [4.45175, 10.384, -4.1435],
							"size": [0.5215, 0.5215, 1.043],
							"uv": {
								"north": {"uv": [21, 61], "uv_size": [-2, 2]},
								"east": {"uv": [23, 61], "uv_size": [-4, 2]},
								"south": {"uv": [21, 61], "uv_size": [-2, 2]},
								"west": {"uv": [23, 61], "uv_size": [-4, 2]},
								"up": {"uv": [23, 61], "uv_size": [-4, 2]},
								"down": {"uv": [23, 61], "uv_size": [-4, 2]}
							}
						},
						{
							"origin": [4.45175, 10.384, 4.2005],
							"size": [0.5215, 0.5215, 1.043],
							"uv": {
								"north": {"uv": [21, 61], "uv_size": [-2, 2]},
								"east": {"uv": [23, 61], "uv_size": [-4, 2]},
								"south": {"uv": [21, 61], "uv_size": [-2, 2]},
								"west": {"uv": [23, 61], "uv_size": [-4, 2]},
								"up": {"uv": [23, 61], "uv_size": [-4, 2]},
								"down": {"uv": [23, 61], "uv_size": [-4, 2]}
							}
						},
						{
							"origin": [4.0867, 3.083, -0.0758],
							"size": [1.2516, 3.129, 1.2516],
							"uv": {
								"north": {"uv": [18, 20], "uv_size": [-4, 13]},
								"east": {"uv": [14, 20], "uv_size": [-4, 13]},
								"south": {"uv": [26, 20], "uv_size": [-4, 13]},
								"west": {"uv": [22, 20], "uv_size": [-4, 13]},
								"up": {"uv": [14, 16], "uv_size": [-4, 4]},
								"down": {"uv": [14, 33], "uv_size": [-4, 4]}
							}
						},
						{
							"origin": [3.93025, 1.5185, -0.23225],
							"size": [1.5645, 1.043, 1.5645],
							"uv": {
								"north": {"uv": [29, 47], "uv_size": [-4, 3]},
								"east": {"uv": [29, 47], "uv_size": [-4, 3]},
								"south": {"uv": [29, 47], "uv_size": [-4, 3]},
								"west": {"uv": [29, 47], "uv_size": [-4, 3]},
								"up": {"uv": [29, 47], "uv_size": [-4, 4]},
								"down": {"uv": [29, 47], "uv_size": [-4, 4]}
							}
						}
					]
				},
				{
					"name": "merchant",
					"pivot": [0, 24, 0]
				},
				{
					"name": "bone_meal2",
					"parent": "merchant",
					"pivot": [3, 10.81146, -4],
					"rotation": [-15, 0, 0],
					"cubes": [
						{
							"origin": [1.8675, 12.79569, -5.1325],
							"size": [2.265, 0.70781, 2.265],
							"uv": {
								"north": {"uv": [4, 56], "uv_size": [-4, 0.95]},
								"east": {"uv": [0, 56], "uv_size": [4, 0.95]},
								"south": {"uv": [4, 56], "uv_size": [-4, 0.95]},
								"west": {"uv": [0, 56], "uv_size": [4, 0.95]},
								"up": {"uv": [16, 56], "uv_size": [-8, 8]},
								"down": {"uv": [4, 56], "uv_size": [-4, 4]}
							}
						},
						{
							"origin": [2.43375, 12.37101, -4.56625],
							"size": [1.1325, 0.56625, 1.1325],
							"uv": {
								"north": {"uv": [2, 56], "uv_size": [-2, 1]},
								"east": {"uv": [0, 56], "uv_size": [2, 1]},
								"south": {"uv": [2, 56], "uv_size": [-2, 1]},
								"west": {"uv": [0, 56], "uv_size": [2, 1]},
								"up": {"uv": [2, 56], "uv_size": [-2, 2]},
								"down": {"uv": [2, 56], "uv_size": [-2, 2]}
							}
						},
						{
							"origin": [1.4145, 11.69151, -5.5855],
							"size": [3.171, 0.6795, 3.171],
							"uv": {
								"north": {"uv": [5, 56], "uv_size": [-4.6, 0.3]},
								"east": {"uv": [0.4, 56], "uv_size": [4.6, 0.3]},
								"south": {"uv": [5, 56], "uv_size": [-4.6, 0.3]},
								"west": {"uv": [0.4, 56], "uv_size": [4.6, 0.3]},
								"up": {"uv": [4.6, 56], "uv_size": [-4.6, 4.6]},
								"down": {"uv": [4.6, 56], "uv_size": [-4.6, 4.6]}
							}
						},
						{
							"origin": [0.735, 8.97351, -6.265],
							"size": [4.53, 2.718, 4.53],
							"uv": {
								"north": {"uv": [8, 56], "uv_size": [-8, 4.8]},
								"east": {"uv": [0, 56], "uv_size": [8, 4.8]},
								"south": {"uv": [8, 56], "uv_size": [-8, 4.8]},
								"west": {"uv": [0, 56], "uv_size": [8, 4.8]},
								"up": {"uv": [8, 56], "uv_size": [-8, 8]},
								"down": {"uv": [8, 56], "uv_size": [-8, 8]}
							}
						},
						{
							"origin": [1.4145, 8.29401, -5.5855],
							"size": [3.171, 0.6795, 3.171],
							"uv": {
								"north": {"uv": [3.5, 56], "uv_size": [-3.5, 0.75]},
								"east": {"uv": [0, 56], "uv_size": [3.5, 0.75]},
								"south": {"uv": [3.5, 56], "uv_size": [-3.5, 0.75]},
								"west": {"uv": [0, 56], "uv_size": [3.5, 0.75]},
								"up": {"uv": [3.5, 56], "uv_size": [-3.5, 3.5]},
								"down": {"uv": [3.5, 56], "uv_size": [-3.5, 3.5]}
							}
						},
						{
							"origin": [1.8675, 7.84101, -5.1325],
							"size": [2.265, 0.453, 2.265],
							"uv": {
								"north": {"uv": [4, 56], "uv_size": [-4, 0.8]},
								"east": {"uv": [0, 56], "uv_size": [4, 0.8]},
								"south": {"uv": [4, 56], "uv_size": [-4, 0.8]},
								"west": {"uv": [0, 56], "uv_size": [4, 0.8]},
								"up": {"uv": [4, 56], "uv_size": [-4, 4]},
								"down": {"uv": [4, 56], "uv_size": [-4, 4]}
							}
						}
					]
				},
				{
					"name": "belt8",
					"parent": "merchant",
					"pivot": [0, 0, 0],
					"cubes": [
						{
							"origin": [-4.25, 11.5, -2.25],
							"size": [8.5, 1, 4.5],
							"uv": {
								"north": {"uv": [40, 0], "uv_size": [-40, 4]},
								"east": {"uv": [64, 0], "uv_size": [-24, 4]},
								"south": {"uv": [40, 4], "uv_size": [-40, 4]},
								"west": {"uv": [64, 4], "uv_size": [-24, 4]},
								"up": {"uv": [40, 8], "uv_size": [-40, 1]},
								"down": {"uv": [40, 9], "uv_size": [-40, 1]}
							}
						},
						{
							"origin": [-0.75, 11.25, 2.05],
							"size": [1.5, 1.5, 0.25],
							"uv": {
								"north": {"uv": [6, 10], "uv_size": [-6, 6]},
								"east": {"uv": [1, 10], "uv_size": [-1, 6]},
								"south": {"uv": [6, 10], "uv_size": [-6, 6]},
								"west": {"uv": [6, 10], "uv_size": [-1, 6]},
								"up": {"uv": [0, 10], "uv_size": [6, 1]},
								"down": {"uv": [0, 15], "uv_size": [6, 1]}
							}
						},
						{
							"origin": [2, 11.4, 2.25],
							"size": [0.5, 1.2, 0.2],
							"uv": {
								"north": {"uv": [8, 10], "uv_size": [-2, 6]},
								"east": {"uv": [8, 10], "uv_size": [-2, 6]},
								"south": {"uv": [8, 10], "uv_size": [-2, 6]},
								"west": {"uv": [8, 10], "uv_size": [-2, 6]},
								"up": {"uv": [8, 10], "uv_size": [-2, 6]},
								"down": {"uv": [8, 10], "uv_size": [-2, 6]}
							}
						},
						{
							"origin": [-2.5, 11.4, 2.25],
							"size": [0.5, 1.2, 0.2],
							"uv": {
								"north": {"uv": [8, 10], "uv_size": [-2, 6]},
								"east": {"uv": [8, 10], "uv_size": [-2, 6]},
								"south": {"uv": [8, 10], "uv_size": [-2, 6]},
								"west": {"uv": [8, 10], "uv_size": [-2, 6]},
								"up": {"uv": [8, 10], "uv_size": [-2, 6]},
								"down": {"uv": [8, 10], "uv_size": [-2, 6]}
							}
						},
						{
							"origin": [-0.25, 11.4, -2.45],
							"size": [0.5, 1.2, 0.2],
							"uv": {
								"north": {"uv": [8, 10], "uv_size": [-2, 6]},
								"east": {"uv": [8, 10], "uv_size": [-2, 6]},
								"south": {"uv": [8, 10], "uv_size": [-2, 6]},
								"west": {"uv": [8, 10], "uv_size": [-2, 6]},
								"up": {"uv": [8, 10], "uv_size": [-2, 6]},
								"down": {"uv": [8, 10], "uv_size": [-2, 6]}
							}
						},
						{
							"origin": [2.75, 11.4, -2.45],
							"size": [0.5, 1.2, 0.2],
							"uv": {
								"north": {"uv": [8, 10], "uv_size": [-2, 6]},
								"east": {"uv": [8, 10], "uv_size": [-2, 6]},
								"south": {"uv": [8, 10], "uv_size": [-2, 6]},
								"west": {"uv": [8, 10], "uv_size": [-2, 6]},
								"up": {"uv": [8, 10], "uv_size": [-2, 6]},
								"down": {"uv": [8, 10], "uv_size": [-2, 6]}
							}
						},
						{
							"origin": [-3.25, 11.4, -2.45],
							"size": [0.5, 1.2, 0.2],
							"uv": {
								"north": {"uv": [8, 10], "uv_size": [-2, 6]},
								"east": {"uv": [8, 10], "uv_size": [-2, 6]},
								"south": {"uv": [8, 10], "uv_size": [-2, 6]},
								"west": {"uv": [8, 10], "uv_size": [-2, 6]},
								"up": {"uv": [8, 10], "uv_size": [-2, 6]},
								"down": {"uv": [8, 10], "uv_size": [-2, 6]}
							}
						}
					]
				},
				{
					"name": "lumberjack",
					"pivot": [0, 24, 0]
				},
				{
					"name": "belt6",
					"parent": "lumberjack",
					"pivot": [0, 0, 0],
					"cubes": [
						{
							"origin": [-4.25, 11.5, -2.25],
							"size": [8.5, 1, 4.5],
							"uv": {
								"north": {"uv": [40, 0], "uv_size": [-40, 4]},
								"east": {"uv": [64, 0], "uv_size": [-24, 4]},
								"south": {"uv": [40, 4], "uv_size": [-40, 4]},
								"west": {"uv": [64, 4], "uv_size": [-24, 4]},
								"up": {"uv": [40, 8], "uv_size": [-40, 1]},
								"down": {"uv": [40, 9], "uv_size": [-40, 1]}
							}
						},
						{
							"origin": [-0.75, 11.25, 2.05],
							"size": [1.5, 1.5, 0.25],
							"uv": {
								"north": {"uv": [6, 10], "uv_size": [-6, 6]},
								"east": {"uv": [1, 10], "uv_size": [-1, 6]},
								"south": {"uv": [6, 10], "uv_size": [-6, 6]},
								"west": {"uv": [6, 10], "uv_size": [-1, 6]},
								"up": {"uv": [0, 10], "uv_size": [6, 1]},
								"down": {"uv": [0, 15], "uv_size": [6, 1]}
							}
						},
						{
							"origin": [2, 11.4, 2.25],
							"size": [0.5, 1.2, 0.2],
							"uv": {
								"north": {"uv": [8, 10], "uv_size": [-2, 6]},
								"east": {"uv": [8, 10], "uv_size": [-2, 6]},
								"south": {"uv": [8, 10], "uv_size": [-2, 6]},
								"west": {"uv": [8, 10], "uv_size": [-2, 6]},
								"up": {"uv": [8, 10], "uv_size": [-2, 6]},
								"down": {"uv": [8, 10], "uv_size": [-2, 6]}
							}
						},
						{
							"origin": [-2.5, 11.4, 2.25],
							"size": [0.5, 1.2, 0.2],
							"uv": {
								"north": {"uv": [8, 10], "uv_size": [-2, 6]},
								"east": {"uv": [8, 10], "uv_size": [-2, 6]},
								"south": {"uv": [8, 10], "uv_size": [-2, 6]},
								"west": {"uv": [8, 10], "uv_size": [-2, 6]},
								"up": {"uv": [8, 10], "uv_size": [-2, 6]},
								"down": {"uv": [8, 10], "uv_size": [-2, 6]}
							}
						},
						{
							"origin": [-0.25, 11.4, -2.45],
							"size": [0.5, 1.2, 0.2],
							"uv": {
								"north": {"uv": [8, 10], "uv_size": [-2, 6]},
								"east": {"uv": [8, 10], "uv_size": [-2, 6]},
								"south": {"uv": [8, 10], "uv_size": [-2, 6]},
								"west": {"uv": [8, 10], "uv_size": [-2, 6]},
								"up": {"uv": [8, 10], "uv_size": [-2, 6]},
								"down": {"uv": [8, 10], "uv_size": [-2, 6]}
							}
						},
						{
							"origin": [2.75, 11.4, -2.45],
							"size": [0.5, 1.2, 0.2],
							"uv": {
								"north": {"uv": [8, 10], "uv_size": [-2, 6]},
								"east": {"uv": [8, 10], "uv_size": [-2, 6]},
								"south": {"uv": [8, 10], "uv_size": [-2, 6]},
								"west": {"uv": [8, 10], "uv_size": [-2, 6]},
								"up": {"uv": [8, 10], "uv_size": [-2, 6]},
								"down": {"uv": [8, 10], "uv_size": [-2, 6]}
							}
						},
						{
							"origin": [-3.25, 11.4, -2.45],
							"size": [0.5, 1.2, 0.2],
							"uv": {
								"north": {"uv": [8, 10], "uv_size": [-2, 6]},
								"east": {"uv": [8, 10], "uv_size": [-2, 6]},
								"south": {"uv": [8, 10], "uv_size": [-2, 6]},
								"west": {"uv": [8, 10], "uv_size": [-2, 6]},
								"up": {"uv": [8, 10], "uv_size": [-2, 6]},
								"down": {"uv": [8, 10], "uv_size": [-2, 6]}
							}
						}
					]
				},
				{
					"name": "saw",
					"parent": "lumberjack",
					"pivot": [4.50013, 10.31471, -0.52148],
					"rotation": [-94.98637, 0.64686, -177.58508],
					"cubes": [
						{
							"origin": [4.46788, 8.779, -7.71888],
							"size": [0.05699, 3.13459, 6.8391],
							"uv": {
								"north": {"uv": [64, 26], "uv_size": [-2, 2]},
								"east": {"uv": [64, 15], "uv_size": [-15, 7]},
								"south": {"uv": [64, 26], "uv_size": [-2, 2]},
								"west": {"uv": [49, 15], "uv_size": [15, 7]},
								"up": {"uv": [64, 26], "uv_size": [-2, 2]},
								"down": {"uv": [64, 26], "uv_size": [-2, 2]}
							}
						},
						{
							"origin": [4.06894, 8.82373, 0.96683],
							"size": [0.85489, 2.93985, 0.76429],
							"uv": {
								"north": {"uv": [4, 46], "uv_size": [-4, 4]},
								"east": {"uv": [0, 46], "uv_size": [18, 4]},
								"south": {"uv": [4, 46], "uv_size": [-4, 4]},
								"west": {"uv": [18, 46], "uv_size": [-18, 4]},
								"up": {"uv": [4, 46], "uv_size": [-4, 18]},
								"down": {"uv": [4, 64], "uv_size": [-4, -18]}
							}
						},
						{
							"origin": [3.78397, 8.85381, -0.93806],
							"size": [1.42481, 2.92481, 0.85489],
							"uv": {
								"north": {"uv": [8, 54], "uv_size": [-4, 4]},
								"east": {"uv": [6, 54], "uv_size": [-2, 4]},
								"south": {"uv": [8, 54], "uv_size": [-4, 4]},
								"west": {"uv": [6, 54], "uv_size": [-2, 4]},
								"up": {"uv": [8, 54], "uv_size": [-4, 2]},
								"down": {"uv": [8, 54], "uv_size": [-4, 2]}
							}
						},
						{
							"origin": [4.08397, 11.23877, -0.08317],
							"size": [0.84356, 0.53985, 1.01992],
							"uv": {
								"north": {"uv": [8, 50], "uv_size": [-4, 4]},
								"east": {"uv": [6, 50], "uv_size": [-2, 4]},
								"south": {"uv": [8, 50], "uv_size": [-4, 4]},
								"west": {"uv": [6, 50], "uv_size": [-2, 4]},
								"up": {"uv": [8, 50], "uv_size": [-4, 2]},
								"down": {"uv": [8, 50], "uv_size": [-4, 2]}
							}
						},
						{
							"origin": [4.08397, 8.83877, -0.08317],
							"size": [0.84356, 0.53985, 1.01992],
							"uv": {
								"north": {"uv": [8, 50], "uv_size": [-4, 4]},
								"east": {"uv": [6, 50], "uv_size": [-2, 4]},
								"south": {"uv": [8, 50], "uv_size": [-4, 4]},
								"west": {"uv": [6, 50], "uv_size": [-2, 4]},
								"up": {"uv": [8, 50], "uv_size": [-4, 2]},
								"down": {"uv": [8, 50], "uv_size": [-4, 2]}
							}
						}
					]
				},
				{
					"name": "cook",
					"pivot": [0, 24, 0]
				},
				{
					"name": "belt5",
					"parent": "cook",
					"pivot": [0, 0, 0],
					"cubes": [
						{
							"origin": [-4.25, 11.5, -2.25],
							"size": [8.5, 1, 4.5],
							"uv": {
								"north": {"uv": [40, 0], "uv_size": [-40, 4]},
								"east": {"uv": [64, 0], "uv_size": [-24, 4]},
								"south": {"uv": [40, 4], "uv_size": [-40, 4]},
								"west": {"uv": [64, 4], "uv_size": [-24, 4]},
								"up": {"uv": [40, 8], "uv_size": [-40, 1]},
								"down": {"uv": [40, 9], "uv_size": [-40, 1]}
							}
						},
						{
							"origin": [-0.75, 11.25, 2.05],
							"size": [1.5, 1.5, 0.25],
							"uv": {
								"north": {"uv": [6, 10], "uv_size": [-6, 6]},
								"east": {"uv": [1, 10], "uv_size": [-1, 6]},
								"south": {"uv": [6, 10], "uv_size": [-6, 6]},
								"west": {"uv": [6, 10], "uv_size": [-1, 6]},
								"up": {"uv": [0, 10], "uv_size": [6, 1]},
								"down": {"uv": [0, 15], "uv_size": [6, 1]}
							}
						},
						{
							"origin": [2, 11.4, 2.25],
							"size": [0.5, 1.2, 0.2],
							"uv": {
								"north": {"uv": [8, 10], "uv_size": [-2, 6]},
								"east": {"uv": [8, 10], "uv_size": [-2, 6]},
								"south": {"uv": [8, 10], "uv_size": [-2, 6]},
								"west": {"uv": [8, 10], "uv_size": [-2, 6]},
								"up": {"uv": [8, 10], "uv_size": [-2, 6]},
								"down": {"uv": [8, 10], "uv_size": [-2, 6]}
							}
						},
						{
							"origin": [-2.5, 11.4, 2.25],
							"size": [0.5, 1.2, 0.2],
							"uv": {
								"north": {"uv": [8, 10], "uv_size": [-2, 6]},
								"east": {"uv": [8, 10], "uv_size": [-2, 6]},
								"south": {"uv": [8, 10], "uv_size": [-2, 6]},
								"west": {"uv": [8, 10], "uv_size": [-2, 6]},
								"up": {"uv": [8, 10], "uv_size": [-2, 6]},
								"down": {"uv": [8, 10], "uv_size": [-2, 6]}
							}
						},
						{
							"origin": [-0.25, 11.4, -2.45],
							"size": [0.5, 1.2, 0.2],
							"uv": {
								"north": {"uv": [8, 10], "uv_size": [-2, 6]},
								"east": {"uv": [8, 10], "uv_size": [-2, 6]},
								"south": {"uv": [8, 10], "uv_size": [-2, 6]},
								"west": {"uv": [8, 10], "uv_size": [-2, 6]},
								"up": {"uv": [8, 10], "uv_size": [-2, 6]},
								"down": {"uv": [8, 10], "uv_size": [-2, 6]}
							}
						},
						{
							"origin": [2.75, 11.4, -2.45],
							"size": [0.5, 1.2, 0.2],
							"uv": {
								"north": {"uv": [8, 10], "uv_size": [-2, 6]},
								"east": {"uv": [8, 10], "uv_size": [-2, 6]},
								"south": {"uv": [8, 10], "uv_size": [-2, 6]},
								"west": {"uv": [8, 10], "uv_size": [-2, 6]},
								"up": {"uv": [8, 10], "uv_size": [-2, 6]},
								"down": {"uv": [8, 10], "uv_size": [-2, 6]}
							}
						},
						{
							"origin": [-3.25, 11.4, -2.45],
							"size": [0.5, 1.2, 0.2],
							"uv": {
								"north": {"uv": [8, 10], "uv_size": [-2, 6]},
								"east": {"uv": [8, 10], "uv_size": [-2, 6]},
								"south": {"uv": [8, 10], "uv_size": [-2, 6]},
								"west": {"uv": [8, 10], "uv_size": [-2, 6]},
								"up": {"uv": [8, 10], "uv_size": [-2, 6]},
								"down": {"uv": [8, 10], "uv_size": [-2, 6]}
							}
						}
					]
				},
				{
					"name": "cleaver",
					"parent": "cook",
					"pivot": [4.59375, 9.53125, -0.3125],
					"rotation": [-75.01363, -0.64686, 2.41492],
					"cubes": [
						{
							"origin": [4.57475, 8.10644, 1.39728],
							"size": [0.03799, 2.08972, 4.5594],
							"uv": {
								"north": {"uv": [64, 26], "uv_size": [-2, 2]},
								"east": {"uv": [64, 15], "uv_size": [-15, 7]},
								"south": {"uv": [64, 26], "uv_size": [-2, 2]},
								"west": {"uv": [49, 15], "uv_size": [15, 7]},
								"up": {"uv": [64, 26], "uv_size": [-2, 2]},
								"down": {"uv": [64, 26], "uv_size": [-2, 2]}
							}
						},
						{
							"origin": [4.30879, 9.43626, -2.21225],
							"size": [0.56993, 0.7599, 3.60952],
							"uv": {
								"north": {"uv": [4, 46], "uv_size": [-4, 4]},
								"east": {"uv": [0, 46], "uv_size": [18, 4]},
								"south": {"uv": [4, 46], "uv_size": [-4, 4]},
								"west": {"uv": [18, 46], "uv_size": [-18, 4]},
								"up": {"uv": [4, 46], "uv_size": [-4, 18]},
								"down": {"uv": [4, 64], "uv_size": [-4, -18]}
							}
						},
						{
							"origin": [4.11881, 9.05631, -2.78217],
							"size": [0.94987, 0.94987, 0.56992],
							"uv": {
								"north": {"uv": [8, 54], "uv_size": [-4, 4]},
								"east": {"uv": [6, 54], "uv_size": [-2, 4]},
								"south": {"uv": [8, 54], "uv_size": [-4, 4]},
								"west": {"uv": [6, 54], "uv_size": [-2, 4]},
								"up": {"uv": [8, 54], "uv_size": [-4, 2]},
								"down": {"uv": [8, 54], "uv_size": [-4, 2]}
							}
						},
						{
							"origin": [4.11881, 9.24629, -2.21225],
							"size": [0.94987, 0.7599, 0.37995],
							"uv": {
								"north": {"uv": [8, 50], "uv_size": [-4, 4]},
								"east": {"uv": [6, 50], "uv_size": [-2, 4]},
								"south": {"uv": [8, 50], "uv_size": [-4, 4]},
								"west": {"uv": [6, 50], "uv_size": [-2, 4]},
								"up": {"uv": [8, 50], "uv_size": [-4, 2]},
								"down": {"uv": [8, 50], "uv_size": [-4, 2]}
							}
						}
					]
				},
				{
					"name": "farmer",
					"pivot": [0, 24, 0]
				},
				{
					"name": "bone_meal",
					"parent": "farmer",
					"pivot": [3, 10.81146, -3.9375],
					"rotation": [-15, 0, 0],
					"cubes": [
						{
							"origin": [1.8675, 12.79569, -5.07],
							"size": [2.265, 0.70781, 2.265],
							"uv": {
								"north": {"uv": [4, 56], "uv_size": [-4, 0.95]},
								"east": {"uv": [0, 56], "uv_size": [4, 0.95]},
								"south": {"uv": [4, 56], "uv_size": [-4, 0.95]},
								"west": {"uv": [0, 56], "uv_size": [4, 0.95]},
								"up": {"uv": [16, 56], "uv_size": [-8, 8]},
								"down": {"uv": [4, 56], "uv_size": [-4, 4]}
							}
						},
						{
							"origin": [2.43375, 12.37101, -4.50375],
							"size": [1.1325, 0.56625, 1.1325],
							"uv": {
								"north": {"uv": [2, 56], "uv_size": [-2, 1]},
								"east": {"uv": [0, 56], "uv_size": [2, 1]},
								"south": {"uv": [2, 56], "uv_size": [-2, 1]},
								"west": {"uv": [0, 56], "uv_size": [2, 1]},
								"up": {"uv": [2, 56], "uv_size": [-2, 2]},
								"down": {"uv": [2, 56], "uv_size": [-2, 2]}
							}
						},
						{
							"origin": [1.4145, 11.69151, -5.523],
							"size": [3.171, 0.6795, 3.171],
							"uv": {
								"north": {"uv": [5, 56], "uv_size": [-4.6, 0.3]},
								"east": {"uv": [0.4, 56], "uv_size": [4.6, 0.3]},
								"south": {"uv": [5, 56], "uv_size": [-4.6, 0.3]},
								"west": {"uv": [0.4, 56], "uv_size": [4.6, 0.3]},
								"up": {"uv": [4.6, 56], "uv_size": [-4.6, 4.6]},
								"down": {"uv": [4.6, 56], "uv_size": [-4.6, 4.6]}
							}
						},
						{
							"origin": [0.735, 8.97351, -6.2025],
							"size": [4.53, 2.718, 4.53],
							"uv": {
								"north": {"uv": [8, 56], "uv_size": [-8, 4.8]},
								"east": {"uv": [0, 56], "uv_size": [8, 4.8]},
								"south": {"uv": [8, 56], "uv_size": [-8, 4.8]},
								"west": {"uv": [0, 56], "uv_size": [8, 4.8]},
								"up": {"uv": [8, 56], "uv_size": [-8, 8]},
								"down": {"uv": [8, 56], "uv_size": [-8, 8]}
							}
						},
						{
							"origin": [1.4145, 8.29401, -5.523],
							"size": [3.171, 0.6795, 3.171],
							"uv": {
								"north": {"uv": [3.5, 56], "uv_size": [-3.5, 0.75]},
								"east": {"uv": [0, 56], "uv_size": [3.5, 0.75]},
								"south": {"uv": [3.5, 56], "uv_size": [-3.5, 0.75]},
								"west": {"uv": [0, 56], "uv_size": [3.5, 0.75]},
								"up": {"uv": [3.5, 56], "uv_size": [-3.5, 3.5]},
								"down": {"uv": [3.5, 56], "uv_size": [-3.5, 3.5]}
							}
						},
						{
							"origin": [1.8675, 7.84101, -5.07],
							"size": [2.265, 0.453, 2.265],
							"uv": {
								"north": {"uv": [4, 56], "uv_size": [-4, 0.8]},
								"east": {"uv": [0, 56], "uv_size": [4, 0.8]},
								"south": {"uv": [4, 56], "uv_size": [-4, 0.8]},
								"west": {"uv": [0, 56], "uv_size": [4, 0.8]},
								"up": {"uv": [4, 56], "uv_size": [-4, 4]},
								"down": {"uv": [4, 56], "uv_size": [-4, 4]}
							}
						}
					]
				},
				{
					"name": "belt7",
					"parent": "farmer",
					"pivot": [0, 0, 0],
					"cubes": [
						{
							"origin": [-4.25, 11.5, -2.25],
							"size": [8.5, 1, 4.5],
							"uv": {
								"north": {"uv": [40, 0], "uv_size": [-40, 4]},
								"east": {"uv": [64, 0], "uv_size": [-24, 4]},
								"south": {"uv": [40, 4], "uv_size": [-40, 4]},
								"west": {"uv": [64, 4], "uv_size": [-24, 4]},
								"up": {"uv": [40, 8], "uv_size": [-40, 1]},
								"down": {"uv": [40, 9], "uv_size": [-40, 1]}
							}
						},
						{
							"origin": [-0.75, 11.25, 2.05],
							"size": [1.5, 1.5, 0.25],
							"uv": {
								"north": {"uv": [6, 10], "uv_size": [-6, 6]},
								"east": {"uv": [1, 10], "uv_size": [-1, 6]},
								"south": {"uv": [6, 10], "uv_size": [-6, 6]},
								"west": {"uv": [6, 10], "uv_size": [-1, 6]},
								"up": {"uv": [0, 10], "uv_size": [6, 1]},
								"down": {"uv": [0, 15], "uv_size": [6, 1]}
							}
						},
						{
							"origin": [2, 11.4, 2.25],
							"size": [0.5, 1.2, 0.2],
							"uv": {
								"north": {"uv": [8, 10], "uv_size": [-2, 6]},
								"east": {"uv": [8, 10], "uv_size": [-2, 6]},
								"south": {"uv": [8, 10], "uv_size": [-2, 6]},
								"west": {"uv": [8, 10], "uv_size": [-2, 6]},
								"up": {"uv": [8, 10], "uv_size": [-2, 6]},
								"down": {"uv": [8, 10], "uv_size": [-2, 6]}
							}
						},
						{
							"origin": [-2.5, 11.4, 2.25],
							"size": [0.5, 1.2, 0.2],
							"uv": {
								"north": {"uv": [8, 10], "uv_size": [-2, 6]},
								"east": {"uv": [8, 10], "uv_size": [-2, 6]},
								"south": {"uv": [8, 10], "uv_size": [-2, 6]},
								"west": {"uv": [8, 10], "uv_size": [-2, 6]},
								"up": {"uv": [8, 10], "uv_size": [-2, 6]},
								"down": {"uv": [8, 10], "uv_size": [-2, 6]}
							}
						},
						{
							"origin": [-0.25, 11.4, -2.45],
							"size": [0.5, 1.2, 0.2],
							"uv": {
								"north": {"uv": [8, 10], "uv_size": [-2, 6]},
								"east": {"uv": [8, 10], "uv_size": [-2, 6]},
								"south": {"uv": [8, 10], "uv_size": [-2, 6]},
								"west": {"uv": [8, 10], "uv_size": [-2, 6]},
								"up": {"uv": [8, 10], "uv_size": [-2, 6]},
								"down": {"uv": [8, 10], "uv_size": [-2, 6]}
							}
						},
						{
							"origin": [2.75, 11.4, -2.45],
							"size": [0.5, 1.2, 0.2],
							"uv": {
								"north": {"uv": [8, 10], "uv_size": [-2, 6]},
								"east": {"uv": [8, 10], "uv_size": [-2, 6]},
								"south": {"uv": [8, 10], "uv_size": [-2, 6]},
								"west": {"uv": [8, 10], "uv_size": [-2, 6]},
								"up": {"uv": [8, 10], "uv_size": [-2, 6]},
								"down": {"uv": [8, 10], "uv_size": [-2, 6]}
							}
						},
						{
							"origin": [-3.25, 11.4, -2.45],
							"size": [0.5, 1.2, 0.2],
							"uv": {
								"north": {"uv": [8, 10], "uv_size": [-2, 6]},
								"east": {"uv": [8, 10], "uv_size": [-2, 6]},
								"south": {"uv": [8, 10], "uv_size": [-2, 6]},
								"west": {"uv": [8, 10], "uv_size": [-2, 6]},
								"up": {"uv": [8, 10], "uv_size": [-2, 6]},
								"down": {"uv": [8, 10], "uv_size": [-2, 6]}
							}
						}
					]
				},
				{
					"name": "cleric",
					"pivot": [0, 24, 0]
				},
				{
					"name": "belt4",
					"parent": "cleric",
					"pivot": [0, 0, 0],
					"cubes": [
						{
							"origin": [-4.25, 11.5, -2.25],
							"size": [8.5, 1, 4.5],
							"uv": {
								"north": {"uv": [40, 0], "uv_size": [-40, 4]},
								"east": {"uv": [64, 0], "uv_size": [-24, 4]},
								"south": {"uv": [40, 4], "uv_size": [-40, 4]},
								"west": {"uv": [64, 4], "uv_size": [-24, 4]},
								"up": {"uv": [40, 8], "uv_size": [-40, 1]},
								"down": {"uv": [40, 9], "uv_size": [-40, 1]}
							}
						},
						{
							"origin": [-0.75, 11.25, 2.05],
							"size": [1.5, 1.5, 0.25],
							"uv": {
								"north": {"uv": [6, 10], "uv_size": [-6, 6]},
								"east": {"uv": [1, 10], "uv_size": [-1, 6]},
								"south": {"uv": [6, 10], "uv_size": [-6, 6]},
								"west": {"uv": [6, 10], "uv_size": [-1, 6]},
								"up": {"uv": [0, 10], "uv_size": [6, 1]},
								"down": {"uv": [0, 15], "uv_size": [6, 1]}
							}
						},
						{
							"origin": [2, 11.4, 2.25],
							"size": [0.5, 1.2, 0.2],
							"uv": {
								"north": {"uv": [8, 10], "uv_size": [-2, 6]},
								"east": {"uv": [8, 10], "uv_size": [-2, 6]},
								"south": {"uv": [8, 10], "uv_size": [-2, 6]},
								"west": {"uv": [8, 10], "uv_size": [-2, 6]},
								"up": {"uv": [8, 10], "uv_size": [-2, 6]},
								"down": {"uv": [8, 10], "uv_size": [-2, 6]}
							}
						},
						{
							"origin": [-2.5, 11.4, 2.25],
							"size": [0.5, 1.2, 0.2],
							"uv": {
								"north": {"uv": [8, 10], "uv_size": [-2, 6]},
								"east": {"uv": [8, 10], "uv_size": [-2, 6]},
								"south": {"uv": [8, 10], "uv_size": [-2, 6]},
								"west": {"uv": [8, 10], "uv_size": [-2, 6]},
								"up": {"uv": [8, 10], "uv_size": [-2, 6]},
								"down": {"uv": [8, 10], "uv_size": [-2, 6]}
							}
						},
						{
							"origin": [-0.25, 11.4, -2.45],
							"size": [0.5, 1.2, 0.2],
							"uv": {
								"north": {"uv": [8, 10], "uv_size": [-2, 6]},
								"east": {"uv": [8, 10], "uv_size": [-2, 6]},
								"south": {"uv": [8, 10], "uv_size": [-2, 6]},
								"west": {"uv": [8, 10], "uv_size": [-2, 6]},
								"up": {"uv": [8, 10], "uv_size": [-2, 6]},
								"down": {"uv": [8, 10], "uv_size": [-2, 6]}
							}
						},
						{
							"origin": [2.75, 11.4, -2.45],
							"size": [0.5, 1.2, 0.2],
							"uv": {
								"north": {"uv": [8, 10], "uv_size": [-2, 6]},
								"east": {"uv": [8, 10], "uv_size": [-2, 6]},
								"south": {"uv": [8, 10], "uv_size": [-2, 6]},
								"west": {"uv": [8, 10], "uv_size": [-2, 6]},
								"up": {"uv": [8, 10], "uv_size": [-2, 6]},
								"down": {"uv": [8, 10], "uv_size": [-2, 6]}
							}
						},
						{
							"origin": [-3.25, 11.4, -2.45],
							"size": [0.5, 1.2, 0.2],
							"uv": {
								"north": {"uv": [8, 10], "uv_size": [-2, 6]},
								"east": {"uv": [8, 10], "uv_size": [-2, 6]},
								"south": {"uv": [8, 10], "uv_size": [-2, 6]},
								"west": {"uv": [8, 10], "uv_size": [-2, 6]},
								"up": {"uv": [8, 10], "uv_size": [-2, 6]},
								"down": {"uv": [8, 10], "uv_size": [-2, 6]}
							}
						}
					]
				},
				{
					"name": "pouch",
					"parent": "cleric",
					"pivot": [4.8625, 9.19414, 0.05664],
					"cubes": [
						{
							"origin": [5.40625, 8.14063, -2.26562],
							"size": [0.11328, 1.8125, 4.64453],
							"uv": {
								"north": {"uv": [6.70833, 0], "uv_size": [-2.70833, 1]},
								"east": {"uv": [14, 0], "uv_size": [-10, 1]},
								"south": {"uv": [6.70833, 0], "uv_size": [-2.70833, 1]},
								"west": {"uv": [10.125, 0], "uv_size": [-10.125, 4]},
								"up": {"uv": [6.70833, 0], "uv_size": [-2.70833, 3]},
								"down": {"uv": [6.70833, 0], "uv_size": [-2.70833, 3]}
							}
						},
						{
							"origin": [4.38672, 8.14063, 2.15234],
							"size": [1.01953, 2.60547, 0.22656],
							"uv": {
								"north": {"uv": [3.03125, 0], "uv_size": [-3.03125, 3.95313]},
								"east": {"uv": [11.8125, 0], "uv_size": [-7.8125, 2.57813]},
								"south": {"uv": [13.21875, 0], "uv_size": [-9.21875, 2.57813]},
								"west": {"uv": [11.8125, 0], "uv_size": [-7.8125, 2.57813]},
								"up": {"uv": [13.21875, 0], "uv_size": [-9.21875, 2.34375]},
								"down": {"uv": [13.21875, 0], "uv_size": [-9.21875, 2.34375]}
							}
						},
						{
							"origin": [4.38672, 8.14063, -2.26562],
							"size": [1.01953, 2.60547, 0.22656],
							"uv": {
								"north": {"uv": [2.87712, 0], "uv_size": [-2.87712, 3.95313]},
								"east": {"uv": [11.8125, 0], "uv_size": [-7.8125, 2.57813]},
								"south": {"uv": [12.75, 0], "uv_size": [-8.75, 2.57813]},
								"west": {"uv": [11.8125, 0], "uv_size": [-7.8125, 2.57813]},
								"up": {"uv": [12.75, 0], "uv_size": [-8.75, 2.34375]},
								"down": {"uv": [8.75, 0], "uv_size": [-8.75, 2.34375]}
							}
						},
						{
							"origin": [4.04688, 8.14063, -2.26562],
							"size": [0.33984, 2.94531, 4.64453],
							"uv": {
								"north": {"uv": [4.625, 0], "uv_size": [-0.625, 0.625]},
								"east": {"uv": [14, 0], "uv_size": [-10, 0.625]},
								"south": {"uv": [4.625, 0], "uv_size": [-0.625, 0.625]},
								"west": {"uv": [10.125, 0], "uv_size": [-10.125, 3.625]},
								"up": {"uv": [4.625, 0], "uv_size": [-0.625, 3]},
								"down": {"uv": [4.625, 0], "uv_size": [-0.625, 3]}
							}
						},
						{
							"origin": [4.04688, 11.07813, -0.64062],
							"size": [0.33984, 0.44531, 1.39453],
							"uv": {
								"north": {"uv": [4.625, 0], "uv_size": [-0.625, 0.625]},
								"east": {"uv": [14, 0], "uv_size": [-10, 0.625]},
								"south": {"uv": [4.625, 0], "uv_size": [-0.625, 0.625]},
								"west": {"uv": [10.125, 0], "uv_size": [-10.125, 3.625]},
								"up": {"uv": [4.625, 0], "uv_size": [-0.625, 3]},
								"down": {"uv": [4.625, 0], "uv_size": [-0.625, 3]}
							}
						},
						{
							"origin": [4.27344, 8.02734, -2.15234],
							"size": [1.13281, 0.79297, 4.41797],
							"uv": {
								"north": {"uv": [4.625, 0], "uv_size": [-0.625, 0.625]},
								"east": {"uv": [14, 0], "uv_size": [-10, 0.625]},
								"south": {"uv": [4.625, 0], "uv_size": [-0.625, 0.625]},
								"west": {"uv": [14, 0], "uv_size": [-10, 0.625]},
								"up": {"uv": [4.625, 0], "uv_size": [-0.625, 3]},
								"down": {"uv": [4.625, 0], "uv_size": [-0.625, 3]}
							}
						}
					]
				},
				{
					"name": "bottle",
					"parent": "cleric",
					"pivot": [4.95312, 10.17969, 0.56641],
					"cubes": [
						{
							"origin": [4.5, 8.82031, 0.11328],
							"size": [0.90625, 2.03906, 0.90625],
							"uv": {
								"north": {"uv": [1, 63], "uv_size": [-1, 1]},
								"east": {"uv": [10.5625, 61], "uv_size": [-0.5625, 1]},
								"south": {"uv": [1, 63], "uv_size": [-1, 1]},
								"west": {"uv": [0.5625, 63], "uv_size": [-0.5625, 1]},
								"up": {"uv": [8, 56], "uv_size": [-8, 8]},
								"down": {"uv": [1, 63], "uv_size": [-1, 0.75]}
							}
						},
						{
							"origin": [4.61328, 8.82031, 0.22656],
							"size": [0.67969, 1.8125, 0.67969],
							"uv": {
								"north": {"uv": [58, 22], "uv_size": [-6, 9]},
								"east": {"uv": [58, 22], "uv_size": [-6, 9]},
								"south": {"uv": [58, 22], "uv_size": [-6, 9]},
								"west": {"uv": [58, 22], "uv_size": [-6, 9]},
								"up": {"uv": [58, 16], "uv_size": [-6, 6]},
								"down": {"uv": [58, 25], "uv_size": [-6, 6]}
							}
						},
						{
							"origin": [4.72656, 10.85938, 0.33984],
							"size": [0.45313, 0.22656, 0.45313],
							"uv": {
								"north": {"uv": [1.9, 55], "uv_size": [-1.9, 2]},
								"east": {"uv": [1.9, 55], "uv_size": [-1.9, 2]},
								"south": {"uv": [1.9, 55], "uv_size": [-1.9, 2]},
								"west": {"uv": [1.9, 55], "uv_size": [-1.9, 2]},
								"up": {"uv": [8, 55], "uv_size": [-8, 1]},
								"down": {"uv": [1, 63], "uv_size": [-1, 0.75]}
							}
						}
					]
				},
				{
					"name": "bottle2",
					"parent": "cleric",
					"pivot": [4.95312, 10.14193, 1.58594],
					"cubes": [
						{
							"origin": [4.5, 8.82031, 1.13281],
							"size": [0.90625, 2.03906, 0.90625],
							"uv": {
								"north": {"uv": [1, 63], "uv_size": [-1, 1]},
								"east": {"uv": [10.5625, 61], "uv_size": [-0.5625, 1]},
								"south": {"uv": [1, 63], "uv_size": [-1, 1]},
								"west": {"uv": [0.5625, 63], "uv_size": [-0.5625, 1]},
								"up": {"uv": [8, 56], "uv_size": [-8, 8]},
								"down": {"uv": [1, 63], "uv_size": [-1, 0.75]}
							}
						},
						{
							"origin": [4.61328, 8.82031, 1.24609],
							"size": [0.67969, 1.58594, 0.67969],
							"uv": {
								"north": {"uv": [64, 22], "uv_size": [-6, 9]},
								"east": {"uv": [64, 22], "uv_size": [-6, 9]},
								"south": {"uv": [64, 22], "uv_size": [-6, 9]},
								"west": {"uv": [64, 22], "uv_size": [-6, 9]},
								"up": {"uv": [64, 16], "uv_size": [-6, 6]},
								"down": {"uv": [64, 25], "uv_size": [-6, 6]}
							}
						},
						{
							"origin": [4.72656, 10.85938, 1.35938],
							"size": [0.45313, 0.22656, 0.45313],
							"uv": {
								"north": {"uv": [1.9, 55], "uv_size": [-1.9, 2]},
								"east": {"uv": [1.9, 55], "uv_size": [-1.9, 2]},
								"south": {"uv": [1.9, 55], "uv_size": [-1.9, 2]},
								"west": {"uv": [1.9, 55], "uv_size": [-1.9, 2]},
								"up": {"uv": [8, 55], "uv_size": [-8, 1]},
								"down": {"uv": [1, 63], "uv_size": [-1, 0.75]}
							}
						}
					]
				},
				{
					"name": "bottle3",
					"parent": "cleric",
					"pivot": [4.95312, 10.16081, -0.45312],
					"cubes": [
						{
							"origin": [4.5, 8.82031, -0.90625],
							"size": [0.90625, 2.03906, 0.90625],
							"uv": {
								"north": {"uv": [1, 63], "uv_size": [-1, 1]},
								"east": {"uv": [10.5625, 61], "uv_size": [-0.5625, 1]},
								"south": {"uv": [1, 63], "uv_size": [-1, 1]},
								"west": {"uv": [0.5625, 63], "uv_size": [-0.5625, 1]},
								"up": {"uv": [8, 56], "uv_size": [-8, 8]},
								"down": {"uv": [1, 63], "uv_size": [-1, 0.75]}
							}
						},
						{
							"origin": [4.61328, 8.82031, -0.79297],
							"size": [0.67969, 1.69922, 0.67969],
							"uv": {
								"north": {"uv": [52, 22], "uv_size": [-6, 9]},
								"east": {"uv": [52, 22], "uv_size": [-6, 9]},
								"south": {"uv": [52, 22], "uv_size": [-6, 9]},
								"west": {"uv": [52, 22], "uv_size": [-6, 9]},
								"up": {"uv": [52, 16], "uv_size": [-6, 6]},
								"down": {"uv": [52, 25], "uv_size": [-6, 6]}
							}
						},
						{
							"origin": [4.72656, 10.85938, -0.67969],
							"size": [0.45313, 0.22656, 0.45313],
							"uv": {
								"north": {"uv": [1.9, 55], "uv_size": [-1.9, 2]},
								"east": {"uv": [1.9, 55], "uv_size": [-1.9, 2]},
								"south": {"uv": [1.9, 55], "uv_size": [-1.9, 2]},
								"west": {"uv": [1.9, 55], "uv_size": [-1.9, 2]},
								"up": {"uv": [8, 55], "uv_size": [-8, 1]},
								"down": {"uv": [1, 63], "uv_size": [-1, 0.75]}
							}
						}
					]
				},
				{
					"name": "bottle4",
					"parent": "cleric",
					"pivot": [4.95312, 10.12305, -1.47266],
					"cubes": [
						{
							"origin": [4.5, 8.82031, -1.92578],
							"size": [0.90625, 2.03906, 0.90625],
							"uv": {
								"north": {"uv": [1, 63], "uv_size": [-1, 1]},
								"east": {"uv": [10.5625, 61], "uv_size": [-0.5625, 1]},
								"south": {"uv": [1, 63], "uv_size": [-1, 1]},
								"west": {"uv": [0.5625, 63], "uv_size": [-0.5625, 1]},
								"up": {"uv": [8, 56], "uv_size": [-8, 8]},
								"down": {"uv": [1, 63], "uv_size": [-1, 0.75]}
							}
						},
						{
							"origin": [4.61328, 8.82031, -1.8125],
							"size": [0.67969, 1.47266, 0.67969],
							"uv": {
								"north": {"uv": [46, 22], "uv_size": [-6, 9]},
								"east": {"uv": [46, 22], "uv_size": [-6, 9]},
								"south": {"uv": [46, 22], "uv_size": [-6, 9]},
								"west": {"uv": [46, 22], "uv_size": [-6, 9]},
								"up": {"uv": [46, 16], "uv_size": [-6, 6]},
								"down": {"uv": [46, 25], "uv_size": [-6, 6]}
							}
						},
						{
							"origin": [4.72656, 10.85938, -1.69922],
							"size": [0.45313, 0.22656, 0.45313],
							"uv": {
								"north": {"uv": [1.9, 55], "uv_size": [-1.9, 2]},
								"east": {"uv": [1.9, 55], "uv_size": [-1.9, 2]},
								"south": {"uv": [1.9, 55], "uv_size": [-1.9, 2]},
								"west": {"uv": [1.9, 55], "uv_size": [-1.9, 2]},
								"up": {"uv": [8, 55], "uv_size": [-8, 1]},
								"down": {"uv": [1, 63], "uv_size": [-1, 0.75]}
							}
						}
					]
				},
				{
					"name": "blacksmith",
					"pivot": [0, 24, 0]
				},
				{
					"name": "belt3",
					"parent": "blacksmith",
					"pivot": [0, 0, 0],
					"cubes": [
						{
							"origin": [-4.25, 11.5, -2.25],
							"size": [8.5, 1, 4.5],
							"uv": {
								"north": {"uv": [40, 0], "uv_size": [-40, 4]},
								"east": {"uv": [64, 0], "uv_size": [-24, 4]},
								"south": {"uv": [40, 4], "uv_size": [-40, 4]},
								"west": {"uv": [64, 4], "uv_size": [-24, 4]},
								"up": {"uv": [40, 8], "uv_size": [-40, 1]},
								"down": {"uv": [40, 9], "uv_size": [-40, 1]}
							}
						},
						{
							"origin": [-0.75, 11.25, 2.05],
							"size": [1.5, 1.5, 0.25],
							"uv": {
								"north": {"uv": [6, 10], "uv_size": [-6, 6]},
								"east": {"uv": [1, 10], "uv_size": [-1, 6]},
								"south": {"uv": [6, 10], "uv_size": [-6, 6]},
								"west": {"uv": [6, 10], "uv_size": [-1, 6]},
								"up": {"uv": [0, 10], "uv_size": [6, 1]},
								"down": {"uv": [0, 15], "uv_size": [6, 1]}
							}
						},
						{
							"origin": [2, 11.4, 2.25],
							"size": [0.5, 1.2, 0.2],
							"uv": {
								"north": {"uv": [8, 10], "uv_size": [-2, 6]},
								"east": {"uv": [8, 10], "uv_size": [-2, 6]},
								"south": {"uv": [8, 10], "uv_size": [-2, 6]},
								"west": {"uv": [8, 10], "uv_size": [-2, 6]},
								"up": {"uv": [8, 10], "uv_size": [-2, 6]},
								"down": {"uv": [8, 10], "uv_size": [-2, 6]}
							}
						},
						{
							"origin": [-2.5, 11.4, 2.25],
							"size": [0.5, 1.2, 0.2],
							"uv": {
								"north": {"uv": [8, 10], "uv_size": [-2, 6]},
								"east": {"uv": [8, 10], "uv_size": [-2, 6]},
								"south": {"uv": [8, 10], "uv_size": [-2, 6]},
								"west": {"uv": [8, 10], "uv_size": [-2, 6]},
								"up": {"uv": [8, 10], "uv_size": [-2, 6]},
								"down": {"uv": [8, 10], "uv_size": [-2, 6]}
							}
						},
						{
							"origin": [-0.25, 11.4, -2.45],
							"size": [0.5, 1.2, 0.2],
							"uv": {
								"north": {"uv": [8, 10], "uv_size": [-2, 6]},
								"east": {"uv": [8, 10], "uv_size": [-2, 6]},
								"south": {"uv": [8, 10], "uv_size": [-2, 6]},
								"west": {"uv": [8, 10], "uv_size": [-2, 6]},
								"up": {"uv": [8, 10], "uv_size": [-2, 6]},
								"down": {"uv": [8, 10], "uv_size": [-2, 6]}
							}
						},
						{
							"origin": [2.75, 11.4, -2.45],
							"size": [0.5, 1.2, 0.2],
							"uv": {
								"north": {"uv": [8, 10], "uv_size": [-2, 6]},
								"east": {"uv": [8, 10], "uv_size": [-2, 6]},
								"south": {"uv": [8, 10], "uv_size": [-2, 6]},
								"west": {"uv": [8, 10], "uv_size": [-2, 6]},
								"up": {"uv": [8, 10], "uv_size": [-2, 6]},
								"down": {"uv": [8, 10], "uv_size": [-2, 6]}
							}
						},
						{
							"origin": [-3.25, 11.4, -2.45],
							"size": [0.5, 1.2, 0.2],
							"uv": {
								"north": {"uv": [8, 10], "uv_size": [-2, 6]},
								"east": {"uv": [8, 10], "uv_size": [-2, 6]},
								"south": {"uv": [8, 10], "uv_size": [-2, 6]},
								"west": {"uv": [8, 10], "uv_size": [-2, 6]},
								"up": {"uv": [8, 10], "uv_size": [-2, 6]},
								"down": {"uv": [8, 10], "uv_size": [-2, 6]}
							}
						}
					]
				},
				{
					"name": "hammer",
					"parent": "blacksmith",
					"pivot": [5.3, 9.16125, -0.625],
					"rotation": [140.43131, -6.40865, -7.69263],
					"cubes": [
						{
							"origin": [3.8, 10.365, -3.25],
							"size": [3, 3, 5.25],
							"uv": {
								"north": {"uv": [8, 58], "uv_size": [6, -6]},
								"east": {"uv": [25, 58], "uv_size": [-11, 6]},
								"south": {"uv": [31, 52], "uv_size": [-6, 6]},
								"west": {"uv": [25, 46], "uv_size": [-11, 6]},
								"up": {"uv": [25, 40], "uv_size": [-11, 6]},
								"down": {"uv": [25, 52], "uv_size": [-11, 6]}
							}
						},
						{
							"origin": [4.925, 4.365, -1],
							"size": [0.75, 9.75, 0.75],
							"uv": {
								"north": {"uv": [6, 34], "uv_size": [-2, 28]},
								"east": {"uv": [4, 34], "uv_size": [-2, 28]},
								"south": {"uv": [2, 34], "uv_size": [-2, 28]},
								"west": {"uv": [8, 34], "uv_size": [-2, 28]},
								"up": {"uv": [2, 32], "uv_size": [-2, 2]},
								"down": {"uv": [2, 62], "uv_size": [-2, 2]}
							}
						},
						{
							"origin": [4.55, 13.365, -1.375],
							"size": [1.5, 0.3, 1.5],
							"uv": {
								"north": {"uv": [29, 50], "uv_size": [-4, 1]},
								"east": {"uv": [25, 50], "uv_size": [4, 1]},
								"south": {"uv": [25, 47], "uv_size": [4, 1]},
								"west": {"uv": [29, 47], "uv_size": [-4, 1]},
								"up": {"uv": [29, 47], "uv_size": [-4, 4]},
								"down": {"uv": [29, 47], "uv_size": [-4, 4]}
							}
						},
						{
							"origin": [4.85, 5.3025, -1.075],
							"size": [0.9, 2.8125, 0.9],
							"uv": {
								"north": {"uv": [22, 20], "uv_size": [-4, 13]},
								"east": {"uv": [18, 20], "uv_size": [-4, 13]},
								"south": {"uv": [10, 20], "uv_size": [4, 13]},
								"west": {"uv": [22, 20], "uv_size": [4, 13]},
								"up": {"uv": [14, 16], "uv_size": [-4, 4]},
								"down": {"uv": [14, 33], "uv_size": [-4, 4]}
							}
						},
						{
							"origin": [4.7, 4.1775, -1.225],
							"size": [1.2, 0.6, 1.2],
							"uv": {
								"north": {"uv": [25, 48], "uv_size": [4, 2]},
								"east": {"uv": [29, 48], "uv_size": [-4, 2]},
								"south": {"uv": [25, 48], "uv_size": [4, 2]},
								"west": {"uv": [29, 48], "uv_size": [-4, 2]},
								"up": {"uv": [29, 46], "uv_size": [-4, 3]},
								"down": {"uv": [25, 51], "uv_size": [4, -4]}
							}
						}
					]
				},
				{
					"name": "beastmaster",
					"pivot": [0, 24, 0],
					"cubes": [
						{
							"origin": [4, 10.25, -0.25],
							"size": [0.25, 1.25, 0.25],
							"uv": {
								"north": {"uv": [5, 62], "uv_size": [-1, 1]},
								"east": {"uv": [5, 62], "uv_size": [-1, 1]},
								"south": {"uv": [5, 62], "uv_size": [-1, 1]},
								"west": {"uv": [5, 62], "uv_size": [-1, 1]},
								"up": {"uv": [5, 62], "uv_size": [-1, 1]},
								"down": {"uv": [5, 62], "uv_size": [-1, 1]}
							}
						}
					]
				},
				{
					"name": "belt",
					"parent": "beastmaster",
					"pivot": [0, 0, 0],
					"cubes": [
						{
							"origin": [-4.25, 11.5, -2.25],
							"size": [8.5, 1, 4.5],
							"uv": {
								"north": {"uv": [40, 0], "uv_size": [-40, 4]},
								"east": {"uv": [64, 0], "uv_size": [-24, 4]},
								"south": {"uv": [40, 4], "uv_size": [-40, 4]},
								"west": {"uv": [64, 4], "uv_size": [-24, 4]},
								"up": {"uv": [40, 8], "uv_size": [-40, 1]},
								"down": {"uv": [40, 9], "uv_size": [-40, 1]}
							}
						},
						{
							"origin": [-0.75, 11.25, 2.05],
							"size": [1.5, 1.5, 0.25],
							"uv": {
								"north": {"uv": [6, 10], "uv_size": [-6, 6]},
								"east": {"uv": [1, 10], "uv_size": [-1, 6]},
								"south": {"uv": [6, 10], "uv_size": [-6, 6]},
								"west": {"uv": [6, 10], "uv_size": [-1, 6]},
								"up": {"uv": [0, 10], "uv_size": [6, 1]},
								"down": {"uv": [0, 15], "uv_size": [6, 1]}
							}
						},
						{
							"origin": [2, 11.4, 2.25],
							"size": [0.5, 1.2, 0.2],
							"uv": {
								"north": {"uv": [8, 10], "uv_size": [-2, 6]},
								"east": {"uv": [8, 10], "uv_size": [-2, 6]},
								"south": {"uv": [8, 10], "uv_size": [-2, 6]},
								"west": {"uv": [8, 10], "uv_size": [-2, 6]},
								"up": {"uv": [8, 10], "uv_size": [-2, 6]},
								"down": {"uv": [8, 10], "uv_size": [-2, 6]}
							}
						},
						{
							"origin": [-2.5, 11.4, 2.25],
							"size": [0.5, 1.2, 0.2],
							"uv": {
								"north": {"uv": [8, 10], "uv_size": [-2, 6]},
								"east": {"uv": [8, 10], "uv_size": [-2, 6]},
								"south": {"uv": [8, 10], "uv_size": [-2, 6]},
								"west": {"uv": [8, 10], "uv_size": [-2, 6]},
								"up": {"uv": [8, 10], "uv_size": [-2, 6]},
								"down": {"uv": [8, 10], "uv_size": [-2, 6]}
							}
						},
						{
							"origin": [-0.25, 11.4, -2.45],
							"size": [0.5, 1.2, 0.2],
							"uv": {
								"north": {"uv": [8, 10], "uv_size": [-2, 6]},
								"east": {"uv": [8, 10], "uv_size": [-2, 6]},
								"south": {"uv": [8, 10], "uv_size": [-2, 6]},
								"west": {"uv": [8, 10], "uv_size": [-2, 6]},
								"up": {"uv": [8, 10], "uv_size": [-2, 6]},
								"down": {"uv": [8, 10], "uv_size": [-2, 6]}
							}
						},
						{
							"origin": [2.75, 11.4, -2.45],
							"size": [0.5, 1.2, 0.2],
							"uv": {
								"north": {"uv": [8, 10], "uv_size": [-2, 6]},
								"east": {"uv": [8, 10], "uv_size": [-2, 6]},
								"south": {"uv": [8, 10], "uv_size": [-2, 6]},
								"west": {"uv": [8, 10], "uv_size": [-2, 6]},
								"up": {"uv": [8, 10], "uv_size": [-2, 6]},
								"down": {"uv": [8, 10], "uv_size": [-2, 6]}
							}
						},
						{
							"origin": [-3.25, 11.4, -2.45],
							"size": [0.5, 1.2, 0.2],
							"uv": {
								"north": {"uv": [8, 10], "uv_size": [-2, 6]},
								"east": {"uv": [8, 10], "uv_size": [-2, 6]},
								"south": {"uv": [8, 10], "uv_size": [-2, 6]},
								"west": {"uv": [8, 10], "uv_size": [-2, 6]},
								"up": {"uv": [8, 10], "uv_size": [-2, 6]},
								"down": {"uv": [8, 10], "uv_size": [-2, 6]}
							}
						}
					]
				},
				{
					"name": "bone5",
					"parent": "beastmaster",
					"pivot": [4.5, 10, 0.25],
					"rotation": [-125, 0, 0],
					"cubes": [
						{
							"origin": [3.9, 11.875, -0.35],
							"size": [1.2, 1.125, 1.2],
							"uv": {
								"north": {"uv": [4, 60], "uv_size": [-4, 4]},
								"east": {"uv": [4, 60], "uv_size": [-4, 4]},
								"south": {"uv": [4, 60], "uv_size": [-4, 4]},
								"west": {"uv": [4, 60], "uv_size": [-4, 4]},
								"up": {"uv": [4, 60], "uv_size": [-4, 4]},
								"down": {"uv": [4, 60], "uv_size": [-4, 4]}
							}
						},
						{
							"origin": [3.9, 7, -0.35],
							"size": [1.2, 1.125, 1.2],
							"uv": {
								"north": {"uv": [4, 60], "uv_size": [-4, 4]},
								"east": {"uv": [4, 60], "uv_size": [-4, 4]},
								"south": {"uv": [4, 60], "uv_size": [-4, 4]},
								"west": {"uv": [4, 60], "uv_size": [-4, 4]},
								"up": {"uv": [4, 60], "uv_size": [-4, 4]},
								"down": {"uv": [4, 60], "uv_size": [-4, 4]}
							}
						},
						{
							"origin": [4.125, 8.125, -0.125],
							"size": [0.75, 3.75, 0.75],
							"uv": {
								"north": {"uv": [4, 60], "uv_size": [-4, 4]},
								"east": {"uv": [4, 60], "uv_size": [-4, 4]},
								"south": {"uv": [4, 60], "uv_size": [-4, 4]},
								"west": {"uv": [4, 60], "uv_size": [-4, 4]},
								"up": {"uv": [4, 60], "uv_size": [-4, 4]},
								"down": {"uv": [4, 60], "uv_size": [-4, 4]}
							}
						}
					]
				},
				{
					"name": "bone",
					"parent": "bone5",
					"pivot": [4.5, 13.28125, 1.28125],
					"cubes": [
						{
							"origin": [4.2, 12.625, 0.625],
							"size": [0.75, 0.75, 0.75],
							"uv": {
								"north": {"uv": [4, 60], "uv_size": [-4, 4]},
								"east": {"uv": [4, 60], "uv_size": [-4, 4]},
								"south": {"uv": [4, 60], "uv_size": [-4, 4]},
								"west": {"uv": [4, 60], "uv_size": [-4, 4]},
								"up": {"uv": [4, 60], "uv_size": [-4, 4]},
								"down": {"uv": [4, 60], "uv_size": [-4, 4]}
							}
						}
					]
				},
				{
					"name": "bone2",
					"parent": "bone5",
					"pivot": [4.5, 13.28125, -0.59375],
					"rotation": [0, -180, 0],
					"cubes": [
						{
							"origin": [4.2, 12.625, -1.25],
							"size": [0.75, 0.75, 0.75],
							"uv": {
								"north": {"uv": [4, 60], "uv_size": [-4, 4]},
								"east": {"uv": [4, 60], "uv_size": [-4, 4]},
								"south": {"uv": [4, 60], "uv_size": [-4, 4]},
								"west": {"uv": [4, 60], "uv_size": [-4, 4]},
								"up": {"uv": [4, 60], "uv_size": [-4, 4]},
								"down": {"uv": [4, 60], "uv_size": [-4, 4]}
							}
						}
					]
				},
				{
					"name": "bone3",
					"parent": "bone5",
					"pivot": [4.5, 7.28125, 1.28125],
					"rotation": [-180, -180, 0],
					"cubes": [
						{
							"origin": [4.2, 7, 0.625],
							"size": [0.75, 0.75, 0.75],
							"uv": {
								"north": {"uv": [4, 60], "uv_size": [-4, 4]},
								"east": {"uv": [4, 60], "uv_size": [-4, 4]},
								"south": {"uv": [4, 60], "uv_size": [-4, 4]},
								"west": {"uv": [4, 60], "uv_size": [-4, 4]},
								"up": {"uv": [4, 60], "uv_size": [-4, 4]},
								"down": {"uv": [4, 60], "uv_size": [-4, 4]}
							}
						}
					]
				},
				{
					"name": "bone4",
					"parent": "bone5",
					"pivot": [4.5, 7.28125, -0.59375],
					"rotation": [-180, 0, 0],
					"cubes": [
						{
							"origin": [4.2, 7, -1.25],
							"size": [0.75, 0.75, 0.75],
							"uv": {
								"north": {"uv": [4, 60], "uv_size": [-4, 4]},
								"east": {"uv": [4, 60], "uv_size": [-4, 4]},
								"south": {"uv": [4, 60], "uv_size": [-4, 4]},
								"west": {"uv": [4, 60], "uv_size": [-4, 4]},
								"up": {"uv": [4, 60], "uv_size": [-4, 4]},
								"down": {"uv": [4, 60], "uv_size": [-4, 4]}
							}
						}
					]
				},
				{
					"name": "archer",
					"pivot": [0, 24, 0]
				},
				{
					"name": "quiver",
					"parent": "archer",
					"pivot": [0.84339, 16.5373, -3],
					"rotation": [0, 0, -32.5],
					"cubes": [
						{
							"origin": [-0.65661, 16.5373, -4.5],
							"size": [3, 6, 3],
							"uv": {
								"north": {"uv": [13, 24], "uv_size": [-13, 25]},
								"east": {"uv": [0, 24], "uv_size": [13, 25]},
								"south": {"uv": [13, 24], "uv_size": [-13, 25]},
								"west": {"uv": [0, 24], "uv_size": [13, 25]},
								"up": {"uv": [26, 24], "uv_size": [-13, 12.5]},
								"down": {"uv": [13, 24], "uv_size": [-13, 12.5]}
							}
						},
						{
							"origin": [-0.28161, 15.0373, -4.125],
							"size": [2.25, 1.5, 2.25],
							"uv": {
								"north": {"uv": [9.75, 48.625], "uv_size": [-9.75, 6.25]},
								"east": {"uv": [0, 48.625], "uv_size": [9.75, 6.25]},
								"south": {"uv": [9.75, 48.625], "uv_size": [-9.75, 6.25]},
								"west": {"uv": [0, 48.625], "uv_size": [9.75, 6.25]},
								"up": {"uv": [9.75, 48.625], "uv_size": [-9.75, 9.375]},
								"down": {"uv": [9.75, 48.625], "uv_size": [-9.75, 9.375]}
							}
						},
						{
							"origin": [0.09339, 13.5373, -3.75],
							"size": [1.5, 1.5, 1.5],
							"uv": {
								"north": {"uv": [6.5, 57.75], "uv_size": [-6.5, 6.25]},
								"east": {"uv": [0, 57.75], "uv_size": [6.5, 6.25]},
								"south": {"uv": [6.5, 57.75], "uv_size": [-6.5, 6.25]},
								"west": {"uv": [0, 57.75], "uv_size": [6.5, 6.25]},
								"up": {"uv": [6.5, 57.75], "uv_size": [-6.5, 6.25]},
								"down": {"uv": [6.5, 57.75], "uv_size": [-6.5, 6.25]}
							}
						}
					]
				},
				{
					"name": "arrow",
					"parent": "quiver",
					"pivot": [0.31839, 23.4123, -3.525],
					"cubes": [
						{
							"origin": [-0.73161, 22.9123, -3.6],
							"size": [0.9, 1.5, 0.15],
							"uv": {
								"north": {"uv": [64, 11], "uv_size": [-6.1, 5]},
								"east": {"uv": [63.91667, 16], "uv_size": [-1.01667, 5]},
								"south": {"uv": [58.9, 11], "uv_size": [4.1, 5]},
								"west": {"uv": [58.91667, 16], "uv_size": [-1.01667, 5]},
								"up": {"uv": [64, 10], "uv_size": [-6.1, 0.5]},
								"down": {"uv": [64, 10], "uv_size": [-6.1, 0.5]}
							}
						},
						{
							"origin": [0.46839, 22.9123, -3.6],
							"size": [0.9, 1.5, 0.15],
							"uv": {
								"north": {"uv": [58.9, 11], "uv_size": [4.1, 5]},
								"east": {"uv": [58.91667, 16], "uv_size": [-1.01667, 5]},
								"south": {"uv": [64, 11], "uv_size": [-6.1, 5]},
								"west": {"uv": [63.91667, 16], "uv_size": [-1.01667, 5]},
								"up": {"uv": [64, 10], "uv_size": [-6.1, 0.5]},
								"down": {"uv": [64, 10], "uv_size": [-6.1, 0.5]}
							}
						},
						{
							"origin": [0.16839, 21.4123, -3.675],
							"size": [0.3, 3, 0.3],
							"uv": {
								"north": {"uv": [57.93333, 11], "uv_size": [-2.03333, 10]},
								"east": {"uv": [57.93333, 11], "uv_size": [-2.03333, 10]},
								"south": {"uv": [57.93333, 11], "uv_size": [-2.03333, 10]},
								"west": {"uv": [57.93333, 11], "uv_size": [-2.03333, 10]},
								"up": {"uv": [57.93333, 11], "uv_size": [-2.03333, 1]},
								"down": {"uv": [57.93333, 11], "uv_size": [-2.03333, 1]}
							}
						}
					]
				},
				{
					"name": "rotated",
					"parent": "arrow",
					"pivot": [0.31839, 23.6623, -3.525],
					"rotation": [0, 90, 0],
					"cubes": [
						{
							"origin": [-0.73161, 22.9123, -3.6],
							"size": [0.9, 1.5, 0.15],
							"uv": {
								"north": {"uv": [64, 11], "uv_size": [-6.1, 5]},
								"east": {"uv": [63.91667, 16], "uv_size": [-1.01667, 5]},
								"south": {"uv": [58.9, 11], "uv_size": [4.1, 5]},
								"west": {"uv": [58.91667, 16], "uv_size": [-1.01667, 5]},
								"up": {"uv": [64, 10], "uv_size": [-6.1, 0.5]},
								"down": {"uv": [64, 10], "uv_size": [-6.1, 0.5]}
							}
						},
						{
							"origin": [0.46839, 22.9123, -3.6],
							"size": [0.9, 1.5, 0.15],
							"uv": {
								"north": {"uv": [58.9, 11], "uv_size": [4.1, 5]},
								"east": {"uv": [58.91667, 16], "uv_size": [-1.01667, 5]},
								"south": {"uv": [64, 11], "uv_size": [-6.1, 5]},
								"west": {"uv": [63.91667, 16], "uv_size": [-1.01667, 5]},
								"up": {"uv": [64, 10], "uv_size": [-6.1, 0.5]},
								"down": {"uv": [64, 10], "uv_size": [-6.1, 0.5]}
							}
						}
					]
				},
				{
					"name": "arrow2",
					"parent": "quiver",
					"pivot": [1.44339, 23.0373, -2.4],
					"rotation": [0, -37.5, 0],
					"cubes": [
						{
							"origin": [0.39339, 22.5373, -2.475],
							"size": [0.9, 1.5, 0.15],
							"uv": {
								"north": {"uv": [64, 11], "uv_size": [-6.1, 5]},
								"east": {"uv": [63.91667, 16], "uv_size": [-1.01667, 5]},
								"south": {"uv": [58.9, 11], "uv_size": [4.1, 5]},
								"west": {"uv": [58.91667, 16], "uv_size": [-1.01667, 5]},
								"up": {"uv": [64, 10], "uv_size": [-6.1, 0.5]},
								"down": {"uv": [64, 10], "uv_size": [-6.1, 0.5]}
							}
						},
						{
							"origin": [1.59339, 22.5373, -2.475],
							"size": [0.9, 1.5, 0.15],
							"uv": {
								"north": {"uv": [58.9, 11], "uv_size": [4.1, 5]},
								"east": {"uv": [58.91667, 16], "uv_size": [-1.01667, 5]},
								"south": {"uv": [64, 11], "uv_size": [-6.1, 5]},
								"west": {"uv": [63.91667, 16], "uv_size": [-1.01667, 5]},
								"up": {"uv": [64, 10], "uv_size": [-6.1, 0.5]},
								"down": {"uv": [64, 10], "uv_size": [-6.1, 0.5]}
							}
						},
						{
							"origin": [1.29339, 22.1623, -2.55],
							"size": [0.3, 1.875, 0.3],
							"uv": {
								"north": {"uv": [57.93333, 11], "uv_size": [-2.03333, 10]},
								"east": {"uv": [57.93333, 11], "uv_size": [-2.03333, 10]},
								"south": {"uv": [57.93333, 11], "uv_size": [-2.03333, 10]},
								"west": {"uv": [57.93333, 11], "uv_size": [-2.03333, 10]},
								"up": {"uv": [57.93333, 11], "uv_size": [-2.03333, 1]},
								"down": {"uv": [57.93333, 11], "uv_size": [-2.03333, 1]}
							}
						}
					]
				},
				{
					"name": "rotated2",
					"parent": "arrow2",
					"pivot": [1.44339, 23.2873, -2.4],
					"rotation": [0, 90, 0],
					"cubes": [
						{
							"origin": [0.39339, 22.5373, -2.475],
							"size": [0.9, 1.5, 0.15],
							"uv": {
								"north": {"uv": [64, 11], "uv_size": [-6.1, 5]},
								"east": {"uv": [63.91667, 16], "uv_size": [-1.01667, 5]},
								"south": {"uv": [58.9, 11], "uv_size": [4.1, 5]},
								"west": {"uv": [58.91667, 16], "uv_size": [-1.01667, 5]},
								"up": {"uv": [64, 10], "uv_size": [-6.1, 0.5]},
								"down": {"uv": [64, 10], "uv_size": [-6.1, 0.5]}
							}
						},
						{
							"origin": [1.59339, 22.5373, -2.475],
							"size": [0.9, 1.5, 0.15],
							"uv": {
								"north": {"uv": [58.9, 11], "uv_size": [4.1, 5]},
								"east": {"uv": [58.91667, 16], "uv_size": [-1.01667, 5]},
								"south": {"uv": [64, 11], "uv_size": [-6.1, 5]},
								"west": {"uv": [63.91667, 16], "uv_size": [-1.01667, 5]},
								"up": {"uv": [64, 10], "uv_size": [-6.1, 0.5]},
								"down": {"uv": [64, 10], "uv_size": [-6.1, 0.5]}
							}
						}
					]
				},
				{
					"name": "arrow3",
					"parent": "quiver",
					"pivot": [1.37234, 23.7873, -3.58372],
					"rotation": [0, -15, 0],
					"cubes": [
						{
							"origin": [0.32234, 23.2873, -3.65872],
							"size": [0.9, 1.5, 0.15],
							"uv": {
								"north": {"uv": [64, 11], "uv_size": [-6.1, 5]},
								"east": {"uv": [63.91667, 16], "uv_size": [-1.01667, 5]},
								"south": {"uv": [58.9, 11], "uv_size": [4.1, 5]},
								"west": {"uv": [58.91667, 16], "uv_size": [-1.01667, 5]},
								"up": {"uv": [64, 10], "uv_size": [-6.1, 0.5]},
								"down": {"uv": [64, 10], "uv_size": [-6.1, 0.5]}
							}
						},
						{
							"origin": [1.52234, 23.2873, -3.65872],
							"size": [0.9, 1.5, 0.15],
							"uv": {
								"north": {"uv": [58.9, 11], "uv_size": [4.1, 5]},
								"east": {"uv": [58.91667, 16], "uv_size": [-1.01667, 5]},
								"south": {"uv": [64, 11], "uv_size": [-6.1, 5]},
								"west": {"uv": [63.91667, 16], "uv_size": [-1.01667, 5]},
								"up": {"uv": [64, 10], "uv_size": [-6.1, 0.5]},
								"down": {"uv": [64, 10], "uv_size": [-6.1, 0.5]}
							}
						},
						{
							"origin": [1.22234, 20.6623, -3.73372],
							"size": [0.3, 4.125, 0.3],
							"uv": {
								"north": {"uv": [57.93333, 11], "uv_size": [-2.03333, 10]},
								"east": {"uv": [57.93333, 11], "uv_size": [-2.03333, 10]},
								"south": {"uv": [57.93333, 11], "uv_size": [-2.03333, 10]},
								"west": {"uv": [57.93333, 11], "uv_size": [-2.03333, 10]},
								"up": {"uv": [57.93333, 11], "uv_size": [-2.03333, 1]},
								"down": {"uv": [57.93333, 11], "uv_size": [-2.03333, 1]}
							}
						}
					]
				},
				{
					"name": "rotated3",
					"parent": "arrow3",
					"pivot": [1.37234, 24.0373, -3.58372],
					"rotation": [0, 90, 0],
					"cubes": [
						{
							"origin": [0.32234, 23.2873, -3.65872],
							"size": [0.9, 1.5, 0.15],
							"uv": {
								"north": {"uv": [64, 11], "uv_size": [-6.1, 5]},
								"east": {"uv": [63.91667, 16], "uv_size": [-1.01667, 5]},
								"south": {"uv": [58.9, 11], "uv_size": [4.1, 5]},
								"west": {"uv": [58.91667, 16], "uv_size": [-1.01667, 5]},
								"up": {"uv": [64, 10], "uv_size": [-6.1, 0.5]},
								"down": {"uv": [64, 10], "uv_size": [-6.1, 0.5]}
							}
						},
						{
							"origin": [1.52234, 23.2873, -3.65872],
							"size": [0.9, 1.5, 0.15],
							"uv": {
								"north": {"uv": [58.9, 11], "uv_size": [4.1, 5]},
								"east": {"uv": [58.91667, 16], "uv_size": [-1.01667, 5]},
								"south": {"uv": [64, 11], "uv_size": [-6.1, 5]},
								"west": {"uv": [63.91667, 16], "uv_size": [-1.01667, 5]},
								"up": {"uv": [64, 10], "uv_size": [-6.1, 0.5]},
								"down": {"uv": [64, 10], "uv_size": [-6.1, 0.5]}
							}
						}
					]
				},
				{
					"name": "arrow4",
					"parent": "quiver",
					"pivot": [0.2255, 23.7873, -2.75589],
					"rotation": [0, -37.5, -0.00002],
					"cubes": [
						{
							"origin": [-0.8245, 23.2873, -2.83089],
							"size": [0.9, 1.5, 0.15],
							"uv": {
								"north": {"uv": [64, 11], "uv_size": [-6.1, 5]},
								"east": {"uv": [63.91667, 16], "uv_size": [-1.01667, 5]},
								"south": {"uv": [58.9, 11], "uv_size": [4.1, 5]},
								"west": {"uv": [58.91667, 16], "uv_size": [-1.01667, 5]},
								"up": {"uv": [64, 10], "uv_size": [-6.1, 0.5]},
								"down": {"uv": [64, 10], "uv_size": [-6.1, 0.5]}
							}
						},
						{
							"origin": [0.3755, 23.2873, -2.83089],
							"size": [0.9, 1.5, 0.15],
							"uv": {
								"north": {"uv": [58.9, 11], "uv_size": [4.1, 5]},
								"east": {"uv": [58.91667, 16], "uv_size": [-1.01667, 5]},
								"south": {"uv": [64, 11], "uv_size": [-6.1, 5]},
								"west": {"uv": [63.91667, 16], "uv_size": [-1.01667, 5]},
								"up": {"uv": [64, 10], "uv_size": [-6.1, 0.5]},
								"down": {"uv": [64, 10], "uv_size": [-6.1, 0.5]}
							}
						},
						{
							"origin": [0.0755, 22.5373, -2.90589],
							"size": [0.3, 2.25, 0.3],
							"uv": {
								"north": {"uv": [57.93333, 11], "uv_size": [-2.03333, 10]},
								"east": {"uv": [57.93333, 11], "uv_size": [-2.03333, 10]},
								"south": {"uv": [57.93333, 11], "uv_size": [-2.03333, 10]},
								"west": {"uv": [57.93333, 11], "uv_size": [-2.03333, 10]},
								"up": {"uv": [57.93333, 11], "uv_size": [-2.03333, 1]},
								"down": {"uv": [57.93333, 11], "uv_size": [-2.03333, 1]}
							}
						}
					]
				},
				{
					"name": "rotated4",
					"parent": "arrow4",
					"pivot": [0.2255, 24.0373, -2.75589],
					"rotation": [0, 90, 0],
					"cubes": [
						{
							"origin": [-0.8245, 23.2873, -2.83089],
							"size": [0.9, 1.5, 0.15],
							"uv": {
								"north": {"uv": [64, 11], "uv_size": [-6.1, 5]},
								"east": {"uv": [63.91667, 16], "uv_size": [-1.01667, 5]},
								"south": {"uv": [58.9, 11], "uv_size": [4.1, 5]},
								"west": {"uv": [58.91667, 16], "uv_size": [-1.01667, 5]},
								"up": {"uv": [64, 10], "uv_size": [-6.1, 0.5]},
								"down": {"uv": [64, 10], "uv_size": [-6.1, 0.5]}
							}
						},
						{
							"origin": [0.3755, 23.2873, -2.83089],
							"size": [0.9, 1.5, 0.15],
							"uv": {
								"north": {"uv": [58.9, 11], "uv_size": [4.1, 5]},
								"east": {"uv": [58.91667, 16], "uv_size": [-1.01667, 5]},
								"south": {"uv": [64, 11], "uv_size": [-6.1, 5]},
								"west": {"uv": [63.91667, 16], "uv_size": [-1.01667, 5]},
								"up": {"uv": [64, 10], "uv_size": [-6.1, 0.5]},
								"down": {"uv": [64, 10], "uv_size": [-6.1, 0.5]}
							}
						}
					]
				},
				{
					"name": "belt2",
					"parent": "archer",
					"pivot": [0, 0, 0],
					"cubes": [
						{
							"origin": [-4.25, 11.5, -2.25],
							"size": [8.5, 1, 4.5],
							"uv": {
								"north": {"uv": [40, 0], "uv_size": [-40, 4]},
								"east": {"uv": [64, 0], "uv_size": [-24, 4]},
								"south": {"uv": [40, 4], "uv_size": [-40, 4]},
								"west": {"uv": [64, 4], "uv_size": [-24, 4]},
								"up": {"uv": [40, 8], "uv_size": [-40, 1]},
								"down": {"uv": [40, 9], "uv_size": [-40, 1]}
							}
						},
						{
							"origin": [-0.75, 11.25, 2.05],
							"size": [1.5, 1.5, 0.25],
							"uv": {
								"north": {"uv": [6, 10], "uv_size": [-6, 6]},
								"east": {"uv": [1, 10], "uv_size": [-1, 6]},
								"south": {"uv": [6, 10], "uv_size": [-6, 6]},
								"west": {"uv": [6, 10], "uv_size": [-1, 6]},
								"up": {"uv": [0, 10], "uv_size": [6, 1]},
								"down": {"uv": [0, 15], "uv_size": [6, 1]}
							}
						},
						{
							"origin": [2, 11.4, 2.25],
							"size": [0.5, 1.2, 0.2],
							"uv": {
								"north": {"uv": [8, 10], "uv_size": [-2, 6]},
								"east": {"uv": [8, 10], "uv_size": [-2, 6]},
								"south": {"uv": [8, 10], "uv_size": [-2, 6]},
								"west": {"uv": [8, 10], "uv_size": [-2, 6]},
								"up": {"uv": [8, 10], "uv_size": [-2, 6]},
								"down": {"uv": [8, 10], "uv_size": [-2, 6]}
							}
						},
						{
							"origin": [-2.5, 11.4, 2.25],
							"size": [0.5, 1.2, 0.2],
							"uv": {
								"north": {"uv": [8, 10], "uv_size": [-2, 6]},
								"east": {"uv": [8, 10], "uv_size": [-2, 6]},
								"south": {"uv": [8, 10], "uv_size": [-2, 6]},
								"west": {"uv": [8, 10], "uv_size": [-2, 6]},
								"up": {"uv": [8, 10], "uv_size": [-2, 6]},
								"down": {"uv": [8, 10], "uv_size": [-2, 6]}
							}
						},
						{
							"origin": [-0.25, 11.4, -2.45],
							"size": [0.5, 1.2, 0.2],
							"uv": {
								"north": {"uv": [8, 10], "uv_size": [-2, 6]},
								"east": {"uv": [8, 10], "uv_size": [-2, 6]},
								"south": {"uv": [8, 10], "uv_size": [-2, 6]},
								"west": {"uv": [8, 10], "uv_size": [-2, 6]},
								"up": {"uv": [8, 10], "uv_size": [-2, 6]},
								"down": {"uv": [8, 10], "uv_size": [-2, 6]}
							}
						},
						{
							"origin": [2.75, 11.4, -2.45],
							"size": [0.5, 1.2, 0.2],
							"uv": {
								"north": {"uv": [8, 10], "uv_size": [-2, 6]},
								"east": {"uv": [8, 10], "uv_size": [-2, 6]},
								"south": {"uv": [8, 10], "uv_size": [-2, 6]},
								"west": {"uv": [8, 10], "uv_size": [-2, 6]},
								"up": {"uv": [8, 10], "uv_size": [-2, 6]},
								"down": {"uv": [8, 10], "uv_size": [-2, 6]}
							}
						},
						{
							"origin": [-3.25, 11.4, -2.45],
							"size": [0.5, 1.2, 0.2],
							"uv": {
								"north": {"uv": [8, 10], "uv_size": [-2, 6]},
								"east": {"uv": [8, 10], "uv_size": [-2, 6]},
								"south": {"uv": [8, 10], "uv_size": [-2, 6]},
								"west": {"uv": [8, 10], "uv_size": [-2, 6]},
								"up": {"uv": [8, 10], "uv_size": [-2, 6]},
								"down": {"uv": [8, 10], "uv_size": [-2, 6]}
							}
						}
					]
				},
				{
					"name": "beltDesign",
					"pivot": [0, 24, -0.025],
					"cubes": [
						{
							"origin": [-4.25, 11.5, -2.25],
							"size": [8.5, 1, 4.5],
							"uv": {
								"north": {"uv": [40, 0], "uv_size": [-40, 4]},
								"east": {"uv": [64, 0], "uv_size": [-24, 4]},
								"south": {"uv": [40, 4], "uv_size": [-40, 4]},
								"west": {"uv": [64, 4], "uv_size": [-24, 4]},
								"up": {"uv": [40, 8], "uv_size": [-40, 1]},
								"down": {"uv": [40, 9], "uv_size": [-40, 1]}
							}
						},
						{
							"origin": [-0.75, 11.25, 2.05],
							"size": [1.5, 1.5, 0.25],
							"uv": {
								"north": {"uv": [6, 10], "uv_size": [-6, 6]},
								"east": {"uv": [1, 10], "uv_size": [-1, 6]},
								"south": {"uv": [6, 10], "uv_size": [-6, 6]},
								"west": {"uv": [6, 10], "uv_size": [-1, 6]},
								"up": {"uv": [0, 10], "uv_size": [6, 1]},
								"down": {"uv": [0, 15], "uv_size": [6, 1]}
							}
						},
						{
							"origin": [2, 11.4, 2.25],
							"size": [0.5, 1.2, 0.2],
							"uv": {
								"north": {"uv": [8, 10], "uv_size": [-2, 6]},
								"east": {"uv": [8, 10], "uv_size": [-2, 6]},
								"south": {"uv": [8, 10], "uv_size": [-2, 6]},
								"west": {"uv": [8, 10], "uv_size": [-2, 6]},
								"up": {"uv": [8, 10], "uv_size": [-2, 6]},
								"down": {"uv": [8, 10], "uv_size": [-2, 6]}
							}
						},
						{
							"origin": [-2.5, 11.4, 2.25],
							"size": [0.5, 1.2, 0.2],
							"uv": {
								"north": {"uv": [8, 10], "uv_size": [-2, 6]},
								"east": {"uv": [8, 10], "uv_size": [-2, 6]},
								"south": {"uv": [8, 10], "uv_size": [-2, 6]},
								"west": {"uv": [8, 10], "uv_size": [-2, 6]},
								"up": {"uv": [8, 10], "uv_size": [-2, 6]},
								"down": {"uv": [8, 10], "uv_size": [-2, 6]}
							}
						},
						{
							"origin": [-0.25, 11.4, -2.45],
							"size": [0.5, 1.2, 0.2],
							"uv": {
								"north": {"uv": [8, 10], "uv_size": [-2, 6]},
								"east": {"uv": [8, 10], "uv_size": [-2, 6]},
								"south": {"uv": [8, 10], "uv_size": [-2, 6]},
								"west": {"uv": [8, 10], "uv_size": [-2, 6]},
								"up": {"uv": [8, 10], "uv_size": [-2, 6]},
								"down": {"uv": [8, 10], "uv_size": [-2, 6]}
							}
						},
						{
							"origin": [2.75, 11.4, -2.45],
							"size": [0.5, 1.2, 0.2],
							"uv": {
								"north": {"uv": [8, 10], "uv_size": [-2, 6]},
								"east": {"uv": [8, 10], "uv_size": [-2, 6]},
								"south": {"uv": [8, 10], "uv_size": [-2, 6]},
								"west": {"uv": [8, 10], "uv_size": [-2, 6]},
								"up": {"uv": [8, 10], "uv_size": [-2, 6]},
								"down": {"uv": [8, 10], "uv_size": [-2, 6]}
							}
						},
						{
							"origin": [-3.25, 11.4, -2.45],
							"size": [0.5, 1.2, 0.2],
							"uv": {
								"north": {"uv": [8, 10], "uv_size": [-2, 6]},
								"east": {"uv": [8, 10], "uv_size": [-2, 6]},
								"south": {"uv": [8, 10], "uv_size": [-2, 6]},
								"west": {"uv": [8, 10], "uv_size": [-2, 6]},
								"up": {"uv": [8, 10], "uv_size": [-2, 6]},
								"down": {"uv": [8, 10], "uv_size": [-2, 6]}
							}
						}
					]
				}
			]
		}
	]
}