{
    "format_version": "1.12.0",
    "minecraft:geometry": [
        {
            "description": {
                "identifier": "geometry.unknown",
                "texture_width": 64,
                "texture_height": 64,
                "visible_bounds_width": 3,
                "visible_bounds_height": 3.5,
                "visible_bounds_offset": [
                    0,
                    1.25,
                    0
                ]
            },
            "bones": [
                {
                    "name": "bipedBody",
                    "pivot": [
                        0,
                        24,
                        0
                    ]
                },
                {
                    "name": "belt4",
                    "parent": "bipedBody",
                    "pivot": [
                        0,
                        0,
                        0
                    ],
                    "cubes": [
                        {
                            "origin": [
                                -4.25,
                                11.5,
                                -2.25
                            ],
                            "size": [
                                8.5,
                                1,
                                4.5
                            ],
                            "uv": {
                                "north": {
                                    "uv": [
                                        40,
                                        0
                                    ],
                                    "uv_size": [
                                        -40,
                                        4
                                    ]
                                },
                                "east": {
                                    "uv": [
                                        64,
                                        0
                                    ],
                                    "uv_size": [
                                        -24,
                                        4
                                    ]
                                },
                                "south": {
                                    "uv": [
                                        40,
                                        4
                                    ],
                                    "uv_size": [
                                        -40,
                                        4
                                    ]
                                },
                                "west": {
                                    "uv": [
                                        64,
                                        4
                                    ],
                                    "uv_size": [
                                        -24,
                                        4
                                    ]
                                },
                                "up": {
                                    "uv": [
                                        40,
                                        8
                                    ],
                                    "uv_size": [
                                        -40,
                                        1
                                    ]
                                },
                                "down": {
                                    "uv": [
                                        40,
                                        9
                                    ],
                                    "uv_size": [
                                        -40,
                                        1
                                    ]
                                }
                            }
                        },
                        {
                            "origin": [
                                -0.75,
                                11.25,
                                2.05
                            ],
                            "size": [
                                1.5,
                                1.5,
                                0.25
                            ],
                            "uv": {
                                "north": {
                                    "uv": [
                                        6,
                                        10
                                    ],
                                    "uv_size": [
                                        -6,
                                        6
                                    ]
                                },
                                "east": {
                                    "uv": [
                                        1,
                                        10
                                    ],
                                    "uv_size": [
                                        -1,
                                        6
                                    ]
                                },
                                "south": {
                                    "uv": [
                                        6,
                                        10
                                    ],
                                    "uv_size": [
                                        -6,
                                        6
                                    ]
                                },
                                "west": {
                                    "uv": [
                                        6,
                                        10
                                    ],
                                    "uv_size": [
                                        -1,
                                        6
                                    ]
                                },
                                "up": {
                                    "uv": [
                                        0,
                                        10
                                    ],
                                    "uv_size": [
                                        6,
                                        1
                                    ]
                                },
                                "down": {
                                    "uv": [
                                        0,
                                        15
                                    ],
                                    "uv_size": [
                                        6,
                                        1
                                    ]
                                }
                            }
                        },
                        {
                            "origin": [
                                2,
                                11.4,
                                2.25
                            ],
                            "size": [
                                0.5,
                                1.2,
                                0.2
                            ],
                            "uv": {
                                "north": {
                                    "uv": [
                                        8,
                                        10
                                    ],
                                    "uv_size": [
                                        -2,
                                        6
                                    ]
                                },
                                "east": {
                                    "uv": [
                                        8,
                                        10
                                    ],
                                    "uv_size": [
                                        -2,
                                        6
                                    ]
                                },
                                "south": {
                                    "uv": [
                                        8,
                                        10
                                    ],
                                    "uv_size": [
                                        -2,
                                        6
                                    ]
                                },
                                "west": {
                                    "uv": [
                                        8,
                                        10
                                    ],
                                    "uv_size": [
                                        -2,
                                        6
                                    ]
                                },
                                "up": {
                                    "uv": [
                                        8,
                                        10
                                    ],
                                    "uv_size": [
                                        -2,
                                        6
                                    ]
                                },
                                "down": {
                                    "uv": [
                                        8,
                                        10
                                    ],
                                    "uv_size": [
                                        -2,
                                        6
                                    ]
                                }
                            }
                        },
                        {
                            "origin": [
                                -2.5,
                                11.4,
                                2.25
                            ],
                            "size": [
                                0.5,
                                1.2,
                                0.2
                            ],
                            "uv": {
                                "north": {
                                    "uv": [
                                        8,
                                        10
                                    ],
                                    "uv_size": [
                                        -2,
                                        6
                                    ]
                                },
                                "east": {
                                    "uv": [
                                        8,
                                        10
                                    ],
                                    "uv_size": [
                                        -2,
                                        6
                                    ]
                                },
                                "south": {
                                    "uv": [
                                        8,
                                        10
                                    ],
                                    "uv_size": [
                                        -2,
                                        6
                                    ]
                                },
                                "west": {
                                    "uv": [
                                        8,
                                        10
                                    ],
                                    "uv_size": [
                                        -2,
                                        6
                                    ]
                                },
                                "up": {
                                    "uv": [
                                        8,
                                        10
                                    ],
                                    "uv_size": [
                                        -2,
                                        6
                                    ]
                                },
                                "down": {
                                    "uv": [
                                        8,
                                        10
                                    ],
                                    "uv_size": [
                                        -2,
                                        6
                                    ]
                                }
                            }
                        },
                        {
                            "origin": [
                                -0.25,
                                11.4,
                                -2.45
                            ],
                            "size": [
                                0.5,
                                1.2,
                                0.2
                            ],
                            "uv": {
                                "north": {
                                    "uv": [
                                        8,
                                        10
                                    ],
                                    "uv_size": [
                                        -2,
                                        6
                                    ]
                                },
                                "east": {
                                    "uv": [
                                        8,
                                        10
                                    ],
                                    "uv_size": [
                                        -2,
                                        6
                                    ]
                                },
                                "south": {
                                    "uv": [
                                        8,
                                        10
                                    ],
                                    "uv_size": [
                                        -2,
                                        6
                                    ]
                                },
                                "west": {
                                    "uv": [
                                        8,
                                        10
                                    ],
                                    "uv_size": [
                                        -2,
                                        6
                                    ]
                                },
                                "up": {
                                    "uv": [
                                        8,
                                        10
                                    ],
                                    "uv_size": [
                                        -2,
                                        6
                                    ]
                                },
                                "down": {
                                    "uv": [
                                        8,
                                        10
                                    ],
                                    "uv_size": [
                                        -2,
                                        6
                                    ]
                                }
                            }
                        },
                        {
                            "origin": [
                                2.75,
                                11.4,
                                -2.45
                            ],
                            "size": [
                                0.5,
                                1.2,
                                0.2
                            ],
                            "uv": {
                                "north": {
                                    "uv": [
                                        8,
                                        10
                                    ],
                                    "uv_size": [
                                        -2,
                                        6
                                    ]
                                },
                                "east": {
                                    "uv": [
                                        8,
                                        10
                                    ],
                                    "uv_size": [
                                        -2,
                                        6
                                    ]
                                },
                                "south": {
                                    "uv": [
                                        8,
                                        10
                                    ],
                                    "uv_size": [
                                        -2,
                                        6
                                    ]
                                },
                                "west": {
                                    "uv": [
                                        8,
                                        10
                                    ],
                                    "uv_size": [
                                        -2,
                                        6
                                    ]
                                },
                                "up": {
                                    "uv": [
                                        8,
                                        10
                                    ],
                                    "uv_size": [
                                        -2,
                                        6
                                    ]
                                },
                                "down": {
                                    "uv": [
                                        8,
                                        10
                                    ],
                                    "uv_size": [
                                        -2,
                                        6
                                    ]
                                }
                            }
                        },
                        {
                            "origin": [
                                -3.25,
                                11.4,
                                -2.45
                            ],
                            "size": [
                                0.5,
                                1.2,
                                0.2
                            ],
                            "uv": {
                                "north": {
                                    "uv": [
                                        8,
                                        10
                                    ],
                                    "uv_size": [
                                        -2,
                                        6
                                    ]
                                },
                                "east": {
                                    "uv": [
                                        8,
                                        10
                                    ],
                                    "uv_size": [
                                        -2,
                                        6
                                    ]
                                },
                                "south": {
                                    "uv": [
                                        8,
                                        10
                                    ],
                                    "uv_size": [
                                        -2,
                                        6
                                    ]
                                },
                                "west": {
                                    "uv": [
                                        8,
                                        10
                                    ],
                                    "uv_size": [
                                        -2,
                                        6
                                    ]
                                },
                                "up": {
                                    "uv": [
                                        8,
                                        10
                                    ],
                                    "uv_size": [
                                        -2,
                                        6
                                    ]
                                },
                                "down": {
                                    "uv": [
                                        8,
                                        10
                                    ],
                                    "uv_size": [
                                        -2,
                                        6
                                    ]
                                }
                            }
                        }
                    ]
                },
                {
                    "name": "pouch",
                    "parent": "bipedBody",
                    "pivot": [
                        4.8625,
                        9.19414,
                        0.05664
                    ],
                    "cubes": [
                        {
                            "origin": [
                                5.40625,
                                8.14063,
                                -2.26562
                            ],
                            "size": [
                                0.11328,
                                1.8125,
                                4.64453
                            ],
                            "uv": {
                                "north": {
                                    "uv": [
                                        6.70833,
                                        0
                                    ],
                                    "uv_size": [
                                        -2.70833,
                                        1
                                    ]
                                },
                                "east": {
                                    "uv": [
                                        14,
                                        0
                                    ],
                                    "uv_size": [
                                        -10,
                                        1
                                    ]
                                },
                                "south": {
                                    "uv": [
                                        6.70833,
                                        0
                                    ],
                                    "uv_size": [
                                        -2.70833,
                                        1
                                    ]
                                },
                                "west": {
                                    "uv": [
                                        10.125,
                                        0
                                    ],
                                    "uv_size": [
                                        -10.125,
                                        4
                                    ]
                                },
                                "up": {
                                    "uv": [
                                        6.70833,
                                        0
                                    ],
                                    "uv_size": [
                                        -2.70833,
                                        3
                                    ]
                                },
                                "down": {
                                    "uv": [
                                        6.70833,
                                        0
                                    ],
                                    "uv_size": [
                                        -2.70833,
                                        3
                                    ]
                                }
                            }
                        },
                        {
                            "origin": [
                                4.38672,
                                8.14063,
                                2.15234
                            ],
                            "size": [
                                1.01953,
                                2.60547,
                                0.22656
                            ],
                            "uv": {
                                "north": {
                                    "uv": [
                                        3.03125,
                                        0
                                    ],
                                    "uv_size": [
                                        -3.03125,
                                        3.95313
                                    ]
                                },
                                "east": {
                                    "uv": [
                                        11.8125,
                                        0
                                    ],
                                    "uv_size": [
                                        -7.8125,
                                        2.57813
                                    ]
                                },
                                "south": {
                                    "uv": [
                                        13.21875,
                                        0
                                    ],
                                    "uv_size": [
                                        -9.21875,
                                        2.57813
                                    ]
                                },
                                "west": {
                                    "uv": [
                                        11.8125,
                                        0
                                    ],
                                    "uv_size": [
                                        -7.8125,
                                        2.57813
                                    ]
                                },
                                "up": {
                                    "uv": [
                                        13.21875,
                                        0
                                    ],
                                    "uv_size": [
                                        -9.21875,
                                        2.34375
                                    ]
                                },
                                "down": {
                                    "uv": [
                                        13.21875,
                                        0
                                    ],
                                    "uv_size": [
                                        -9.21875,
                                        2.34375
                                    ]
                                }
                            }
                        },
                        {
                            "origin": [
                                4.38672,
                                8.14063,
                                -2.26562
                            ],
                            "size": [
                                1.01953,
                                2.60547,
                                0.22656
                            ],
                            "uv": {
                                "north": {
                                    "uv": [
                                        2.87712,
                                        0
                                    ],
                                    "uv_size": [
                                        -2.87712,
                                        3.95313
                                    ]
                                },
                                "east": {
                                    "uv": [
                                        11.8125,
                                        0
                                    ],
                                    "uv_size": [
                                        -7.8125,
                                        2.57813
                                    ]
                                },
                                "south": {
                                    "uv": [
                                        12.75,
                                        0
                                    ],
                                    "uv_size": [
                                        -8.75,
                                        2.57813
                                    ]
                                },
                                "west": {
                                    "uv": [
                                        11.8125,
                                        0
                                    ],
                                    "uv_size": [
                                        -7.8125,
                                        2.57813
                                    ]
                                },
                                "up": {
                                    "uv": [
                                        12.75,
                                        0
                                    ],
                                    "uv_size": [
                                        -8.75,
                                        2.34375
                                    ]
                                },
                                "down": {
                                    "uv": [
                                        8.75,
                                        0
                                    ],
                                    "uv_size": [
                                        -8.75,
                                        2.34375
                                    ]
                                }
                            }
                        },
                        {
                            "origin": [
                                4.04688,
                                8.14063,
                                -2.26562
                            ],
                            "size": [
                                0.33984,
                                2.94531,
                                4.64453
                            ],
                            "uv": {
                                "north": {
                                    "uv": [
                                        4.625,
                                        0
                                    ],
                                    "uv_size": [
                                        -0.625,
                                        0.625
                                    ]
                                },
                                "east": {
                                    "uv": [
                                        14,
                                        0
                                    ],
                                    "uv_size": [
                                        -10,
                                        0.625
                                    ]
                                },
                                "south": {
                                    "uv": [
                                        4.625,
                                        0
                                    ],
                                    "uv_size": [
                                        -0.625,
                                        0.625
                                    ]
                                },
                                "west": {
                                    "uv": [
                                        10.125,
                                        0
                                    ],
                                    "uv_size": [
                                        -10.125,
                                        3.625
                                    ]
                                },
                                "up": {
                                    "uv": [
                                        4.625,
                                        0
                                    ],
                                    "uv_size": [
                                        -0.625,
                                        3
                                    ]
                                },
                                "down": {
                                    "uv": [
                                        4.625,
                                        0
                                    ],
                                    "uv_size": [
                                        -0.625,
                                        3
                                    ]
                                }
                            }
                        },
                        {
                            "origin": [
                                4.04688,
                                11.07813,
                                -0.64062
                            ],
                            "size": [
                                0.33984,
                                0.44531,
                                1.39453
                            ],
                            "uv": {
                                "north": {
                                    "uv": [
                                        4.625,
                                        0
                                    ],
                                    "uv_size": [
                                        -0.625,
                                        0.625
                                    ]
                                },
                                "east": {
                                    "uv": [
                                        14,
                                        0
                                    ],
                                    "uv_size": [
                                        -10,
                                        0.625
                                    ]
                                },
                                "south": {
                                    "uv": [
                                        4.625,
                                        0
                                    ],
                                    "uv_size": [
                                        -0.625,
                                        0.625
                                    ]
                                },
                                "west": {
                                    "uv": [
                                        10.125,
                                        0
                                    ],
                                    "uv_size": [
                                        -10.125,
                                        3.625
                                    ]
                                },
                                "up": {
                                    "uv": [
                                        4.625,
                                        0
                                    ],
                                    "uv_size": [
                                        -0.625,
                                        3
                                    ]
                                },
                                "down": {
                                    "uv": [
                                        4.625,
                                        0
                                    ],
                                    "uv_size": [
                                        -0.625,
                                        3
                                    ]
                                }
                            }
                        },
                        {
                            "origin": [
                                4.27344,
                                8.02734,
                                -2.15234
                            ],
                            "size": [
                                1.13281,
                                0.79297,
                                4.41797
                            ],
                            "uv": {
                                "north": {
                                    "uv": [
                                        4.625,
                                        0
                                    ],
                                    "uv_size": [
                                        -0.625,
                                        0.625
                                    ]
                                },
                                "east": {
                                    "uv": [
                                        14,
                                        0
                                    ],
                                    "uv_size": [
                                        -10,
                                        0.625
                                    ]
                                },
                                "south": {
                                    "uv": [
                                        4.625,
                                        0
                                    ],
                                    "uv_size": [
                                        -0.625,
                                        0.625
                                    ]
                                },
                                "west": {
                                    "uv": [
                                        14,
                                        0
                                    ],
                                    "uv_size": [
                                        -10,
                                        0.625
                                    ]
                                },
                                "up": {
                                    "uv": [
                                        4.625,
                                        0
                                    ],
                                    "uv_size": [
                                        -0.625,
                                        3
                                    ]
                                },
                                "down": {
                                    "uv": [
                                        4.625,
                                        0
                                    ],
                                    "uv_size": [
                                        -0.625,
                                        3
                                    ]
                                }
                            }
                        }
                    ]
                },
                {
                    "name": "bottle",
                    "parent": "bipedBody",
                    "pivot": [
                        4.95312,
                        10.17969,
                        0.56641
                    ],
                    "cubes": [
                        {
                            "origin": [
                                4.5,
                                8.82031,
                                0.11328
                            ],
                            "size": [
                                0.90625,
                                2.03906,
                                0.90625
                            ],
                            "uv": {
                                "north": {
                                    "uv": [
                                        1,
                                        63
                                    ],
                                    "uv_size": [
                                        -1,
                                        1
                                    ]
                                },
                                "east": {
                                    "uv": [
                                        10.5625,
                                        61
                                    ],
                                    "uv_size": [
                                        -0.5625,
                                        1
                                    ]
                                },
                                "south": {
                                    "uv": [
                                        1,
                                        63
                                    ],
                                    "uv_size": [
                                        -1,
                                        1
                                    ]
                                },
                                "west": {
                                    "uv": [
                                        0.5625,
                                        63
                                    ],
                                    "uv_size": [
                                        -0.5625,
                                        1
                                    ]
                                },
                                "up": {
                                    "uv": [
                                        8,
                                        56
                                    ],
                                    "uv_size": [
                                        -8,
                                        8
                                    ]
                                },
                                "down": {
                                    "uv": [
                                        1,
                                        63
                                    ],
                                    "uv_size": [
                                        -1,
                                        0.75
                                    ]
                                }
                            }
                        },
                        {
                            "origin": [
                                4.61328,
                                8.82031,
                                0.22656
                            ],
                            "size": [
                                0.67969,
                                1.8125,
                                0.67969
                            ],
                            "uv": {
                                "north": {
                                    "uv": [
                                        58,
                                        22
                                    ],
                                    "uv_size": [
                                        -6,
                                        9
                                    ]
                                },
                                "east": {
                                    "uv": [
                                        58,
                                        22
                                    ],
                                    "uv_size": [
                                        -6,
                                        9
                                    ]
                                },
                                "south": {
                                    "uv": [
                                        58,
                                        22
                                    ],
                                    "uv_size": [
                                        -6,
                                        9
                                    ]
                                },
                                "west": {
                                    "uv": [
                                        58,
                                        22
                                    ],
                                    "uv_size": [
                                        -6,
                                        9
                                    ]
                                },
                                "up": {
                                    "uv": [
                                        58,
                                        16
                                    ],
                                    "uv_size": [
                                        -6,
                                        6
                                    ]
                                },
                                "down": {
                                    "uv": [
                                        58,
                                        25
                                    ],
                                    "uv_size": [
                                        -6,
                                        6
                                    ]
                                }
                            }
                        },
                        {
                            "origin": [
                                4.72656,
                                10.85938,
                                0.33984
                            ],
                            "size": [
                                0.45313,
                                0.22656,
                                0.45313
                            ],
                            "uv": {
                                "north": {
                                    "uv": [
                                        1.9,
                                        55
                                    ],
                                    "uv_size": [
                                        -1.9,
                                        2
                                    ]
                                },
                                "east": {
                                    "uv": [
                                        1.9,
                                        55
                                    ],
                                    "uv_size": [
                                        -1.9,
                                        2
                                    ]
                                },
                                "south": {
                                    "uv": [
                                        1.9,
                                        55
                                    ],
                                    "uv_size": [
                                        -1.9,
                                        2
                                    ]
                                },
                                "west": {
                                    "uv": [
                                        1.9,
                                        55
                                    ],
                                    "uv_size": [
                                        -1.9,
                                        2
                                    ]
                                },
                                "up": {
                                    "uv": [
                                        8,
                                        55
                                    ],
                                    "uv_size": [
                                        -8,
                                        1
                                    ]
                                },
                                "down": {
                                    "uv": [
                                        1,
                                        63
                                    ],
                                    "uv_size": [
                                        -1,
                                        0.75
                                    ]
                                }
                            }
                        }
                    ]
                },
                {
                    "name": "bottle2",
                    "parent": "bipedBody",
                    "pivot": [
                        4.95312,
                        10.14193,
                        1.58594
                    ],
                    "cubes": [
                        {
                            "origin": [
                                4.5,
                                8.82031,
                                1.13281
                            ],
                            "size": [
                                0.90625,
                                2.03906,
                                0.90625
                            ],
                            "uv": {
                                "north": {
                                    "uv": [
                                        1,
                                        63
                                    ],
                                    "uv_size": [
                                        -1,
                                        1
                                    ]
                                },
                                "east": {
                                    "uv": [
                                        10.5625,
                                        61
                                    ],
                                    "uv_size": [
                                        -0.5625,
                                        1
                                    ]
                                },
                                "south": {
                                    "uv": [
                                        1,
                                        63
                                    ],
                                    "uv_size": [
                                        -1,
                                        1
                                    ]
                                },
                                "west": {
                                    "uv": [
                                        0.5625,
                                        63
                                    ],
                                    "uv_size": [
                                        -0.5625,
                                        1
                                    ]
                                },
                                "up": {
                                    "uv": [
                                        8,
                                        56
                                    ],
                                    "uv_size": [
                                        -8,
                                        8
                                    ]
                                },
                                "down": {
                                    "uv": [
                                        1,
                                        63
                                    ],
                                    "uv_size": [
                                        -1,
                                        0.75
                                    ]
                                }
                            }
                        },
                        {
                            "origin": [
                                4.61328,
                                8.82031,
                                1.24609
                            ],
                            "size": [
                                0.67969,
                                1.58594,
                                0.67969
                            ],
                            "uv": {
                                "north": {
                                    "uv": [
                                        64,
                                        22
                                    ],
                                    "uv_size": [
                                        -6,
                                        9
                                    ]
                                },
                                "east": {
                                    "uv": [
                                        64,
                                        22
                                    ],
                                    "uv_size": [
                                        -6,
                                        9
                                    ]
                                },
                                "south": {
                                    "uv": [
                                        64,
                                        22
                                    ],
                                    "uv_size": [
                                        -6,
                                        9
                                    ]
                                },
                                "west": {
                                    "uv": [
                                        64,
                                        22
                                    ],
                                    "uv_size": [
                                        -6,
                                        9
                                    ]
                                },
                                "up": {
                                    "uv": [
                                        64,
                                        16
                                    ],
                                    "uv_size": [
                                        -6,
                                        6
                                    ]
                                },
                                "down": {
                                    "uv": [
                                        64,
                                        25
                                    ],
                                    "uv_size": [
                                        -6,
                                        6
                                    ]
                                }
                            }
                        },
                        {
                            "origin": [
                                4.72656,
                                10.85938,
                                1.35938
                            ],
                            "size": [
                                0.45313,
                                0.22656,
                                0.45313
                            ],
                            "uv": {
                                "north": {
                                    "uv": [
                                        1.9,
                                        55
                                    ],
                                    "uv_size": [
                                        -1.9,
                                        2
                                    ]
                                },
                                "east": {
                                    "uv": [
                                        1.9,
                                        55
                                    ],
                                    "uv_size": [
                                        -1.9,
                                        2
                                    ]
                                },
                                "south": {
                                    "uv": [
                                        1.9,
                                        55
                                    ],
                                    "uv_size": [
                                        -1.9,
                                        2
                                    ]
                                },
                                "west": {
                                    "uv": [
                                        1.9,
                                        55
                                    ],
                                    "uv_size": [
                                        -1.9,
                                        2
                                    ]
                                },
                                "up": {
                                    "uv": [
                                        8,
                                        55
                                    ],
                                    "uv_size": [
                                        -8,
                                        1
                                    ]
                                },
                                "down": {
                                    "uv": [
                                        1,
                                        63
                                    ],
                                    "uv_size": [
                                        -1,
                                        0.75
                                    ]
                                }
                            }
                        }
                    ]
                },
                {
                    "name": "bottle3",
                    "parent": "bipedBody",
                    "pivot": [
                        4.95312,
                        10.16081,
                        -0.45312
                    ],
                    "cubes": [
                        {
                            "origin": [
                                4.5,
                                8.82031,
                                -0.90625
                            ],
                            "size": [
                                0.90625,
                                2.03906,
                                0.90625
                            ],
                            "uv": {
                                "north": {
                                    "uv": [
                                        1,
                                        63
                                    ],
                                    "uv_size": [
                                        -1,
                                        1
                                    ]
                                },
                                "east": {
                                    "uv": [
                                        10.5625,
                                        61
                                    ],
                                    "uv_size": [
                                        -0.5625,
                                        1
                                    ]
                                },
                                "south": {
                                    "uv": [
                                        1,
                                        63
                                    ],
                                    "uv_size": [
                                        -1,
                                        1
                                    ]
                                },
                                "west": {
                                    "uv": [
                                        0.5625,
                                        63
                                    ],
                                    "uv_size": [
                                        -0.5625,
                                        1
                                    ]
                                },
                                "up": {
                                    "uv": [
                                        8,
                                        56
                                    ],
                                    "uv_size": [
                                        -8,
                                        8
                                    ]
                                },
                                "down": {
                                    "uv": [
                                        1,
                                        63
                                    ],
                                    "uv_size": [
                                        -1,
                                        0.75
                                    ]
                                }
                            }
                        },
                        {
                            "origin": [
                                4.61328,
                                8.82031,
                                -0.79297
                            ],
                            "size": [
                                0.67969,
                                1.69922,
                                0.67969
                            ],
                            "uv": {
                                "north": {
                                    "uv": [
                                        52,
                                        22
                                    ],
                                    "uv_size": [
                                        -6,
                                        9
                                    ]
                                },
                                "east": {
                                    "uv": [
                                        52,
                                        22
                                    ],
                                    "uv_size": [
                                        -6,
                                        9
                                    ]
                                },
                                "south": {
                                    "uv": [
                                        52,
                                        22
                                    ],
                                    "uv_size": [
                                        -6,
                                        9
                                    ]
                                },
                                "west": {
                                    "uv": [
                                        52,
                                        22
                                    ],
                                    "uv_size": [
                                        -6,
                                        9
                                    ]
                                },
                                "up": {
                                    "uv": [
                                        52,
                                        16
                                    ],
                                    "uv_size": [
                                        -6,
                                        6
                                    ]
                                },
                                "down": {
                                    "uv": [
                                        52,
                                        25
                                    ],
                                    "uv_size": [
                                        -6,
                                        6
                                    ]
                                }
                            }
                        },
                        {
                            "origin": [
                                4.72656,
                                10.85938,
                                -0.67969
                            ],
                            "size": [
                                0.45313,
                                0.22656,
                                0.45313
                            ],
                            "uv": {
                                "north": {
                                    "uv": [
                                        1.9,
                                        55
                                    ],
                                    "uv_size": [
                                        -1.9,
                                        2
                                    ]
                                },
                                "east": {
                                    "uv": [
                                        1.9,
                                        55
                                    ],
                                    "uv_size": [
                                        -1.9,
                                        2
                                    ]
                                },
                                "south": {
                                    "uv": [
                                        1.9,
                                        55
                                    ],
                                    "uv_size": [
                                        -1.9,
                                        2
                                    ]
                                },
                                "west": {
                                    "uv": [
                                        1.9,
                                        55
                                    ],
                                    "uv_size": [
                                        -1.9,
                                        2
                                    ]
                                },
                                "up": {
                                    "uv": [
                                        8,
                                        55
                                    ],
                                    "uv_size": [
                                        -8,
                                        1
                                    ]
                                },
                                "down": {
                                    "uv": [
                                        1,
                                        63
                                    ],
                                    "uv_size": [
                                        -1,
                                        0.75
                                    ]
                                }
                            }
                        }
                    ]
                },
                {
                    "name": "bottle4",
                    "parent": "bipedBody",
                    "pivot": [
                        4.95312,
                        10.12305,
                        -1.47266
                    ],
                    "cubes": [
                        {
                            "origin": [
                                4.5,
                                8.82031,
                                -1.92578
                            ],
                            "size": [
                                0.90625,
                                2.03906,
                                0.90625
                            ],
                            "uv": {
                                "north": {
                                    "uv": [
                                        1,
                                        63
                                    ],
                                    "uv_size": [
                                        -1,
                                        1
                                    ]
                                },
                                "east": {
                                    "uv": [
                                        10.5625,
                                        61
                                    ],
                                    "uv_size": [
                                        -0.5625,
                                        1
                                    ]
                                },
                                "south": {
                                    "uv": [
                                        1,
                                        63
                                    ],
                                    "uv_size": [
                                        -1,
                                        1
                                    ]
                                },
                                "west": {
                                    "uv": [
                                        0.5625,
                                        63
                                    ],
                                    "uv_size": [
                                        -0.5625,
                                        1
                                    ]
                                },
                                "up": {
                                    "uv": [
                                        8,
                                        56
                                    ],
                                    "uv_size": [
                                        -8,
                                        8
                                    ]
                                },
                                "down": {
                                    "uv": [
                                        1,
                                        63
                                    ],
                                    "uv_size": [
                                        -1,
                                        0.75
                                    ]
                                }
                            }
                        },
                        {
                            "origin": [
                                4.61328,
                                8.82031,
                                -1.8125
                            ],
                            "size": [
                                0.67969,
                                1.47266,
                                0.67969
                            ],
                            "uv": {
                                "north": {
                                    "uv": [
                                        46,
                                        22
                                    ],
                                    "uv_size": [
                                        -6,
                                        9
                                    ]
                                },
                                "east": {
                                    "uv": [
                                        46,
                                        22
                                    ],
                                    "uv_size": [
                                        -6,
                                        9
                                    ]
                                },
                                "south": {
                                    "uv": [
                                        46,
                                        22
                                    ],
                                    "uv_size": [
                                        -6,
                                        9
                                    ]
                                },
                                "west": {
                                    "uv": [
                                        46,
                                        22
                                    ],
                                    "uv_size": [
                                        -6,
                                        9
                                    ]
                                },
                                "up": {
                                    "uv": [
                                        46,
                                        16
                                    ],
                                    "uv_size": [
                                        -6,
                                        6
                                    ]
                                },
                                "down": {
                                    "uv": [
                                        46,
                                        25
                                    ],
                                    "uv_size": [
                                        -6,
                                        6
                                    ]
                                }
                            }
                        },
                        {
                            "origin": [
                                4.72656,
                                10.85938,
                                -1.69922
                            ],
                            "size": [
                                0.45313,
                                0.22656,
                                0.45313
                            ],
                            "uv": {
                                "north": {
                                    "uv": [
                                        1.9,
                                        55
                                    ],
                                    "uv_size": [
                                        -1.9,
                                        2
                                    ]
                                },
                                "east": {
                                    "uv": [
                                        1.9,
                                        55
                                    ],
                                    "uv_size": [
                                        -1.9,
                                        2
                                    ]
                                },
                                "south": {
                                    "uv": [
                                        1.9,
                                        55
                                    ],
                                    "uv_size": [
                                        -1.9,
                                        2
                                    ]
                                },
                                "west": {
                                    "uv": [
                                        1.9,
                                        55
                                    ],
                                    "uv_size": [
                                        -1.9,
                                        2
                                    ]
                                },
                                "up": {
                                    "uv": [
                                        8,
                                        55
                                    ],
                                    "uv_size": [
                                        -8,
                                        1
                                    ]
                                },
                                "down": {
                                    "uv": [
                                        1,
                                        63
                                    ],
                                    "uv_size": [
                                        -1,
                                        0.75
                                    ]
                                }
                            }
                        }
                    ]
                }
            ]
        }
    ]
}