{
    "format_version": "1.12.0",
    "minecraft:geometry": [
        {
            "description": {
                "identifier": "geometry.unknown",
                "texture_width": 64,
                "texture_height": 64,
                "visible_bounds_width": 3,
                "visible_bounds_height": 3.5,
                "visible_bounds_offset": [
                    0,
                    1.25,
                    0
                ]
            },
            "bones": [
                {
                    "name": "bipedBody",
                    "pivot": [
                        0,
                        24,
                        0
                    ]
                },
                {
                    "name": "belt5",
                    "parent": "bipedBody",
                    "pivot": [
                        0,
                        0,
                        0
                    ],
                    "cubes": [
                        {
                            "origin": [
                                -4.25,
                                11.5,
                                -2.25
                            ],
                            "size": [
                                8.5,
                                1,
                                4.5
                            ],
                            "uv": {
                                "north": {
                                    "uv": [
                                        40,
                                        0
                                    ],
                                    "uv_size": [
                                        -40,
                                        4
                                    ]
                                },
                                "east": {
                                    "uv": [
                                        64,
                                        0
                                    ],
                                    "uv_size": [
                                        -24,
                                        4
                                    ]
                                },
                                "south": {
                                    "uv": [
                                        40,
                                        4
                                    ],
                                    "uv_size": [
                                        -40,
                                        4
                                    ]
                                },
                                "west": {
                                    "uv": [
                                        64,
                                        4
                                    ],
                                    "uv_size": [
                                        -24,
                                        4
                                    ]
                                },
                                "up": {
                                    "uv": [
                                        40,
                                        8
                                    ],
                                    "uv_size": [
                                        -40,
                                        1
                                    ]
                                },
                                "down": {
                                    "uv": [
                                        40,
                                        9
                                    ],
                                    "uv_size": [
                                        -40,
                                        1
                                    ]
                                }
                            }
                        },
                        {
                            "origin": [
                                -0.75,
                                11.25,
                                2.05
                            ],
                            "size": [
                                1.5,
                                1.5,
                                0.25
                            ],
                            "uv": {
                                "north": {
                                    "uv": [
                                        6,
                                        10
                                    ],
                                    "uv_size": [
                                        -6,
                                        6
                                    ]
                                },
                                "east": {
                                    "uv": [
                                        1,
                                        10
                                    ],
                                    "uv_size": [
                                        -1,
                                        6
                                    ]
                                },
                                "south": {
                                    "uv": [
                                        6,
                                        10
                                    ],
                                    "uv_size": [
                                        -6,
                                        6
                                    ]
                                },
                                "west": {
                                    "uv": [
                                        6,
                                        10
                                    ],
                                    "uv_size": [
                                        -1,
                                        6
                                    ]
                                },
                                "up": {
                                    "uv": [
                                        0,
                                        10
                                    ],
                                    "uv_size": [
                                        6,
                                        1
                                    ]
                                },
                                "down": {
                                    "uv": [
                                        0,
                                        15
                                    ],
                                    "uv_size": [
                                        6,
                                        1
                                    ]
                                }
                            }
                        },
                        {
                            "origin": [
                                2,
                                11.4,
                                2.25
                            ],
                            "size": [
                                0.5,
                                1.2,
                                0.2
                            ],
                            "uv": {
                                "north": {
                                    "uv": [
                                        8,
                                        10
                                    ],
                                    "uv_size": [
                                        -2,
                                        6
                                    ]
                                },
                                "east": {
                                    "uv": [
                                        8,
                                        10
                                    ],
                                    "uv_size": [
                                        -2,
                                        6
                                    ]
                                },
                                "south": {
                                    "uv": [
                                        8,
                                        10
                                    ],
                                    "uv_size": [
                                        -2,
                                        6
                                    ]
                                },
                                "west": {
                                    "uv": [
                                        8,
                                        10
                                    ],
                                    "uv_size": [
                                        -2,
                                        6
                                    ]
                                },
                                "up": {
                                    "uv": [
                                        8,
                                        10
                                    ],
                                    "uv_size": [
                                        -2,
                                        6
                                    ]
                                },
                                "down": {
                                    "uv": [
                                        8,
                                        10
                                    ],
                                    "uv_size": [
                                        -2,
                                        6
                                    ]
                                }
                            }
                        },
                        {
                            "origin": [
                                -2.5,
                                11.4,
                                2.25
                            ],
                            "size": [
                                0.5,
                                1.2,
                                0.2
                            ],
                            "uv": {
                                "north": {
                                    "uv": [
                                        8,
                                        10
                                    ],
                                    "uv_size": [
                                        -2,
                                        6
                                    ]
                                },
                                "east": {
                                    "uv": [
                                        8,
                                        10
                                    ],
                                    "uv_size": [
                                        -2,
                                        6
                                    ]
                                },
                                "south": {
                                    "uv": [
                                        8,
                                        10
                                    ],
                                    "uv_size": [
                                        -2,
                                        6
                                    ]
                                },
                                "west": {
                                    "uv": [
                                        8,
                                        10
                                    ],
                                    "uv_size": [
                                        -2,
                                        6
                                    ]
                                },
                                "up": {
                                    "uv": [
                                        8,
                                        10
                                    ],
                                    "uv_size": [
                                        -2,
                                        6
                                    ]
                                },
                                "down": {
                                    "uv": [
                                        8,
                                        10
                                    ],
                                    "uv_size": [
                                        -2,
                                        6
                                    ]
                                }
                            }
                        },
                        {
                            "origin": [
                                -0.25,
                                11.4,
                                -2.45
                            ],
                            "size": [
                                0.5,
                                1.2,
                                0.2
                            ],
                            "uv": {
                                "north": {
                                    "uv": [
                                        8,
                                        10
                                    ],
                                    "uv_size": [
                                        -2,
                                        6
                                    ]
                                },
                                "east": {
                                    "uv": [
                                        8,
                                        10
                                    ],
                                    "uv_size": [
                                        -2,
                                        6
                                    ]
                                },
                                "south": {
                                    "uv": [
                                        8,
                                        10
                                    ],
                                    "uv_size": [
                                        -2,
                                        6
                                    ]
                                },
                                "west": {
                                    "uv": [
                                        8,
                                        10
                                    ],
                                    "uv_size": [
                                        -2,
                                        6
                                    ]
                                },
                                "up": {
                                    "uv": [
                                        8,
                                        10
                                    ],
                                    "uv_size": [
                                        -2,
                                        6
                                    ]
                                },
                                "down": {
                                    "uv": [
                                        8,
                                        10
                                    ],
                                    "uv_size": [
                                        -2,
                                        6
                                    ]
                                }
                            }
                        },
                        {
                            "origin": [
                                2.75,
                                11.4,
                                -2.45
                            ],
                            "size": [
                                0.5,
                                1.2,
                                0.2
                            ],
                            "uv": {
                                "north": {
                                    "uv": [
                                        8,
                                        10
                                    ],
                                    "uv_size": [
                                        -2,
                                        6
                                    ]
                                },
                                "east": {
                                    "uv": [
                                        8,
                                        10
                                    ],
                                    "uv_size": [
                                        -2,
                                        6
                                    ]
                                },
                                "south": {
                                    "uv": [
                                        8,
                                        10
                                    ],
                                    "uv_size": [
                                        -2,
                                        6
                                    ]
                                },
                                "west": {
                                    "uv": [
                                        8,
                                        10
                                    ],
                                    "uv_size": [
                                        -2,
                                        6
                                    ]
                                },
                                "up": {
                                    "uv": [
                                        8,
                                        10
                                    ],
                                    "uv_size": [
                                        -2,
                                        6
                                    ]
                                },
                                "down": {
                                    "uv": [
                                        8,
                                        10
                                    ],
                                    "uv_size": [
                                        -2,
                                        6
                                    ]
                                }
                            }
                        },
                        {
                            "origin": [
                                -3.25,
                                11.4,
                                -2.45
                            ],
                            "size": [
                                0.5,
                                1.2,
                                0.2
                            ],
                            "uv": {
                                "north": {
                                    "uv": [
                                        8,
                                        10
                                    ],
                                    "uv_size": [
                                        -2,
                                        6
                                    ]
                                },
                                "east": {
                                    "uv": [
                                        8,
                                        10
                                    ],
                                    "uv_size": [
                                        -2,
                                        6
                                    ]
                                },
                                "south": {
                                    "uv": [
                                        8,
                                        10
                                    ],
                                    "uv_size": [
                                        -2,
                                        6
                                    ]
                                },
                                "west": {
                                    "uv": [
                                        8,
                                        10
                                    ],
                                    "uv_size": [
                                        -2,
                                        6
                                    ]
                                },
                                "up": {
                                    "uv": [
                                        8,
                                        10
                                    ],
                                    "uv_size": [
                                        -2,
                                        6
                                    ]
                                },
                                "down": {
                                    "uv": [
                                        8,
                                        10
                                    ],
                                    "uv_size": [
                                        -2,
                                        6
                                    ]
                                }
                            }
                        }
                    ]
                },
                {
                    "name": "cleaver",
                    "parent": "bipedBody",
                    "pivot": [
                        4.59375,
                        9.53125,
                        -0.3125
                    ],
                    "rotation": [
                        -75.01363,
                        -0.64686,
                        2.41492
                    ],
                    "cubes": [
                        {
                            "origin": [
                                4.57475,
                                8.10644,
                                1.39728
                            ],
                            "size": [
                                0.03799,
                                2.08972,
                                4.5594
                            ],
                            "uv": {
                                "north": {
                                    "uv": [
                                        64,
                                        26
                                    ],
                                    "uv_size": [
                                        -2,
                                        2
                                    ]
                                },
                                "east": {
                                    "uv": [
                                        64,
                                        15
                                    ],
                                    "uv_size": [
                                        -15,
                                        7
                                    ]
                                },
                                "south": {
                                    "uv": [
                                        64,
                                        26
                                    ],
                                    "uv_size": [
                                        -2,
                                        2
                                    ]
                                },
                                "west": {
                                    "uv": [
                                        49,
                                        15
                                    ],
                                    "uv_size": [
                                        15,
                                        7
                                    ]
                                },
                                "up": {
                                    "uv": [
                                        64,
                                        26
                                    ],
                                    "uv_size": [
                                        -2,
                                        2
                                    ]
                                },
                                "down": {
                                    "uv": [
                                        64,
                                        26
                                    ],
                                    "uv_size": [
                                        -2,
                                        2
                                    ]
                                }
                            }
                        },
                        {
                            "origin": [
                                4.30879,
                                9.43626,
                                -2.21225
                            ],
                            "size": [
                                0.56993,
                                0.7599,
                                3.60952
                            ],
                            "uv": {
                                "north": {
                                    "uv": [
                                        4,
                                        46
                                    ],
                                    "uv_size": [
                                        -4,
                                        4
                                    ]
                                },
                                "east": {
                                    "uv": [
                                        0,
                                        46
                                    ],
                                    "uv_size": [
                                        18,
                                        4
                                    ]
                                },
                                "south": {
                                    "uv": [
                                        4,
                                        46
                                    ],
                                    "uv_size": [
                                        -4,
                                        4
                                    ]
                                },
                                "west": {
                                    "uv": [
                                        18,
                                        46
                                    ],
                                    "uv_size": [
                                        -18,
                                        4
                                    ]
                                },
                                "up": {
                                    "uv": [
                                        4,
                                        46
                                    ],
                                    "uv_size": [
                                        -4,
                                        18
                                    ]
                                },
                                "down": {
                                    "uv": [
                                        4,
                                        64
                                    ],
                                    "uv_size": [
                                        -4,
                                        -18
                                    ]
                                }
                            }
                        },
                        {
                            "origin": [
                                4.11881,
                                9.05631,
                                -2.78217
                            ],
                            "size": [
                                0.94987,
                                0.94987,
                                0.56992
                            ],
                            "uv": {
                                "north": {
                                    "uv": [
                                        8,
                                        54
                                    ],
                                    "uv_size": [
                                        -4,
                                        4
                                    ]
                                },
                                "east": {
                                    "uv": [
                                        6,
                                        54
                                    ],
                                    "uv_size": [
                                        -2,
                                        4
                                    ]
                                },
                                "south": {
                                    "uv": [
                                        8,
                                        54
                                    ],
                                    "uv_size": [
                                        -4,
                                        4
                                    ]
                                },
                                "west": {
                                    "uv": [
                                        6,
                                        54
                                    ],
                                    "uv_size": [
                                        -2,
                                        4
                                    ]
                                },
                                "up": {
                                    "uv": [
                                        8,
                                        54
                                    ],
                                    "uv_size": [
                                        -4,
                                        2
                                    ]
                                },
                                "down": {
                                    "uv": [
                                        8,
                                        54
                                    ],
                                    "uv_size": [
                                        -4,
                                        2
                                    ]
                                }
                            }
                        },
                        {
                            "origin": [
                                4.11881,
                                9.24629,
                                -2.21225
                            ],
                            "size": [
                                0.94987,
                                0.7599,
                                0.37995
                            ],
                            "uv": {
                                "north": {
                                    "uv": [
                                        8,
                                        50
                                    ],
                                    "uv_size": [
                                        -4,
                                        4
                                    ]
                                },
                                "east": {
                                    "uv": [
                                        6,
                                        50
                                    ],
                                    "uv_size": [
                                        -2,
                                        4
                                    ]
                                },
                                "south": {
                                    "uv": [
                                        8,
                                        50
                                    ],
                                    "uv_size": [
                                        -4,
                                        4
                                    ]
                                },
                                "west": {
                                    "uv": [
                                        6,
                                        50
                                    ],
                                    "uv_size": [
                                        -2,
                                        4
                                    ]
                                },
                                "up": {
                                    "uv": [
                                        8,
                                        50
                                    ],
                                    "uv_size": [
                                        -4,
                                        2
                                    ]
                                },
                                "down": {
                                    "uv": [
                                        8,
                                        50
                                    ],
                                    "uv_size": [
                                        -4,
                                        2
                                    ]
                                }
                            }
                        }
                    ]
                }
            ]
        }
    ]
}