{
    "format_version": "1.12.0",
    "minecraft:geometry": [
        {
            "description": {
                "identifier": "geometry.unknown",
                "texture_width": 64,
                "texture_height": 64,
                "visible_bounds_width": 3,
                "visible_bounds_height": 3.5,
                "visible_bounds_offset": [
                    0,
                    1.25,
                    0
                ]
            },
            "bones": [
                {
                    "name": "bipedBody",
                    "pivot": [
                        0,
                        24,
                        0
                    ]
                },
                {
                    "name": "bone_meal",
                    "parent": "bipedBody",
                    "pivot": [
                        3,
                        10.81146,
                        -3.9375
                    ],
                    "rotation": [
                        -15,
                        0,
                        0
                    ],
                    "cubes": [
                        {
                            "origin": [
                                1.8675,
                                12.79569,
                                -5.07
                            ],
                            "size": [
                                2.265,
                                0.70781,
                                2.265
                            ],
                            "uv": {
                                "north": {
                                    "uv": [
                                        4,
                                        56
                                    ],
                                    "uv_size": [
                                        -4,
                                        0.95
                                    ]
                                },
                                "east": {
                                    "uv": [
                                        0,
                                        56
                                    ],
                                    "uv_size": [
                                        4,
                                        0.95
                                    ]
                                },
                                "south": {
                                    "uv": [
                                        4,
                                        56
                                    ],
                                    "uv_size": [
                                        -4,
                                        0.95
                                    ]
                                },
                                "west": {
                                    "uv": [
                                        0,
                                        56
                                    ],
                                    "uv_size": [
                                        4,
                                        0.95
                                    ]
                                },
                                "up": {
                                    "uv": [
                                        16,
                                        56
                                    ],
                                    "uv_size": [
                                        -8,
                                        8
                                    ]
                                },
                                "down": {
                                    "uv": [
                                        4,
                                        56
                                    ],
                                    "uv_size": [
                                        -4,
                                        4
                                    ]
                                }
                            }
                        },
                        {
                            "origin": [
                                2.43375,
                                12.37101,
                                -4.50375
                            ],
                            "size": [
                                1.1325,
                                0.56625,
                                1.1325
                            ],
                            "uv": {
                                "north": {
                                    "uv": [
                                        2,
                                        56
                                    ],
                                    "uv_size": [
                                        -2,
                                        1
                                    ]
                                },
                                "east": {
                                    "uv": [
                                        0,
                                        56
                                    ],
                                    "uv_size": [
                                        2,
                                        1
                                    ]
                                },
                                "south": {
                                    "uv": [
                                        2,
                                        56
                                    ],
                                    "uv_size": [
                                        -2,
                                        1
                                    ]
                                },
                                "west": {
                                    "uv": [
                                        0,
                                        56
                                    ],
                                    "uv_size": [
                                        2,
                                        1
                                    ]
                                },
                                "up": {
                                    "uv": [
                                        2,
                                        56
                                    ],
                                    "uv_size": [
                                        -2,
                                        2
                                    ]
                                },
                                "down": {
                                    "uv": [
                                        2,
                                        56
                                    ],
                                    "uv_size": [
                                        -2,
                                        2
                                    ]
                                }
                            }
                        },
                        {
                            "origin": [
                                1.4145,
                                11.69151,
                                -5.523
                            ],
                            "size": [
                                3.171,
                                0.6795,
                                3.171
                            ],
                            "uv": {
                                "north": {
                                    "uv": [
                                        5,
                                        56
                                    ],
                                    "uv_size": [
                                        -4.6,
                                        0.3
                                    ]
                                },
                                "east": {
                                    "uv": [
                                        0.4,
                                        56
                                    ],
                                    "uv_size": [
                                        4.6,
                                        0.3
                                    ]
                                },
                                "south": {
                                    "uv": [
                                        5,
                                        56
                                    ],
                                    "uv_size": [
                                        -4.6,
                                        0.3
                                    ]
                                },
                                "west": {
                                    "uv": [
                                        0.4,
                                        56
                                    ],
                                    "uv_size": [
                                        4.6,
                                        0.3
                                    ]
                                },
                                "up": {
                                    "uv": [
                                        4.6,
                                        56
                                    ],
                                    "uv_size": [
                                        -4.6,
                                        4.6
                                    ]
                                },
                                "down": {
                                    "uv": [
                                        4.6,
                                        56
                                    ],
                                    "uv_size": [
                                        -4.6,
                                        4.6
                                    ]
                                }
                            }
                        },
                        {
                            "origin": [
                                0.735,
                                8.97351,
                                -6.2025
                            ],
                            "size": [
                                4.53,
                                2.718,
                                4.53
                            ],
                            "uv": {
                                "north": {
                                    "uv": [
                                        8,
                                        56
                                    ],
                                    "uv_size": [
                                        -8,
                                        4.8
                                    ]
                                },
                                "east": {
                                    "uv": [
                                        0,
                                        56
                                    ],
                                    "uv_size": [
                                        8,
                                        4.8
                                    ]
                                },
                                "south": {
                                    "uv": [
                                        8,
                                        56
                                    ],
                                    "uv_size": [
                                        -8,
                                        4.8
                                    ]
                                },
                                "west": {
                                    "uv": [
                                        0,
                                        56
                                    ],
                                    "uv_size": [
                                        8,
                                        4.8
                                    ]
                                },
                                "up": {
                                    "uv": [
                                        8,
                                        56
                                    ],
                                    "uv_size": [
                                        -8,
                                        8
                                    ]
                                },
                                "down": {
                                    "uv": [
                                        8,
                                        56
                                    ],
                                    "uv_size": [
                                        -8,
                                        8
                                    ]
                                }
                            }
                        },
                        {
                            "origin": [
                                1.4145,
                                8.29401,
                                -5.523
                            ],
                            "size": [
                                3.171,
                                0.6795,
                                3.171
                            ],
                            "uv": {
                                "north": {
                                    "uv": [
                                        3.5,
                                        56
                                    ],
                                    "uv_size": [
                                        -3.5,
                                        0.75
                                    ]
                                },
                                "east": {
                                    "uv": [
                                        0,
                                        56
                                    ],
                                    "uv_size": [
                                        3.5,
                                        0.75
                                    ]
                                },
                                "south": {
                                    "uv": [
                                        3.5,
                                        56
                                    ],
                                    "uv_size": [
                                        -3.5,
                                        0.75
                                    ]
                                },
                                "west": {
                                    "uv": [
                                        0,
                                        56
                                    ],
                                    "uv_size": [
                                        3.5,
                                        0.75
                                    ]
                                },
                                "up": {
                                    "uv": [
                                        3.5,
                                        56
                                    ],
                                    "uv_size": [
                                        -3.5,
                                        3.5
                                    ]
                                },
                                "down": {
                                    "uv": [
                                        3.5,
                                        56
                                    ],
                                    "uv_size": [
                                        -3.5,
                                        3.5
                                    ]
                                }
                            }
                        },
                        {
                            "origin": [
                                1.8675,
                                7.84101,
                                -5.07
                            ],
                            "size": [
                                2.265,
                                0.453,
                                2.265
                            ],
                            "uv": {
                                "north": {
                                    "uv": [
                                        4,
                                        56
                                    ],
                                    "uv_size": [
                                        -4,
                                        0.8
                                    ]
                                },
                                "east": {
                                    "uv": [
                                        0,
                                        56
                                    ],
                                    "uv_size": [
                                        4,
                                        0.8
                                    ]
                                },
                                "south": {
                                    "uv": [
                                        4,
                                        56
                                    ],
                                    "uv_size": [
                                        -4,
                                        0.8
                                    ]
                                },
                                "west": {
                                    "uv": [
                                        0,
                                        56
                                    ],
                                    "uv_size": [
                                        4,
                                        0.8
                                    ]
                                },
                                "up": {
                                    "uv": [
                                        4,
                                        56
                                    ],
                                    "uv_size": [
                                        -4,
                                        4
                                    ]
                                },
                                "down": {
                                    "uv": [
                                        4,
                                        56
                                    ],
                                    "uv_size": [
                                        -4,
                                        4
                                    ]
                                }
                            }
                        }
                    ]
                },
                {
                    "name": "belt7",
                    "parent": "bipedBody",
                    "pivot": [
                        0,
                        0,
                        0
                    ],
                    "cubes": [
                        {
                            "origin": [
                                -4.25,
                                11.5,
                                -2.25
                            ],
                            "size": [
                                8.5,
                                1,
                                4.5
                            ],
                            "uv": {
                                "north": {
                                    "uv": [
                                        40,
                                        0
                                    ],
                                    "uv_size": [
                                        -40,
                                        4
                                    ]
                                },
                                "east": {
                                    "uv": [
                                        64,
                                        0
                                    ],
                                    "uv_size": [
                                        -24,
                                        4
                                    ]
                                },
                                "south": {
                                    "uv": [
                                        40,
                                        4
                                    ],
                                    "uv_size": [
                                        -40,
                                        4
                                    ]
                                },
                                "west": {
                                    "uv": [
                                        64,
                                        4
                                    ],
                                    "uv_size": [
                                        -24,
                                        4
                                    ]
                                },
                                "up": {
                                    "uv": [
                                        40,
                                        8
                                    ],
                                    "uv_size": [
                                        -40,
                                        1
                                    ]
                                },
                                "down": {
                                    "uv": [
                                        40,
                                        9
                                    ],
                                    "uv_size": [
                                        -40,
                                        1
                                    ]
                                }
                            }
                        },
                        {
                            "origin": [
                                -0.75,
                                11.25,
                                2.05
                            ],
                            "size": [
                                1.5,
                                1.5,
                                0.25
                            ],
                            "uv": {
                                "north": {
                                    "uv": [
                                        6,
                                        10
                                    ],
                                    "uv_size": [
                                        -6,
                                        6
                                    ]
                                },
                                "east": {
                                    "uv": [
                                        1,
                                        10
                                    ],
                                    "uv_size": [
                                        -1,
                                        6
                                    ]
                                },
                                "south": {
                                    "uv": [
                                        6,
                                        10
                                    ],
                                    "uv_size": [
                                        -6,
                                        6
                                    ]
                                },
                                "west": {
                                    "uv": [
                                        6,
                                        10
                                    ],
                                    "uv_size": [
                                        -1,
                                        6
                                    ]
                                },
                                "up": {
                                    "uv": [
                                        0,
                                        10
                                    ],
                                    "uv_size": [
                                        6,
                                        1
                                    ]
                                },
                                "down": {
                                    "uv": [
                                        0,
                                        15
                                    ],
                                    "uv_size": [
                                        6,
                                        1
                                    ]
                                }
                            }
                        },
                        {
                            "origin": [
                                2,
                                11.4,
                                2.25
                            ],
                            "size": [
                                0.5,
                                1.2,
                                0.2
                            ],
                            "uv": {
                                "north": {
                                    "uv": [
                                        8,
                                        10
                                    ],
                                    "uv_size": [
                                        -2,
                                        6
                                    ]
                                },
                                "east": {
                                    "uv": [
                                        8,
                                        10
                                    ],
                                    "uv_size": [
                                        -2,
                                        6
                                    ]
                                },
                                "south": {
                                    "uv": [
                                        8,
                                        10
                                    ],
                                    "uv_size": [
                                        -2,
                                        6
                                    ]
                                },
                                "west": {
                                    "uv": [
                                        8,
                                        10
                                    ],
                                    "uv_size": [
                                        -2,
                                        6
                                    ]
                                },
                                "up": {
                                    "uv": [
                                        8,
                                        10
                                    ],
                                    "uv_size": [
                                        -2,
                                        6
                                    ]
                                },
                                "down": {
                                    "uv": [
                                        8,
                                        10
                                    ],
                                    "uv_size": [
                                        -2,
                                        6
                                    ]
                                }
                            }
                        },
                        {
                            "origin": [
                                -2.5,
                                11.4,
                                2.25
                            ],
                            "size": [
                                0.5,
                                1.2,
                                0.2
                            ],
                            "uv": {
                                "north": {
                                    "uv": [
                                        8,
                                        10
                                    ],
                                    "uv_size": [
                                        -2,
                                        6
                                    ]
                                },
                                "east": {
                                    "uv": [
                                        8,
                                        10
                                    ],
                                    "uv_size": [
                                        -2,
                                        6
                                    ]
                                },
                                "south": {
                                    "uv": [
                                        8,
                                        10
                                    ],
                                    "uv_size": [
                                        -2,
                                        6
                                    ]
                                },
                                "west": {
                                    "uv": [
                                        8,
                                        10
                                    ],
                                    "uv_size": [
                                        -2,
                                        6
                                    ]
                                },
                                "up": {
                                    "uv": [
                                        8,
                                        10
                                    ],
                                    "uv_size": [
                                        -2,
                                        6
                                    ]
                                },
                                "down": {
                                    "uv": [
                                        8,
                                        10
                                    ],
                                    "uv_size": [
                                        -2,
                                        6
                                    ]
                                }
                            }
                        },
                        {
                            "origin": [
                                -0.25,
                                11.4,
                                -2.45
                            ],
                            "size": [
                                0.5,
                                1.2,
                                0.2
                            ],
                            "uv": {
                                "north": {
                                    "uv": [
                                        8,
                                        10
                                    ],
                                    "uv_size": [
                                        -2,
                                        6
                                    ]
                                },
                                "east": {
                                    "uv": [
                                        8,
                                        10
                                    ],
                                    "uv_size": [
                                        -2,
                                        6
                                    ]
                                },
                                "south": {
                                    "uv": [
                                        8,
                                        10
                                    ],
                                    "uv_size": [
                                        -2,
                                        6
                                    ]
                                },
                                "west": {
                                    "uv": [
                                        8,
                                        10
                                    ],
                                    "uv_size": [
                                        -2,
                                        6
                                    ]
                                },
                                "up": {
                                    "uv": [
                                        8,
                                        10
                                    ],
                                    "uv_size": [
                                        -2,
                                        6
                                    ]
                                },
                                "down": {
                                    "uv": [
                                        8,
                                        10
                                    ],
                                    "uv_size": [
                                        -2,
                                        6
                                    ]
                                }
                            }
                        },
                        {
                            "origin": [
                                2.75,
                                11.4,
                                -2.45
                            ],
                            "size": [
                                0.5,
                                1.2,
                                0.2
                            ],
                            "uv": {
                                "north": {
                                    "uv": [
                                        8,
                                        10
                                    ],
                                    "uv_size": [
                                        -2,
                                        6
                                    ]
                                },
                                "east": {
                                    "uv": [
                                        8,
                                        10
                                    ],
                                    "uv_size": [
                                        -2,
                                        6
                                    ]
                                },
                                "south": {
                                    "uv": [
                                        8,
                                        10
                                    ],
                                    "uv_size": [
                                        -2,
                                        6
                                    ]
                                },
                                "west": {
                                    "uv": [
                                        8,
                                        10
                                    ],
                                    "uv_size": [
                                        -2,
                                        6
                                    ]
                                },
                                "up": {
                                    "uv": [
                                        8,
                                        10
                                    ],
                                    "uv_size": [
                                        -2,
                                        6
                                    ]
                                },
                                "down": {
                                    "uv": [
                                        8,
                                        10
                                    ],
                                    "uv_size": [
                                        -2,
                                        6
                                    ]
                                }
                            }
                        },
                        {
                            "origin": [
                                -3.25,
                                11.4,
                                -2.45
                            ],
                            "size": [
                                0.5,
                                1.2,
                                0.2
                            ],
                            "uv": {
                                "north": {
                                    "uv": [
                                        8,
                                        10
                                    ],
                                    "uv_size": [
                                        -2,
                                        6
                                    ]
                                },
                                "east": {
                                    "uv": [
                                        8,
                                        10
                                    ],
                                    "uv_size": [
                                        -2,
                                        6
                                    ]
                                },
                                "south": {
                                    "uv": [
                                        8,
                                        10
                                    ],
                                    "uv_size": [
                                        -2,
                                        6
                                    ]
                                },
                                "west": {
                                    "uv": [
                                        8,
                                        10
                                    ],
                                    "uv_size": [
                                        -2,
                                        6
                                    ]
                                },
                                "up": {
                                    "uv": [
                                        8,
                                        10
                                    ],
                                    "uv_size": [
                                        -2,
                                        6
                                    ]
                                },
                                "down": {
                                    "uv": [
                                        8,
                                        10
                                    ],
                                    "uv_size": [
                                        -2,
                                        6
                                    ]
                                }
                            }
                        }
                    ]
                }
            ]
        }
    ]
}