{
    "format_version": "1.12.0",
    "minecraft:geometry": [
        {
            "description": {
                "identifier": "geometry.unknown",
                "texture_width": 64,
                "texture_height": 64,
                "visible_bounds_width": 3,
                "visible_bounds_height": 3.5,
                "visible_bounds_offset": [
                    0,
                    1.25,
                    0
                ]
            },
            "bones": [
                {
                    "name": "bipedBody",
                    "pivot": [
                        0,
                        24,
                        0
                    ]
                },
                {
                    "name": "belt6",
                    "parent": "bipedBody",
                    "pivot": [
                        0,
                        0,
                        0
                    ],
                    "cubes": [
                        {
                            "origin": [
                                -4.25,
                                11.5,
                                -2.25
                            ],
                            "size": [
                                8.5,
                                1,
                                4.5
                            ],
                            "uv": {
                                "north": {
                                    "uv": [
                                        40,
                                        0
                                    ],
                                    "uv_size": [
                                        -40,
                                        4
                                    ]
                                },
                                "east": {
                                    "uv": [
                                        64,
                                        0
                                    ],
                                    "uv_size": [
                                        -24,
                                        4
                                    ]
                                },
                                "south": {
                                    "uv": [
                                        40,
                                        4
                                    ],
                                    "uv_size": [
                                        -40,
                                        4
                                    ]
                                },
                                "west": {
                                    "uv": [
                                        64,
                                        4
                                    ],
                                    "uv_size": [
                                        -24,
                                        4
                                    ]
                                },
                                "up": {
                                    "uv": [
                                        40,
                                        8
                                    ],
                                    "uv_size": [
                                        -40,
                                        1
                                    ]
                                },
                                "down": {
                                    "uv": [
                                        40,
                                        9
                                    ],
                                    "uv_size": [
                                        -40,
                                        1
                                    ]
                                }
                            }
                        },
                        {
                            "origin": [
                                -0.75,
                                11.25,
                                2.05
                            ],
                            "size": [
                                1.5,
                                1.5,
                                0.25
                            ],
                            "uv": {
                                "north": {
                                    "uv": [
                                        6,
                                        10
                                    ],
                                    "uv_size": [
                                        -6,
                                        6
                                    ]
                                },
                                "east": {
                                    "uv": [
                                        1,
                                        10
                                    ],
                                    "uv_size": [
                                        -1,
                                        6
                                    ]
                                },
                                "south": {
                                    "uv": [
                                        6,
                                        10
                                    ],
                                    "uv_size": [
                                        -6,
                                        6
                                    ]
                                },
                                "west": {
                                    "uv": [
                                        6,
                                        10
                                    ],
                                    "uv_size": [
                                        -1,
                                        6
                                    ]
                                },
                                "up": {
                                    "uv": [
                                        0,
                                        10
                                    ],
                                    "uv_size": [
                                        6,
                                        1
                                    ]
                                },
                                "down": {
                                    "uv": [
                                        0,
                                        15
                                    ],
                                    "uv_size": [
                                        6,
                                        1
                                    ]
                                }
                            }
                        },
                        {
                            "origin": [
                                2,
                                11.4,
                                2.25
                            ],
                            "size": [
                                0.5,
                                1.2,
                                0.2
                            ],
                            "uv": {
                                "north": {
                                    "uv": [
                                        8,
                                        10
                                    ],
                                    "uv_size": [
                                        -2,
                                        6
                                    ]
                                },
                                "east": {
                                    "uv": [
                                        8,
                                        10
                                    ],
                                    "uv_size": [
                                        -2,
                                        6
                                    ]
                                },
                                "south": {
                                    "uv": [
                                        8,
                                        10
                                    ],
                                    "uv_size": [
                                        -2,
                                        6
                                    ]
                                },
                                "west": {
                                    "uv": [
                                        8,
                                        10
                                    ],
                                    "uv_size": [
                                        -2,
                                        6
                                    ]
                                },
                                "up": {
                                    "uv": [
                                        8,
                                        10
                                    ],
                                    "uv_size": [
                                        -2,
                                        6
                                    ]
                                },
                                "down": {
                                    "uv": [
                                        8,
                                        10
                                    ],
                                    "uv_size": [
                                        -2,
                                        6
                                    ]
                                }
                            }
                        },
                        {
                            "origin": [
                                -2.5,
                                11.4,
                                2.25
                            ],
                            "size": [
                                0.5,
                                1.2,
                                0.2
                            ],
                            "uv": {
                                "north": {
                                    "uv": [
                                        8,
                                        10
                                    ],
                                    "uv_size": [
                                        -2,
                                        6
                                    ]
                                },
                                "east": {
                                    "uv": [
                                        8,
                                        10
                                    ],
                                    "uv_size": [
                                        -2,
                                        6
                                    ]
                                },
                                "south": {
                                    "uv": [
                                        8,
                                        10
                                    ],
                                    "uv_size": [
                                        -2,
                                        6
                                    ]
                                },
                                "west": {
                                    "uv": [
                                        8,
                                        10
                                    ],
                                    "uv_size": [
                                        -2,
                                        6
                                    ]
                                },
                                "up": {
                                    "uv": [
                                        8,
                                        10
                                    ],
                                    "uv_size": [
                                        -2,
                                        6
                                    ]
                                },
                                "down": {
                                    "uv": [
                                        8,
                                        10
                                    ],
                                    "uv_size": [
                                        -2,
                                        6
                                    ]
                                }
                            }
                        },
                        {
                            "origin": [
                                -0.25,
                                11.4,
                                -2.45
                            ],
                            "size": [
                                0.5,
                                1.2,
                                0.2
                            ],
                            "uv": {
                                "north": {
                                    "uv": [
                                        8,
                                        10
                                    ],
                                    "uv_size": [
                                        -2,
                                        6
                                    ]
                                },
                                "east": {
                                    "uv": [
                                        8,
                                        10
                                    ],
                                    "uv_size": [
                                        -2,
                                        6
                                    ]
                                },
                                "south": {
                                    "uv": [
                                        8,
                                        10
                                    ],
                                    "uv_size": [
                                        -2,
                                        6
                                    ]
                                },
                                "west": {
                                    "uv": [
                                        8,
                                        10
                                    ],
                                    "uv_size": [
                                        -2,
                                        6
                                    ]
                                },
                                "up": {
                                    "uv": [
                                        8,
                                        10
                                    ],
                                    "uv_size": [
                                        -2,
                                        6
                                    ]
                                },
                                "down": {
                                    "uv": [
                                        8,
                                        10
                                    ],
                                    "uv_size": [
                                        -2,
                                        6
                                    ]
                                }
                            }
                        },
                        {
                            "origin": [
                                2.75,
                                11.4,
                                -2.45
                            ],
                            "size": [
                                0.5,
                                1.2,
                                0.2
                            ],
                            "uv": {
                                "north": {
                                    "uv": [
                                        8,
                                        10
                                    ],
                                    "uv_size": [
                                        -2,
                                        6
                                    ]
                                },
                                "east": {
                                    "uv": [
                                        8,
                                        10
                                    ],
                                    "uv_size": [
                                        -2,
                                        6
                                    ]
                                },
                                "south": {
                                    "uv": [
                                        8,
                                        10
                                    ],
                                    "uv_size": [
                                        -2,
                                        6
                                    ]
                                },
                                "west": {
                                    "uv": [
                                        8,
                                        10
                                    ],
                                    "uv_size": [
                                        -2,
                                        6
                                    ]
                                },
                                "up": {
                                    "uv": [
                                        8,
                                        10
                                    ],
                                    "uv_size": [
                                        -2,
                                        6
                                    ]
                                },
                                "down": {
                                    "uv": [
                                        8,
                                        10
                                    ],
                                    "uv_size": [
                                        -2,
                                        6
                                    ]
                                }
                            }
                        },
                        {
                            "origin": [
                                -3.25,
                                11.4,
                                -2.45
                            ],
                            "size": [
                                0.5,
                                1.2,
                                0.2
                            ],
                            "uv": {
                                "north": {
                                    "uv": [
                                        8,
                                        10
                                    ],
                                    "uv_size": [
                                        -2,
                                        6
                                    ]
                                },
                                "east": {
                                    "uv": [
                                        8,
                                        10
                                    ],
                                    "uv_size": [
                                        -2,
                                        6
                                    ]
                                },
                                "south": {
                                    "uv": [
                                        8,
                                        10
                                    ],
                                    "uv_size": [
                                        -2,
                                        6
                                    ]
                                },
                                "west": {
                                    "uv": [
                                        8,
                                        10
                                    ],
                                    "uv_size": [
                                        -2,
                                        6
                                    ]
                                },
                                "up": {
                                    "uv": [
                                        8,
                                        10
                                    ],
                                    "uv_size": [
                                        -2,
                                        6
                                    ]
                                },
                                "down": {
                                    "uv": [
                                        8,
                                        10
                                    ],
                                    "uv_size": [
                                        -2,
                                        6
                                    ]
                                }
                            }
                        }
                    ]
                },
                {
                    "name": "saw",
                    "parent": "bipedBody",
                    "pivot": [
                        4.50013,
                        10.31471,
                        -0.52148
                    ],
                    "rotation": [
                        -94.98637,
                        0.64686,
                        -177.58508
                    ],
                    "cubes": [
                        {
                            "origin": [
                                4.46788,
                                8.779,
                                -7.71888
                            ],
                            "size": [
                                0.05699,
                                3.13459,
                                6.8391
                            ],
                            "uv": {
                                "north": {
                                    "uv": [
                                        64,
                                        26
                                    ],
                                    "uv_size": [
                                        -2,
                                        2
                                    ]
                                },
                                "east": {
                                    "uv": [
                                        64,
                                        15
                                    ],
                                    "uv_size": [
                                        -15,
                                        7
                                    ]
                                },
                                "south": {
                                    "uv": [
                                        64,
                                        26
                                    ],
                                    "uv_size": [
                                        -2,
                                        2
                                    ]
                                },
                                "west": {
                                    "uv": [
                                        49,
                                        15
                                    ],
                                    "uv_size": [
                                        15,
                                        7
                                    ]
                                },
                                "up": {
                                    "uv": [
                                        64,
                                        26
                                    ],
                                    "uv_size": [
                                        -2,
                                        2
                                    ]
                                },
                                "down": {
                                    "uv": [
                                        64,
                                        26
                                    ],
                                    "uv_size": [
                                        -2,
                                        2
                                    ]
                                }
                            }
                        },
                        {
                            "origin": [
                                4.06894,
                                8.82373,
                                0.96683
                            ],
                            "size": [
                                0.85489,
                                2.93985,
                                0.76429
                            ],
                            "uv": {
                                "north": {
                                    "uv": [
                                        4,
                                        46
                                    ],
                                    "uv_size": [
                                        -4,
                                        4
                                    ]
                                },
                                "east": {
                                    "uv": [
                                        0,
                                        46
                                    ],
                                    "uv_size": [
                                        18,
                                        4
                                    ]
                                },
                                "south": {
                                    "uv": [
                                        4,
                                        46
                                    ],
                                    "uv_size": [
                                        -4,
                                        4
                                    ]
                                },
                                "west": {
                                    "uv": [
                                        18,
                                        46
                                    ],
                                    "uv_size": [
                                        -18,
                                        4
                                    ]
                                },
                                "up": {
                                    "uv": [
                                        4,
                                        46
                                    ],
                                    "uv_size": [
                                        -4,
                                        18
                                    ]
                                },
                                "down": {
                                    "uv": [
                                        4,
                                        64
                                    ],
                                    "uv_size": [
                                        -4,
                                        -18
                                    ]
                                }
                            }
                        },
                        {
                            "origin": [
                                3.78397,
                                8.85381,
                                -0.93806
                            ],
                            "size": [
                                1.42481,
                                2.92481,
                                0.85489
                            ],
                            "uv": {
                                "north": {
                                    "uv": [
                                        8,
                                        54
                                    ],
                                    "uv_size": [
                                        -4,
                                        4
                                    ]
                                },
                                "east": {
                                    "uv": [
                                        6,
                                        54
                                    ],
                                    "uv_size": [
                                        -2,
                                        4
                                    ]
                                },
                                "south": {
                                    "uv": [
                                        8,
                                        54
                                    ],
                                    "uv_size": [
                                        -4,
                                        4
                                    ]
                                },
                                "west": {
                                    "uv": [
                                        6,
                                        54
                                    ],
                                    "uv_size": [
                                        -2,
                                        4
                                    ]
                                },
                                "up": {
                                    "uv": [
                                        8,
                                        54
                                    ],
                                    "uv_size": [
                                        -4,
                                        2
                                    ]
                                },
                                "down": {
                                    "uv": [
                                        8,
                                        54
                                    ],
                                    "uv_size": [
                                        -4,
                                        2
                                    ]
                                }
                            }
                        },
                        {
                            "origin": [
                                4.08397,
                                11.23877,
                                -0.08317
                            ],
                            "size": [
                                0.84356,
                                0.53985,
                                1.01992
                            ],
                            "uv": {
                                "north": {
                                    "uv": [
                                        8,
                                        50
                                    ],
                                    "uv_size": [
                                        -4,
                                        4
                                    ]
                                },
                                "east": {
                                    "uv": [
                                        6,
                                        50
                                    ],
                                    "uv_size": [
                                        -2,
                                        4
                                    ]
                                },
                                "south": {
                                    "uv": [
                                        8,
                                        50
                                    ],
                                    "uv_size": [
                                        -4,
                                        4
                                    ]
                                },
                                "west": {
                                    "uv": [
                                        6,
                                        50
                                    ],
                                    "uv_size": [
                                        -2,
                                        4
                                    ]
                                },
                                "up": {
                                    "uv": [
                                        8,
                                        50
                                    ],
                                    "uv_size": [
                                        -4,
                                        2
                                    ]
                                },
                                "down": {
                                    "uv": [
                                        8,
                                        50
                                    ],
                                    "uv_size": [
                                        -4,
                                        2
                                    ]
                                }
                            }
                        },
                        {
                            "origin": [
                                4.08397,
                                8.83877,
                                -0.08317
                            ],
                            "size": [
                                0.84356,
                                0.53985,
                                1.01992
                            ],
                            "uv": {
                                "north": {
                                    "uv": [
                                        8,
                                        50
                                    ],
                                    "uv_size": [
                                        -4,
                                        4
                                    ]
                                },
                                "east": {
                                    "uv": [
                                        6,
                                        50
                                    ],
                                    "uv_size": [
                                        -2,
                                        4
                                    ]
                                },
                                "south": {
                                    "uv": [
                                        8,
                                        50
                                    ],
                                    "uv_size": [
                                        -4,
                                        4
                                    ]
                                },
                                "west": {
                                    "uv": [
                                        6,
                                        50
                                    ],
                                    "uv_size": [
                                        -2,
                                        4
                                    ]
                                },
                                "up": {
                                    "uv": [
                                        8,
                                        50
                                    ],
                                    "uv_size": [
                                        -4,
                                        2
                                    ]
                                },
                                "down": {
                                    "uv": [
                                        8,
                                        50
                                    ],
                                    "uv_size": [
                                        -4,
                                        2
                                    ]
                                }
                            }
                        }
                    ]
                }
            ]
        }
    ]
}