{
    "format_version": "1.12.0",
    "minecraft:geometry": [
        {
            "description": {
                "identifier": "geometry.unknown",
                "texture_width": 64,
                "texture_height": 64,
                "visible_bounds_width": 3,
                "visible_bounds_height": 3.5,
                "visible_bounds_offset": [
                    0,
                    1.25,
                    0
                ]
            },
            "bones": [
                {
                    "name": "bipedBody",
                    "pivot": [
                        0,
                        24,
                        0
                    ]
                },
                {
                    "name": "belt9",
                    "parent": "bipedBody",
                    "pivot": [
                        0,
                        0,
                        0
                    ],
                    "cubes": [
                        {
                            "origin": [
                                -4.25,
                                11.5,
                                -2.25
                            ],
                            "size": [
                                8.5,
                                1,
                                4.5
                            ],
                            "uv": {
                                "north": {
                                    "uv": [
                                        40,
                                        0
                                    ],
                                    "uv_size": [
                                        -40,
                                        4
                                    ]
                                },
                                "east": {
                                    "uv": [
                                        64,
                                        0
                                    ],
                                    "uv_size": [
                                        -24,
                                        4
                                    ]
                                },
                                "south": {
                                    "uv": [
                                        40,
                                        4
                                    ],
                                    "uv_size": [
                                        -40,
                                        4
                                    ]
                                },
                                "west": {
                                    "uv": [
                                        64,
                                        4
                                    ],
                                    "uv_size": [
                                        -24,
                                        4
                                    ]
                                },
                                "up": {
                                    "uv": [
                                        40,
                                        8
                                    ],
                                    "uv_size": [
                                        -40,
                                        1
                                    ]
                                },
                                "down": {
                                    "uv": [
                                        40,
                                        9
                                    ],
                                    "uv_size": [
                                        -40,
                                        1
                                    ]
                                }
                            }
                        },
                        {
                            "origin": [
                                -0.75,
                                11.25,
                                2.05
                            ],
                            "size": [
                                1.5,
                                1.5,
                                0.25
                            ],
                            "uv": {
                                "north": {
                                    "uv": [
                                        6,
                                        10
                                    ],
                                    "uv_size": [
                                        -6,
                                        6
                                    ]
                                },
                                "east": {
                                    "uv": [
                                        1,
                                        10
                                    ],
                                    "uv_size": [
                                        -1,
                                        6
                                    ]
                                },
                                "south": {
                                    "uv": [
                                        6,
                                        10
                                    ],
                                    "uv_size": [
                                        -6,
                                        6
                                    ]
                                },
                                "west": {
                                    "uv": [
                                        6,
                                        10
                                    ],
                                    "uv_size": [
                                        -1,
                                        6
                                    ]
                                },
                                "up": {
                                    "uv": [
                                        0,
                                        10
                                    ],
                                    "uv_size": [
                                        6,
                                        1
                                    ]
                                },
                                "down": {
                                    "uv": [
                                        0,
                                        15
                                    ],
                                    "uv_size": [
                                        6,
                                        1
                                    ]
                                }
                            }
                        },
                        {
                            "origin": [
                                2,
                                11.4,
                                2.25
                            ],
                            "size": [
                                0.5,
                                1.2,
                                0.2
                            ],
                            "uv": {
                                "north": {
                                    "uv": [
                                        8,
                                        10
                                    ],
                                    "uv_size": [
                                        -2,
                                        6
                                    ]
                                },
                                "east": {
                                    "uv": [
                                        8,
                                        10
                                    ],
                                    "uv_size": [
                                        -2,
                                        6
                                    ]
                                },
                                "south": {
                                    "uv": [
                                        8,
                                        10
                                    ],
                                    "uv_size": [
                                        -2,
                                        6
                                    ]
                                },
                                "west": {
                                    "uv": [
                                        8,
                                        10
                                    ],
                                    "uv_size": [
                                        -2,
                                        6
                                    ]
                                },
                                "up": {
                                    "uv": [
                                        8,
                                        10
                                    ],
                                    "uv_size": [
                                        -2,
                                        6
                                    ]
                                },
                                "down": {
                                    "uv": [
                                        8,
                                        10
                                    ],
                                    "uv_size": [
                                        -2,
                                        6
                                    ]
                                }
                            }
                        },
                        {
                            "origin": [
                                -2.5,
                                11.4,
                                2.25
                            ],
                            "size": [
                                0.5,
                                1.2,
                                0.2
                            ],
                            "uv": {
                                "north": {
                                    "uv": [
                                        8,
                                        10
                                    ],
                                    "uv_size": [
                                        -2,
                                        6
                                    ]
                                },
                                "east": {
                                    "uv": [
                                        8,
                                        10
                                    ],
                                    "uv_size": [
                                        -2,
                                        6
                                    ]
                                },
                                "south": {
                                    "uv": [
                                        8,
                                        10
                                    ],
                                    "uv_size": [
                                        -2,
                                        6
                                    ]
                                },
                                "west": {
                                    "uv": [
                                        8,
                                        10
                                    ],
                                    "uv_size": [
                                        -2,
                                        6
                                    ]
                                },
                                "up": {
                                    "uv": [
                                        8,
                                        10
                                    ],
                                    "uv_size": [
                                        -2,
                                        6
                                    ]
                                },
                                "down": {
                                    "uv": [
                                        8,
                                        10
                                    ],
                                    "uv_size": [
                                        -2,
                                        6
                                    ]
                                }
                            }
                        },
                        {
                            "origin": [
                                -0.25,
                                11.4,
                                -2.45
                            ],
                            "size": [
                                0.5,
                                1.2,
                                0.2
                            ],
                            "uv": {
                                "north": {
                                    "uv": [
                                        8,
                                        10
                                    ],
                                    "uv_size": [
                                        -2,
                                        6
                                    ]
                                },
                                "east": {
                                    "uv": [
                                        8,
                                        10
                                    ],
                                    "uv_size": [
                                        -2,
                                        6
                                    ]
                                },
                                "south": {
                                    "uv": [
                                        8,
                                        10
                                    ],
                                    "uv_size": [
                                        -2,
                                        6
                                    ]
                                },
                                "west": {
                                    "uv": [
                                        8,
                                        10
                                    ],
                                    "uv_size": [
                                        -2,
                                        6
                                    ]
                                },
                                "up": {
                                    "uv": [
                                        8,
                                        10
                                    ],
                                    "uv_size": [
                                        -2,
                                        6
                                    ]
                                },
                                "down": {
                                    "uv": [
                                        8,
                                        10
                                    ],
                                    "uv_size": [
                                        -2,
                                        6
                                    ]
                                }
                            }
                        },
                        {
                            "origin": [
                                2.75,
                                11.4,
                                -2.45
                            ],
                            "size": [
                                0.5,
                                1.2,
                                0.2
                            ],
                            "uv": {
                                "north": {
                                    "uv": [
                                        8,
                                        10
                                    ],
                                    "uv_size": [
                                        -2,
                                        6
                                    ]
                                },
                                "east": {
                                    "uv": [
                                        8,
                                        10
                                    ],
                                    "uv_size": [
                                        -2,
                                        6
                                    ]
                                },
                                "south": {
                                    "uv": [
                                        8,
                                        10
                                    ],
                                    "uv_size": [
                                        -2,
                                        6
                                    ]
                                },
                                "west": {
                                    "uv": [
                                        8,
                                        10
                                    ],
                                    "uv_size": [
                                        -2,
                                        6
                                    ]
                                },
                                "up": {
                                    "uv": [
                                        8,
                                        10
                                    ],
                                    "uv_size": [
                                        -2,
                                        6
                                    ]
                                },
                                "down": {
                                    "uv": [
                                        8,
                                        10
                                    ],
                                    "uv_size": [
                                        -2,
                                        6
                                    ]
                                }
                            }
                        },
                        {
                            "origin": [
                                -3.25,
                                11.4,
                                -2.45
                            ],
                            "size": [
                                0.5,
                                1.2,
                                0.2
                            ],
                            "uv": {
                                "north": {
                                    "uv": [
                                        8,
                                        10
                                    ],
                                    "uv_size": [
                                        -2,
                                        6
                                    ]
                                },
                                "east": {
                                    "uv": [
                                        8,
                                        10
                                    ],
                                    "uv_size": [
                                        -2,
                                        6
                                    ]
                                },
                                "south": {
                                    "uv": [
                                        8,
                                        10
                                    ],
                                    "uv_size": [
                                        -2,
                                        6
                                    ]
                                },
                                "west": {
                                    "uv": [
                                        8,
                                        10
                                    ],
                                    "uv_size": [
                                        -2,
                                        6
                                    ]
                                },
                                "up": {
                                    "uv": [
                                        8,
                                        10
                                    ],
                                    "uv_size": [
                                        -2,
                                        6
                                    ]
                                },
                                "down": {
                                    "uv": [
                                        8,
                                        10
                                    ],
                                    "uv_size": [
                                        -2,
                                        6
                                    ]
                                }
                            }
                        }
                    ]
                },
                {
                    "name": "pickaxe",
                    "parent": "bipedBody",
                    "pivot": [
                        4.7125,
                        8,
                        0.55
                    ],
                    "rotation": [
                        -155,
                        0,
                        0
                    ],
                    "cubes": [
                        {
                            "origin": [
                                4.191,
                                2.04,
                                0.0285
                            ],
                            "size": [
                                1.043,
                                8.344,
                                1.043
                            ],
                            "uv": {
                                "north": {
                                    "uv": [
                                        4,
                                        34
                                    ],
                                    "uv_size": [
                                        -2,
                                        16
                                    ]
                                },
                                "east": {
                                    "uv": [
                                        2,
                                        34
                                    ],
                                    "uv_size": [
                                        -2,
                                        16
                                    ]
                                },
                                "south": {
                                    "uv": [
                                        8,
                                        34
                                    ],
                                    "uv_size": [
                                        -2,
                                        16
                                    ]
                                },
                                "west": {
                                    "uv": [
                                        6,
                                        34
                                    ],
                                    "uv_size": [
                                        -2,
                                        16
                                    ]
                                },
                                "up": {
                                    "uv": [
                                        2,
                                        32
                                    ],
                                    "uv_size": [
                                        -2,
                                        2
                                    ]
                                },
                                "down": {
                                    "uv": [
                                        2,
                                        50
                                    ],
                                    "uv_size": [
                                        -2,
                                        2
                                    ]
                                }
                            }
                        },
                        {
                            "origin": [
                                4.191,
                                10.384,
                                -3.1005
                            ],
                            "size": [
                                1.043,
                                1.043,
                                7.301
                            ],
                            "uv": {
                                "north": {
                                    "uv": [
                                        15.97143,
                                        61
                                    ],
                                    "uv_size": [
                                        -1.97143,
                                        2
                                    ]
                                },
                                "east": {
                                    "uv": [
                                        25,
                                        50
                                    ],
                                    "uv_size": [
                                        -11,
                                        2
                                    ]
                                },
                                "south": {
                                    "uv": [
                                        24.87143,
                                        61
                                    ],
                                    "uv_size": [
                                        -1.87143,
                                        2
                                    ]
                                },
                                "west": {
                                    "uv": [
                                        25,
                                        46
                                    ],
                                    "uv_size": [
                                        -11,
                                        2
                                    ]
                                },
                                "up": {
                                    "uv": [
                                        25,
                                        44
                                    ],
                                    "uv_size": [
                                        -11,
                                        2
                                    ]
                                },
                                "down": {
                                    "uv": [
                                        25,
                                        48
                                    ],
                                    "uv_size": [
                                        -11,
                                        2
                                    ]
                                }
                            }
                        },
                        {
                            "origin": [
                                3.93025,
                                10.12325,
                                -0.493
                            ],
                            "size": [
                                1.5645,
                                1.5645,
                                2.086
                            ],
                            "uv": {
                                "north": {
                                    "uv": [
                                        28,
                                        47
                                    ],
                                    "uv_size": [
                                        -3,
                                        3
                                    ]
                                },
                                "east": {
                                    "uv": [
                                        29,
                                        47
                                    ],
                                    "uv_size": [
                                        -4,
                                        3
                                    ]
                                },
                                "south": {
                                    "uv": [
                                        28,
                                        47
                                    ],
                                    "uv_size": [
                                        -3,
                                        3
                                    ]
                                },
                                "west": {
                                    "uv": [
                                        29,
                                        47
                                    ],
                                    "uv_size": [
                                        -4,
                                        3
                                    ]
                                },
                                "up": {
                                    "uv": [
                                        29,
                                        47
                                    ],
                                    "uv_size": [
                                        -4,
                                        3
                                    ]
                                },
                                "down": {
                                    "uv": [
                                        29,
                                        47
                                    ],
                                    "uv_size": [
                                        -4,
                                        3
                                    ]
                                }
                            }
                        },
                        {
                            "origin": [
                                4.45175,
                                10.384,
                                -4.1435
                            ],
                            "size": [
                                0.5215,
                                0.5215,
                                1.043
                            ],
                            "uv": {
                                "north": {
                                    "uv": [
                                        21,
                                        61
                                    ],
                                    "uv_size": [
                                        -2,
                                        2
                                    ]
                                },
                                "east": {
                                    "uv": [
                                        23,
                                        61
                                    ],
                                    "uv_size": [
                                        -4,
                                        2
                                    ]
                                },
                                "south": {
                                    "uv": [
                                        21,
                                        61
                                    ],
                                    "uv_size": [
                                        -2,
                                        2
                                    ]
                                },
                                "west": {
                                    "uv": [
                                        23,
                                        61
                                    ],
                                    "uv_size": [
                                        -4,
                                        2
                                    ]
                                },
                                "up": {
                                    "uv": [
                                        23,
                                        61
                                    ],
                                    "uv_size": [
                                        -4,
                                        2
                                    ]
                                },
                                "down": {
                                    "uv": [
                                        23,
                                        61
                                    ],
                                    "uv_size": [
                                        -4,
                                        2
                                    ]
                                }
                            }
                        },
                        {
                            "origin": [
                                4.45175,
                                10.384,
                                4.2005
                            ],
                            "size": [
                                0.5215,
                                0.5215,
                                1.043
                            ],
                            "uv": {
                                "north": {
                                    "uv": [
                                        21,
                                        61
                                    ],
                                    "uv_size": [
                                        -2,
                                        2
                                    ]
                                },
                                "east": {
                                    "uv": [
                                        23,
                                        61
                                    ],
                                    "uv_size": [
                                        -4,
                                        2
                                    ]
                                },
                                "south": {
                                    "uv": [
                                        21,
                                        61
                                    ],
                                    "uv_size": [
                                        -2,
                                        2
                                    ]
                                },
                                "west": {
                                    "uv": [
                                        23,
                                        61
                                    ],
                                    "uv_size": [
                                        -4,
                                        2
                                    ]
                                },
                                "up": {
                                    "uv": [
                                        23,
                                        61
                                    ],
                                    "uv_size": [
                                        -4,
                                        2
                                    ]
                                },
                                "down": {
                                    "uv": [
                                        23,
                                        61
                                    ],
                                    "uv_size": [
                                        -4,
                                        2
                                    ]
                                }
                            }
                        },
                        {
                            "origin": [
                                4.0867,
                                3.083,
                                -0.0758
                            ],
                            "size": [
                                1.2516,
                                3.129,
                                1.2516
                            ],
                            "uv": {
                                "north": {
                                    "uv": [
                                        18,
                                        20
                                    ],
                                    "uv_size": [
                                        -4,
                                        13
                                    ]
                                },
                                "east": {
                                    "uv": [
                                        14,
                                        20
                                    ],
                                    "uv_size": [
                                        -4,
                                        13
                                    ]
                                },
                                "south": {
                                    "uv": [
                                        26,
                                        20
                                    ],
                                    "uv_size": [
                                        -4,
                                        13
                                    ]
                                },
                                "west": {
                                    "uv": [
                                        22,
                                        20
                                    ],
                                    "uv_size": [
                                        -4,
                                        13
                                    ]
                                },
                                "up": {
                                    "uv": [
                                        14,
                                        16
                                    ],
                                    "uv_size": [
                                        -4,
                                        4
                                    ]
                                },
                                "down": {
                                    "uv": [
                                        14,
                                        33
                                    ],
                                    "uv_size": [
                                        -4,
                                        4
                                    ]
                                }
                            }
                        },
                        {
                            "origin": [
                                3.93025,
                                1.5185,
                                -0.23225
                            ],
                            "size": [
                                1.5645,
                                1.043,
                                1.5645
                            ],
                            "uv": {
                                "north": {
                                    "uv": [
                                        29,
                                        47
                                    ],
                                    "uv_size": [
                                        -4,
                                        3
                                    ]
                                },
                                "east": {
                                    "uv": [
                                        29,
                                        47
                                    ],
                                    "uv_size": [
                                        -4,
                                        3
                                    ]
                                },
                                "south": {
                                    "uv": [
                                        29,
                                        47
                                    ],
                                    "uv_size": [
                                        -4,
                                        3
                                    ]
                                },
                                "west": {
                                    "uv": [
                                        29,
                                        47
                                    ],
                                    "uv_size": [
                                        -4,
                                        3
                                    ]
                                },
                                "up": {
                                    "uv": [
                                        29,
                                        47
                                    ],
                                    "uv_size": [
                                        -4,
                                        4
                                    ]
                                },
                                "down": {
                                    "uv": [
                                        29,
                                        47
                                    ],
                                    "uv_size": [
                                        -4,
                                        4
                                    ]
                                }
                            }
                        }
                    ]
                }
            ]
        }
    ]
}