{
    "format_version": "1.12.0",
    "minecraft:geometry": [
        {
            "description": {
                "identifier": "geometry.unknown",
                "texture_width": 64,
                "texture_height": 64,
                "visible_bounds_width": 3,
                "visible_bounds_height": 3.5,
                "visible_bounds_offset": [
                    0,
                    1.25,
                    0
                ]
            },
            "bones": [
                {
                    "name": "bipedBody",
                    "pivot": [
                        0,
                        24,
                        0
                    ]
                },
                {
                    "name": "belt12",
                    "parent": "bipedBody",
                    "pivot": [
                        0,
                        0,
                        0
                    ],
                    "cubes": [
                        {
                            "origin": [
                                -4.25,
                                11.5,
                                -2.25
                            ],
                            "size": [
                                8.5,
                                1,
                                4.5
                            ],
                            "uv": {
                                "north": {
                                    "uv": [
                                        40,
                                        0
                                    ],
                                    "uv_size": [
                                        -40,
                                        4
                                    ]
                                },
                                "east": {
                                    "uv": [
                                        64,
                                        0
                                    ],
                                    "uv_size": [
                                        -24,
                                        4
                                    ]
                                },
                                "south": {
                                    "uv": [
                                        40,
                                        4
                                    ],
                                    "uv_size": [
                                        -40,
                                        4
                                    ]
                                },
                                "west": {
                                    "uv": [
                                        64,
                                        4
                                    ],
                                    "uv_size": [
                                        -24,
                                        4
                                    ]
                                },
                                "up": {
                                    "uv": [
                                        40,
                                        8
                                    ],
                                    "uv_size": [
                                        -40,
                                        1
                                    ]
                                },
                                "down": {
                                    "uv": [
                                        40,
                                        9
                                    ],
                                    "uv_size": [
                                        -40,
                                        1
                                    ]
                                }
                            }
                        },
                        {
                            "origin": [
                                -0.75,
                                11.25,
                                2.05
                            ],
                            "size": [
                                1.5,
                                1.5,
                                0.25
                            ],
                            "uv": {
                                "north": {
                                    "uv": [
                                        6,
                                        10
                                    ],
                                    "uv_size": [
                                        -6,
                                        6
                                    ]
                                },
                                "east": {
                                    "uv": [
                                        1,
                                        10
                                    ],
                                    "uv_size": [
                                        -1,
                                        6
                                    ]
                                },
                                "south": {
                                    "uv": [
                                        6,
                                        10
                                    ],
                                    "uv_size": [
                                        -6,
                                        6
                                    ]
                                },
                                "west": {
                                    "uv": [
                                        6,
                                        10
                                    ],
                                    "uv_size": [
                                        -1,
                                        6
                                    ]
                                },
                                "up": {
                                    "uv": [
                                        0,
                                        10
                                    ],
                                    "uv_size": [
                                        6,
                                        1
                                    ]
                                },
                                "down": {
                                    "uv": [
                                        0,
                                        15
                                    ],
                                    "uv_size": [
                                        6,
                                        1
                                    ]
                                }
                            }
                        },
                        {
                            "origin": [
                                2,
                                11.4,
                                2.25
                            ],
                            "size": [
                                0.5,
                                1.2,
                                0.2
                            ],
                            "uv": {
                                "north": {
                                    "uv": [
                                        8,
                                        10
                                    ],
                                    "uv_size": [
                                        -2,
                                        6
                                    ]
                                },
                                "east": {
                                    "uv": [
                                        8,
                                        10
                                    ],
                                    "uv_size": [
                                        -2,
                                        6
                                    ]
                                },
                                "south": {
                                    "uv": [
                                        8,
                                        10
                                    ],
                                    "uv_size": [
                                        -2,
                                        6
                                    ]
                                },
                                "west": {
                                    "uv": [
                                        8,
                                        10
                                    ],
                                    "uv_size": [
                                        -2,
                                        6
                                    ]
                                },
                                "up": {
                                    "uv": [
                                        8,
                                        10
                                    ],
                                    "uv_size": [
                                        -2,
                                        6
                                    ]
                                },
                                "down": {
                                    "uv": [
                                        8,
                                        10
                                    ],
                                    "uv_size": [
                                        -2,
                                        6
                                    ]
                                }
                            }
                        },
                        {
                            "origin": [
                                -2.5,
                                11.4,
                                2.25
                            ],
                            "size": [
                                0.5,
                                1.2,
                                0.2
                            ],
                            "uv": {
                                "north": {
                                    "uv": [
                                        8,
                                        10
                                    ],
                                    "uv_size": [
                                        -2,
                                        6
                                    ]
                                },
                                "east": {
                                    "uv": [
                                        8,
                                        10
                                    ],
                                    "uv_size": [
                                        -2,
                                        6
                                    ]
                                },
                                "south": {
                                    "uv": [
                                        8,
                                        10
                                    ],
                                    "uv_size": [
                                        -2,
                                        6
                                    ]
                                },
                                "west": {
                                    "uv": [
                                        8,
                                        10
                                    ],
                                    "uv_size": [
                                        -2,
                                        6
                                    ]
                                },
                                "up": {
                                    "uv": [
                                        8,
                                        10
                                    ],
                                    "uv_size": [
                                        -2,
                                        6
                                    ]
                                },
                                "down": {
                                    "uv": [
                                        8,
                                        10
                                    ],
                                    "uv_size": [
                                        -2,
                                        6
                                    ]
                                }
                            }
                        },
                        {
                            "origin": [
                                -0.25,
                                11.4,
                                -2.45
                            ],
                            "size": [
                                0.5,
                                1.2,
                                0.2
                            ],
                            "uv": {
                                "north": {
                                    "uv": [
                                        8,
                                        10
                                    ],
                                    "uv_size": [
                                        -2,
                                        6
                                    ]
                                },
                                "east": {
                                    "uv": [
                                        8,
                                        10
                                    ],
                                    "uv_size": [
                                        -2,
                                        6
                                    ]
                                },
                                "south": {
                                    "uv": [
                                        8,
                                        10
                                    ],
                                    "uv_size": [
                                        -2,
                                        6
                                    ]
                                },
                                "west": {
                                    "uv": [
                                        8,
                                        10
                                    ],
                                    "uv_size": [
                                        -2,
                                        6
                                    ]
                                },
                                "up": {
                                    "uv": [
                                        8,
                                        10
                                    ],
                                    "uv_size": [
                                        -2,
                                        6
                                    ]
                                },
                                "down": {
                                    "uv": [
                                        8,
                                        10
                                    ],
                                    "uv_size": [
                                        -2,
                                        6
                                    ]
                                }
                            }
                        },
                        {
                            "origin": [
                                2.75,
                                11.4,
                                -2.45
                            ],
                            "size": [
                                0.5,
                                1.2,
                                0.2
                            ],
                            "uv": {
                                "north": {
                                    "uv": [
                                        8,
                                        10
                                    ],
                                    "uv_size": [
                                        -2,
                                        6
                                    ]
                                },
                                "east": {
                                    "uv": [
                                        8,
                                        10
                                    ],
                                    "uv_size": [
                                        -2,
                                        6
                                    ]
                                },
                                "south": {
                                    "uv": [
                                        8,
                                        10
                                    ],
                                    "uv_size": [
                                        -2,
                                        6
                                    ]
                                },
                                "west": {
                                    "uv": [
                                        8,
                                        10
                                    ],
                                    "uv_size": [
                                        -2,
                                        6
                                    ]
                                },
                                "up": {
                                    "uv": [
                                        8,
                                        10
                                    ],
                                    "uv_size": [
                                        -2,
                                        6
                                    ]
                                },
                                "down": {
                                    "uv": [
                                        8,
                                        10
                                    ],
                                    "uv_size": [
                                        -2,
                                        6
                                    ]
                                }
                            }
                        },
                        {
                            "origin": [
                                -3.25,
                                11.4,
                                -2.45
                            ],
                            "size": [
                                0.5,
                                1.2,
                                0.2
                            ],
                            "uv": {
                                "north": {
                                    "uv": [
                                        8,
                                        10
                                    ],
                                    "uv_size": [
                                        -2,
                                        6
                                    ]
                                },
                                "east": {
                                    "uv": [
                                        8,
                                        10
                                    ],
                                    "uv_size": [
                                        -2,
                                        6
                                    ]
                                },
                                "south": {
                                    "uv": [
                                        8,
                                        10
                                    ],
                                    "uv_size": [
                                        -2,
                                        6
                                    ]
                                },
                                "west": {
                                    "uv": [
                                        8,
                                        10
                                    ],
                                    "uv_size": [
                                        -2,
                                        6
                                    ]
                                },
                                "up": {
                                    "uv": [
                                        8,
                                        10
                                    ],
                                    "uv_size": [
                                        -2,
                                        6
                                    ]
                                },
                                "down": {
                                    "uv": [
                                        8,
                                        10
                                    ],
                                    "uv_size": [
                                        -2,
                                        6
                                    ]
                                }
                            }
                        }
                    ]
                },
                {
                    "name": "knife",
                    "parent": "bipedBody",
                    "pivot": [
                        -4.4,
                        11.6,
                        -2
                    ],
                    "rotation": [
                        -137.32791,
                        -63.66309,
                        140.43708
                    ],
                    "cubes": [
                        {
                            "origin": [
                                -4.7,
                                13.2,
                                -2.3
                            ],
                            "size": [
                                0.6,
                                0.6,
                                0.6
                            ],
                            "uv": {
                                "north": {
                                    "uv": [
                                        64,
                                        15
                                    ],
                                    "uv_size": [
                                        -4,
                                        4.05
                                    ]
                                },
                                "east": {
                                    "uv": [
                                        64,
                                        15
                                    ],
                                    "uv_size": [
                                        -4,
                                        4.05
                                    ]
                                },
                                "south": {
                                    "uv": [
                                        64,
                                        15
                                    ],
                                    "uv_size": [
                                        -4,
                                        4.05
                                    ]
                                },
                                "west": {
                                    "uv": [
                                        64,
                                        15
                                    ],
                                    "uv_size": [
                                        -4,
                                        4.05
                                    ]
                                },
                                "up": {
                                    "uv": [
                                        64,
                                        15
                                    ],
                                    "uv_size": [
                                        -4,
                                        4.05
                                    ]
                                },
                                "down": {
                                    "uv": [
                                        64,
                                        15
                                    ],
                                    "uv_size": [
                                        -4,
                                        4.05
                                    ]
                                }
                            }
                        },
                        {
                            "origin": [
                                -4.9,
                                11.2,
                                -2.1
                            ],
                            "size": [
                                1,
                                0.3,
                                0.2
                            ],
                            "uv": {
                                "north": {
                                    "uv": [
                                        3,
                                        63.125
                                    ],
                                    "uv_size": [
                                        -1,
                                        0.875
                                    ]
                                },
                                "east": {
                                    "uv": [
                                        2.2,
                                        63.125
                                    ],
                                    "uv_size": [
                                        -0.2,
                                        0.875
                                    ]
                                },
                                "south": {
                                    "uv": [
                                        3,
                                        63.125
                                    ],
                                    "uv_size": [
                                        -1,
                                        0.875
                                    ]
                                },
                                "west": {
                                    "uv": [
                                        2.2,
                                        63.125
                                    ],
                                    "uv_size": [
                                        -0.2,
                                        0.875
                                    ]
                                },
                                "up": {
                                    "uv": [
                                        3,
                                        63.125
                                    ],
                                    "uv_size": [
                                        -1,
                                        0.58333
                                    ]
                                },
                                "down": {
                                    "uv": [
                                        3,
                                        63.125
                                    ],
                                    "uv_size": [
                                        -1,
                                        0.58333
                                    ]
                                }
                            }
                        },
                        {
                            "origin": [
                                -4.6,
                                11.5,
                                -2.2
                            ],
                            "size": [
                                0.4,
                                1.7,
                                0.4
                            ],
                            "uv": {
                                "north": {
                                    "uv": [
                                        4,
                                        46
                                    ],
                                    "uv_size": [
                                        -4,
                                        18
                                    ]
                                },
                                "east": {
                                    "uv": [
                                        4,
                                        46
                                    ],
                                    "uv_size": [
                                        -4,
                                        18
                                    ]
                                },
                                "south": {
                                    "uv": [
                                        4,
                                        46
                                    ],
                                    "uv_size": [
                                        -4,
                                        18
                                    ]
                                },
                                "west": {
                                    "uv": [
                                        4,
                                        46
                                    ],
                                    "uv_size": [
                                        -4,
                                        18
                                    ]
                                },
                                "up": {
                                    "uv": [
                                        4,
                                        46
                                    ],
                                    "uv_size": [
                                        -4,
                                        10.7
                                    ]
                                },
                                "down": {
                                    "uv": [
                                        4,
                                        46
                                    ],
                                    "uv_size": [
                                        -4,
                                        10.7
                                    ]
                                }
                            }
                        },
                        {
                            "origin": [
                                -4.9,
                                7.2,
                                -2
                            ],
                            "size": [
                                1,
                                4,
                                0
                            ],
                            "uv": {
                                "north": {
                                    "uv": [
                                        49,
                                        15
                                    ],
                                    "uv_size": [
                                        14,
                                        6
                                    ]
                                },
                                "east": {
                                    "uv": [
                                        49,
                                        15
                                    ],
                                    "uv_size": [
                                        0,
                                        6
                                    ]
                                },
                                "south": {
                                    "uv": [
                                        63,
                                        15
                                    ],
                                    "uv_size": [
                                        -14,
                                        6
                                    ]
                                },
                                "west": {
                                    "uv": [
                                        49,
                                        15
                                    ],
                                    "uv_size": [
                                        0,
                                        6
                                    ]
                                },
                                "up": {
                                    "uv": [
                                        53,
                                        39
                                    ],
                                    "uv_size": [
                                        -14,
                                        0
                                    ]
                                },
                                "down": {
                                    "uv": [
                                        53,
                                        39
                                    ],
                                    "uv_size": [
                                        -14,
                                        0
                                    ]
                                }
                            }
                        }
                    ]
                },
                {
                    "name": "knife2",
                    "parent": "bipedBody",
                    "pivot": [
                        4.4,
                        11.6,
                        -2
                    ],
                    "rotation": [
                        -42.67209,
                        -63.66309,
                        39.56292
                    ],
                    "cubes": [
                        {
                            "origin": [
                                4.1,
                                13.2,
                                -2.3
                            ],
                            "size": [
                                0.6,
                                0.6,
                                0.6
                            ],
                            "uv": {
                                "north": {
                                    "uv": [
                                        64,
                                        15
                                    ],
                                    "uv_size": [
                                        -4,
                                        4.05
                                    ]
                                },
                                "east": {
                                    "uv": [
                                        64,
                                        15
                                    ],
                                    "uv_size": [
                                        -4,
                                        4.05
                                    ]
                                },
                                "south": {
                                    "uv": [
                                        64,
                                        15
                                    ],
                                    "uv_size": [
                                        -4,
                                        4.05
                                    ]
                                },
                                "west": {
                                    "uv": [
                                        64,
                                        15
                                    ],
                                    "uv_size": [
                                        -4,
                                        4.05
                                    ]
                                },
                                "up": {
                                    "uv": [
                                        64,
                                        15
                                    ],
                                    "uv_size": [
                                        -4,
                                        4.05
                                    ]
                                },
                                "down": {
                                    "uv": [
                                        64,
                                        15
                                    ],
                                    "uv_size": [
                                        -4,
                                        4.05
                                    ]
                                }
                            }
                        },
                        {
                            "origin": [
                                3.9,
                                11.2,
                                -2.1
                            ],
                            "size": [
                                1,
                                0.3,
                                0.2
                            ],
                            "uv": {
                                "north": {
                                    "uv": [
                                        3,
                                        63.125
                                    ],
                                    "uv_size": [
                                        -1,
                                        0.875
                                    ]
                                },
                                "east": {
                                    "uv": [
                                        2.2,
                                        63.125
                                    ],
                                    "uv_size": [
                                        -0.2,
                                        0.875
                                    ]
                                },
                                "south": {
                                    "uv": [
                                        3,
                                        63.125
                                    ],
                                    "uv_size": [
                                        -1,
                                        0.875
                                    ]
                                },
                                "west": {
                                    "uv": [
                                        2.2,
                                        63.125
                                    ],
                                    "uv_size": [
                                        -0.2,
                                        0.875
                                    ]
                                },
                                "up": {
                                    "uv": [
                                        3,
                                        63.125
                                    ],
                                    "uv_size": [
                                        -1,
                                        0.58333
                                    ]
                                },
                                "down": {
                                    "uv": [
                                        3,
                                        63.125
                                    ],
                                    "uv_size": [
                                        -1,
                                        0.58333
                                    ]
                                }
                            }
                        },
                        {
                            "origin": [
                                4.2,
                                11.5,
                                -2.2
                            ],
                            "size": [
                                0.4,
                                1.7,
                                0.4
                            ],
                            "uv": {
                                "north": {
                                    "uv": [
                                        4,
                                        46
                                    ],
                                    "uv_size": [
                                        -4,
                                        18
                                    ]
                                },
                                "east": {
                                    "uv": [
                                        4,
                                        46
                                    ],
                                    "uv_size": [
                                        -4,
                                        18
                                    ]
                                },
                                "south": {
                                    "uv": [
                                        4,
                                        46
                                    ],
                                    "uv_size": [
                                        -4,
                                        18
                                    ]
                                },
                                "west": {
                                    "uv": [
                                        4,
                                        46
                                    ],
                                    "uv_size": [
                                        -4,
                                        18
                                    ]
                                },
                                "up": {
                                    "uv": [
                                        4,
                                        46
                                    ],
                                    "uv_size": [
                                        -4,
                                        10.7
                                    ]
                                },
                                "down": {
                                    "uv": [
                                        4,
                                        46
                                    ],
                                    "uv_size": [
                                        -4,
                                        10.7
                                    ]
                                }
                            }
                        },
                        {
                            "origin": [
                                3.9,
                                7.2,
                                -2
                            ],
                            "size": [
                                1,
                                4,
                                0
                            ],
                            "uv": {
                                "north": {
                                    "uv": [
                                        49,
                                        15
                                    ],
                                    "uv_size": [
                                        14,
                                        6
                                    ]
                                },
                                "east": {
                                    "uv": [
                                        49,
                                        15
                                    ],
                                    "uv_size": [
                                        0,
                                        6
                                    ]
                                },
                                "south": {
                                    "uv": [
                                        63,
                                        15
                                    ],
                                    "uv_size": [
                                        -14,
                                        6
                                    ]
                                },
                                "west": {
                                    "uv": [
                                        49,
                                        15
                                    ],
                                    "uv_size": [
                                        0,
                                        6
                                    ]
                                },
                                "up": {
                                    "uv": [
                                        53,
                                        39
                                    ],
                                    "uv_size": [
                                        -14,
                                        0
                                    ]
                                },
                                "down": {
                                    "uv": [
                                        53,
                                        39
                                    ],
                                    "uv_size": [
                                        -14,
                                        0
                                    ]
                                }
                            }
                        }
                    ]
                }
            ]
        }
    ]
}