{
    "format_version": "1.12.0",
    "minecraft:geometry": [
        {
            "description": {
                "identifier": "geometry.unknown",
                "texture_width": 64,
                "texture_height": 64,
                "visible_bounds_width": 3,
                "visible_bounds_height": 3.5,
                "visible_bounds_offset": [
                    0,
                    1.25,
                    0
                ]
            },
            "bones": [
                {
                    "name": "bipedBody",
                    "pivot": [
                        0,
                        24,
                        0
                    ]
                },
                {
                    "name": "belt11",
                    "parent": "bipedBody",
                    "pivot": [
                        0,
                        0,
                        0
                    ],
                    "cubes": [
                        {
                            "origin": [
                                -4.25,
                                11.5,
                                -2.25
                            ],
                            "size": [
                                8.5,
                                1,
                                4.5
                            ],
                            "uv": {
                                "north": {
                                    "uv": [
                                        40,
                                        0
                                    ],
                                    "uv_size": [
                                        -40,
                                        4
                                    ]
                                },
                                "east": {
                                    "uv": [
                                        64,
                                        0
                                    ],
                                    "uv_size": [
                                        -24,
                                        4
                                    ]
                                },
                                "south": {
                                    "uv": [
                                        40,
                                        4
                                    ],
                                    "uv_size": [
                                        -40,
                                        4
                                    ]
                                },
                                "west": {
                                    "uv": [
                                        64,
                                        4
                                    ],
                                    "uv_size": [
                                        -24,
                                        4
                                    ]
                                },
                                "up": {
                                    "uv": [
                                        40,
                                        8
                                    ],
                                    "uv_size": [
                                        -40,
                                        1
                                    ]
                                },
                                "down": {
                                    "uv": [
                                        40,
                                        9
                                    ],
                                    "uv_size": [
                                        -40,
                                        1
                                    ]
                                }
                            }
                        },
                        {
                            "origin": [
                                -0.75,
                                11.25,
                                2.05
                            ],
                            "size": [
                                1.5,
                                1.5,
                                0.25
                            ],
                            "uv": {
                                "north": {
                                    "uv": [
                                        6,
                                        10
                                    ],
                                    "uv_size": [
                                        -6,
                                        6
                                    ]
                                },
                                "east": {
                                    "uv": [
                                        1,
                                        10
                                    ],
                                    "uv_size": [
                                        -1,
                                        6
                                    ]
                                },
                                "south": {
                                    "uv": [
                                        6,
                                        10
                                    ],
                                    "uv_size": [
                                        -6,
                                        6
                                    ]
                                },
                                "west": {
                                    "uv": [
                                        6,
                                        10
                                    ],
                                    "uv_size": [
                                        -1,
                                        6
                                    ]
                                },
                                "up": {
                                    "uv": [
                                        0,
                                        10
                                    ],
                                    "uv_size": [
                                        6,
                                        1
                                    ]
                                },
                                "down": {
                                    "uv": [
                                        0,
                                        15
                                    ],
                                    "uv_size": [
                                        6,
                                        1
                                    ]
                                }
                            }
                        },
                        {
                            "origin": [
                                2,
                                11.4,
                                2.25
                            ],
                            "size": [
                                0.5,
                                1.2,
                                0.2
                            ],
                            "uv": {
                                "north": {
                                    "uv": [
                                        8,
                                        10
                                    ],
                                    "uv_size": [
                                        -2,
                                        6
                                    ]
                                },
                                "east": {
                                    "uv": [
                                        8,
                                        10
                                    ],
                                    "uv_size": [
                                        -2,
                                        6
                                    ]
                                },
                                "south": {
                                    "uv": [
                                        8,
                                        10
                                    ],
                                    "uv_size": [
                                        -2,
                                        6
                                    ]
                                },
                                "west": {
                                    "uv": [
                                        8,
                                        10
                                    ],
                                    "uv_size": [
                                        -2,
                                        6
                                    ]
                                },
                                "up": {
                                    "uv": [
                                        8,
                                        10
                                    ],
                                    "uv_size": [
                                        -2,
                                        6
                                    ]
                                },
                                "down": {
                                    "uv": [
                                        8,
                                        10
                                    ],
                                    "uv_size": [
                                        -2,
                                        6
                                    ]
                                }
                            }
                        },
                        {
                            "origin": [
                                -2.5,
                                11.4,
                                2.25
                            ],
                            "size": [
                                0.5,
                                1.2,
                                0.2
                            ],
                            "uv": {
                                "north": {
                                    "uv": [
                                        8,
                                        10
                                    ],
                                    "uv_size": [
                                        -2,
                                        6
                                    ]
                                },
                                "east": {
                                    "uv": [
                                        8,
                                        10
                                    ],
                                    "uv_size": [
                                        -2,
                                        6
                                    ]
                                },
                                "south": {
                                    "uv": [
                                        8,
                                        10
                                    ],
                                    "uv_size": [
                                        -2,
                                        6
                                    ]
                                },
                                "west": {
                                    "uv": [
                                        8,
                                        10
                                    ],
                                    "uv_size": [
                                        -2,
                                        6
                                    ]
                                },
                                "up": {
                                    "uv": [
                                        8,
                                        10
                                    ],
                                    "uv_size": [
                                        -2,
                                        6
                                    ]
                                },
                                "down": {
                                    "uv": [
                                        8,
                                        10
                                    ],
                                    "uv_size": [
                                        -2,
                                        6
                                    ]
                                }
                            }
                        },
                        {
                            "origin": [
                                -0.25,
                                11.4,
                                -2.45
                            ],
                            "size": [
                                0.5,
                                1.2,
                                0.2
                            ],
                            "uv": {
                                "north": {
                                    "uv": [
                                        8,
                                        10
                                    ],
                                    "uv_size": [
                                        -2,
                                        6
                                    ]
                                },
                                "east": {
                                    "uv": [
                                        8,
                                        10
                                    ],
                                    "uv_size": [
                                        -2,
                                        6
                                    ]
                                },
                                "south": {
                                    "uv": [
                                        8,
                                        10
                                    ],
                                    "uv_size": [
                                        -2,
                                        6
                                    ]
                                },
                                "west": {
                                    "uv": [
                                        8,
                                        10
                                    ],
                                    "uv_size": [
                                        -2,
                                        6
                                    ]
                                },
                                "up": {
                                    "uv": [
                                        8,
                                        10
                                    ],
                                    "uv_size": [
                                        -2,
                                        6
                                    ]
                                },
                                "down": {
                                    "uv": [
                                        8,
                                        10
                                    ],
                                    "uv_size": [
                                        -2,
                                        6
                                    ]
                                }
                            }
                        },
                        {
                            "origin": [
                                2.75,
                                11.4,
                                -2.45
                            ],
                            "size": [
                                0.5,
                                1.2,
                                0.2
                            ],
                            "uv": {
                                "north": {
                                    "uv": [
                                        8,
                                        10
                                    ],
                                    "uv_size": [
                                        -2,
                                        6
                                    ]
                                },
                                "east": {
                                    "uv": [
                                        8,
                                        10
                                    ],
                                    "uv_size": [
                                        -2,
                                        6
                                    ]
                                },
                                "south": {
                                    "uv": [
                                        8,
                                        10
                                    ],
                                    "uv_size": [
                                        -2,
                                        6
                                    ]
                                },
                                "west": {
                                    "uv": [
                                        8,
                                        10
                                    ],
                                    "uv_size": [
                                        -2,
                                        6
                                    ]
                                },
                                "up": {
                                    "uv": [
                                        8,
                                        10
                                    ],
                                    "uv_size": [
                                        -2,
                                        6
                                    ]
                                },
                                "down": {
                                    "uv": [
                                        8,
                                        10
                                    ],
                                    "uv_size": [
                                        -2,
                                        6
                                    ]
                                }
                            }
                        },
                        {
                            "origin": [
                                -3.25,
                                11.4,
                                -2.45
                            ],
                            "size": [
                                0.5,
                                1.2,
                                0.2
                            ],
                            "uv": {
                                "north": {
                                    "uv": [
                                        8,
                                        10
                                    ],
                                    "uv_size": [
                                        -2,
                                        6
                                    ]
                                },
                                "east": {
                                    "uv": [
                                        8,
                                        10
                                    ],
                                    "uv_size": [
                                        -2,
                                        6
                                    ]
                                },
                                "south": {
                                    "uv": [
                                        8,
                                        10
                                    ],
                                    "uv_size": [
                                        -2,
                                        6
                                    ]
                                },
                                "west": {
                                    "uv": [
                                        8,
                                        10
                                    ],
                                    "uv_size": [
                                        -2,
                                        6
                                    ]
                                },
                                "up": {
                                    "uv": [
                                        8,
                                        10
                                    ],
                                    "uv_size": [
                                        -2,
                                        6
                                    ]
                                },
                                "down": {
                                    "uv": [
                                        8,
                                        10
                                    ],
                                    "uv_size": [
                                        -2,
                                        6
                                    ]
                                }
                            }
                        }
                    ]
                },
                {
                    "name": "sheath",
                    "parent": "bipedBody",
                    "pivot": [
                        5.8,
                        7.53333,
                        1
                    ],
                    "rotation": [
                        -35.96263,
                        55.34754,
                        -48.82638
                    ],
                    "cubes": [
                        {
                            "origin": [
                                5.434,
                                4.66633,
                                0.634
                            ],
                            "size": [
                                0.732,
                                0.732,
                                0.732
                            ],
                            "uv": {
                                "north": {
                                    "uv": [
                                        13,
                                        62
                                    ],
                                    "uv_size": [
                                        -2,
                                        2
                                    ]
                                },
                                "east": {
                                    "uv": [
                                        13,
                                        62
                                    ],
                                    "uv_size": [
                                        -2,
                                        2
                                    ]
                                },
                                "south": {
                                    "uv": [
                                        13,
                                        62
                                    ],
                                    "uv_size": [
                                        -2,
                                        2
                                    ]
                                },
                                "west": {
                                    "uv": [
                                        13,
                                        62
                                    ],
                                    "uv_size": [
                                        -2,
                                        2
                                    ]
                                },
                                "up": {
                                    "uv": [
                                        13,
                                        62
                                    ],
                                    "uv_size": [
                                        -2,
                                        2
                                    ]
                                },
                                "down": {
                                    "uv": [
                                        13,
                                        62
                                    ],
                                    "uv_size": [
                                        -2,
                                        2
                                    ]
                                }
                            }
                        },
                        {
                            "origin": [
                                5.068,
                                5.39833,
                                0.634
                            ],
                            "size": [
                                1.464,
                                1.464,
                                0.732
                            ],
                            "uv": {
                                "north": {
                                    "uv": [
                                        11,
                                        60
                                    ],
                                    "uv_size": [
                                        -4,
                                        4
                                    ]
                                },
                                "east": {
                                    "uv": [
                                        9,
                                        60
                                    ],
                                    "uv_size": [
                                        -2,
                                        4
                                    ]
                                },
                                "south": {
                                    "uv": [
                                        11,
                                        60
                                    ],
                                    "uv_size": [
                                        -4,
                                        4
                                    ]
                                },
                                "west": {
                                    "uv": [
                                        9,
                                        60
                                    ],
                                    "uv_size": [
                                        -2,
                                        4
                                    ]
                                },
                                "up": {
                                    "uv": [
                                        9,
                                        60
                                    ],
                                    "uv_size": [
                                        -2,
                                        4
                                    ]
                                },
                                "down": {
                                    "uv": [
                                        9,
                                        60
                                    ],
                                    "uv_size": [
                                        -2,
                                        4
                                    ]
                                }
                            }
                        },
                        {
                            "origin": [
                                4.519,
                                6.86233,
                                0.451
                            ],
                            "size": [
                                2.562,
                                9.15,
                                1.098
                            ],
                            "uv": {
                                "north": {
                                    "uv": [
                                        7,
                                        37
                                    ],
                                    "uv_size": [
                                        -7,
                                        25
                                    ]
                                },
                                "east": {
                                    "uv": [
                                        3,
                                        37
                                    ],
                                    "uv_size": [
                                        -3,
                                        25
                                    ]
                                },
                                "south": {
                                    "uv": [
                                        7,
                                        37
                                    ],
                                    "uv_size": [
                                        -7,
                                        25
                                    ]
                                },
                                "west": {
                                    "uv": [
                                        3,
                                        37
                                    ],
                                    "uv_size": [
                                        -3,
                                        25
                                    ]
                                },
                                "up": {
                                    "uv": [
                                        26,
                                        24
                                    ],
                                    "uv_size": [
                                        -13,
                                        13
                                    ]
                                },
                                "down": {
                                    "uv": [
                                        10,
                                        58
                                    ],
                                    "uv_size": [
                                        -3,
                                        4
                                    ]
                                }
                            }
                        }
                    ]
                }
            ]
        }
    ]
}