{
      "type": "add",
      "argument1": {
            "type": "spline",
            "min_value": -1.75,
            "max_value": 1.75,
            "spline": {
                  "coordinate": "continents:island_adjusted",
                  "points": [
                        {
                              "location": -1,
                              "derivative": 2,
                              "value": -2
                        },
                        {
                              "location": -0.19,
                              "derivative": 0.5,
                              "value": -0.19
                        },
                        {
                              "location": 0,
                              "derivative": 0.335,
                              "value": -0.1
                        }
                  ]
            }
      },
      "argument2": 0
}
