{
  "type": "chest",
  "pools": [
    {
      "rolls": 8,
      "bonus_rolls": 2,
      "entries": [
        {
          "type": "item",
          "weight": 10,
          "name": "minecraft:chorus_fruit",
          "functions": [
            {
              "function": "set_count",
              "count": 7
            }
          ]
        },
        {
          "type": "item",
          "weight": 6,
          "name": "minecraft:enchanted_book",
          "functions": [
            {
              "function": "set_count",
              "count": 1
            },
            {
              "function": "set_nbt",
              "tag": "{StoredEnchantments:[{id:\"minecraft:protection\",lvl:3s}]}"
            }
          ]
        },
        {
          "type": "item",
          "weight": 7,
          "name": "minecraft:purple_candle",
          "functions": [
            {
              "function": "set_count",
              "count": 3
            }
          ]
        },
        {
          "type": "item",
          "weight": 7,
          "name": "minecraft:purpur_block",
          "functions": [
            {
              "function": "set_count",
              "count": 6
            }
          ]
        },
        {
          "type": "item",
          "weight": 8,
          "name": "minecraft:diamond_pickaxe",
          "functions": [
            {
              "function": "set_count",
              "count": 1
            }
          ]
        },
        {
          "type": "item",
          "weight": 4,
          "name": "minecraft:lodestone",
          "functions": [
            {
              "function": "set_count",
              "count": 1
            }
          ]
        },
        {
          "type": "item",
          "weight": 50,
          "name": "minecraft:spire_armor_trim_smithing_template",
          "functions": [
            {
              "function": "set_count",
              "count": 1
            }
          ]
        },
        {
          "type": "item",
          "weight": 5,
          "name": "minecraft:ancient_debris",
          "functions": [
            {
              "function": "set_count",
              "count": 1
            }
          ]
        },
        {
          "type": "item",
          "weight": 6,
          "name": "minecraft:netherite_scrap",
          "functions": [
            {
              "function": "set_count",
              "count": 1
            }
          ]
        },
        {
          "type": "item",
          "weight": 5,
          "name": "minecraft:diamond_chestplate",
          "functions": [
            {
              "function": "set_count",
              "count": 1
            },
            {
              "function": "set_nbt",
              "tag": "{Enchantments:[{id:\"minecraft:protection\",lvl:3s}]}"
            }
          ]
        },
        {
          "type": "item",
          "weight": 4,
          "name": "minecraft:diamond_leggings",
          "functions": [
            {
              "function": "set_count",
              "count": 1
            },
            {
              "function": "set_nbt",
              "tag": "{Enchantments:[{id:\"minecraft:unbreaking\",lvl:1s},{id:\"minecraft:mending\",lvl:1s}]}"
            }
          ]
        },
        {
          "type": "item",
          "weight": 6,
          "name": "minecraft:diamond_helmet",
          "functions": [
            {
              "function": "set_count",
              "count": 1
            },
            {
              "function": "set_nbt",
              "tag": "{Enchantments:[{id:\"minecraft:aqua_affinity\",lvl:1s},{id:\"minecraft:thorns\",lvl:2s}]}"
            }
          ]
        },
        {
          "type": "item",
          "weight": 7,
          "name": "minecraft:eye_armor_trim_smithing_template",
          "functions": [
            {
              "function": "set_count",
              "count": 1
            }
          ]
        },
        {
          "type": "minecraft:item",
          "weight": 20,
          "name": "minecraft:golden_apple",
          "functions": [
            {
              "function": "minecraft:set_count",
              "count": {
                "min": 1,
                "max": 4
              }
            }
          ]
        }
      ]
    },
    {
      "rolls": 1,
      "entries": [
        {
          "type": "minecraft:loot_table",
          "name": "minecraft:chests/end_city_treasure"
        }
      ]
    }
  ]
}
