{
  "type": "chest",
  "pools": [
    {
      "rolls": 6,
      "bonus_rolls": 1,
      "entries": [
        {
          "type": "item",
          "weight": 2,
          "name": "minecraft:diamond_shovel",
          "functions": [
            {
              "function": "set_count",
              "count": 1
            }
          ]
        },
        {
          "type": "item",
          "weight": 2,
          "name": "minecraft:lingering_potion",
          "functions": [
            {
              "function": "set_count",
              "count": 1
            },
            {
              "function": "set_nbt",
              "tag": "{CustomPotionEffects:[{Id:25,Amplifier:1b,Duration:20}],CustomPotionColor:14483711}"
            }
          ]
        },
        {
          "type": "item",
          "weight": 5,
          "name": "minecraft:purple_carpet",
          "functions": [
            {
              "function": "set_count",
              "count": 3
            }
          ]
        },
        {
          "type": "item",
          "weight": 3,
          "name": "minecraft:tipped_arrow",
          "functions": [
            {
              "function": "set_count",
              "count": 5
            },
            {
              "function": "set_nbt",
              "tag": "{CustomPotionEffects:[{Id:15,Amplifier:1b,Duration:20}],CustomPotionColor:16711765}"
            }
          ]
        },
        {
          "type": "empty",
          "weight": 1
        },
        {
          "type": "empty",
          "weight": 1
        },
        {
          "type": "item",
          "weight": 4,
          "name": "minecraft:eye_armor_trim_smithing_template",
          "functions": [
            {
              "function": "set_count",
              "count": 1
            }
          ]
        },
        {
          "type": "item",
          "weight": 1,
          "name": "minecraft:ancient_debris",
          "functions": [
            {
              "function": "set_count",
              "count": 1
            }
          ]
        },
        {
          "type": "item",
          "weight": 5,
          "name": "minecraft:chorus_fruit",
          "functions": [
            {
              "function": "set_count",
              "count": 3
            }
          ]
        },
        {
          "type": "item",
          "weight": 4,
          "name": "minecraft:end_stone",
          "functions": [
            {
              "function": "set_count",
              "count": 6
            }
          ]
        },
        {
          "type": "item",
          "weight": 3,
          "name": "minecraft:end_rod",
          "functions": [
            {
              "function": "set_count",
              "count": 4
            }
          ]
        },
        {
          "type": "item",
          "weight": 3,
          "name": "minecraft:crying_obsidian",
          "functions": [
            {
              "function": "set_count",
              "count": 1
            }
          ]
        },
        {
          "type": "item",
          "weight": 3,
          "name": "minecraft:bubble_coral",
          "functions": [
            {
              "function": "set_count",
              "count": 2
            }
          ]
        },
        {
          "type": "item",
          "weight": 3,
          "name": "minecraft:iron_shovel",
          "functions": [
            {
              "function": "set_count",
              "count": 1
            }
          ]
        },
        {
          "type": "item",
          "weight": 1,
          "name": "minecraft:iron_shovel",
          "functions": [
            {
              "function": "set_count",
              "count": 1
            },
            {
              "function": "set_nbt",
              "tag": "{Enchantments:[{id:\"minecraft:efficiency\",lvl:1s}]}"
            }
          ]
        },
        {
          "type": "item",
          "weight": 4,
          "name": "minecraft:ender_eye",
          "functions": [
            {
              "function": "set_count",
              "count": 2
            }
          ]
        },
        {
          "type": "item",
          "weight": 2,
          "name": "minecraft:diamond",
          "functions": [
            {
              "function": "set_count",
              "count": 1
            }
          ]
        }
      ]
    }
  ]
}
