{
	"format_version": "1.12.0",
	"minecraft:geometry": [
		{
			"description": {
				"identifier": "geometry.unknown",
				"texture_width": 32,
				"texture_height": 32,
				"visible_bounds_width": 2,
				"visible_bounds_height": 3.5,
				"visible_bounds_offset": [0, 1.25, 0]
			},
			"bones": [
				{
					"name": "bipedHead",
					"pivot": [0, 24, 0]
				},
				{
					"name": "beard",
					"parent": "bipedHead",
					"pivot": [1, 24, 4],
					"cubes": [
						{"origin": [0, 24, 3], "size": [2, 1.5, 2], "uv": [0, 0]},
						{"origin": [-5, 24, 2.5], "size": [2, 2, 3], "uv": [0, 8]},
						{"origin": [2, 24, 3], "size": [2, 2, 2], "uv": [0, 0]},
						{"origin": [0, 25.5, 3], "size": [4, 1.1, 2], "uv": [0, 5], "mirror": true},
						{"origin": [1, 22, 3], "size": [3, 2, 3], "uv": [-2, -1]},
						{"origin": [0, 21.75, 4], "size": [3, 2, 3], "uv": [-2, -1]},
						{"origin": [-1, 23.15, 3], "size": [2, 1.1, 3], "uv": [-2, -1]},
						{"origin": [0, 20.85, 3], "size": [3, 1.1, 3], "uv": [-2, -1]},
						{"origin": [0, 18.85, 3], "size": [2.2, 2, 3], "uv": [0, 8], "mirror": true},
						{"origin": [-4, 25.5, 3], "size": [4, 1.1, 2], "uv": [0, 5]},
						{"origin": [-2.2, 18.85, 3], "size": [2.2, 2, 3], "uv": [0, 8]},
						{"origin": [-2, 24, 3], "size": [2, 1.5, 2], "uv": [0, 0], "mirror": true},
						{"origin": [-4, 22, 3], "size": [3, 2, 3], "uv": [-2, -1], "mirror": true},
						{"origin": [-1, 22.75, 3], "size": [2, 1, 3], "uv": [-2, -1], "mirror": true},
						{"origin": [-3, 20.85, 3], "size": [3, 1.1, 3], "uv": [-2, -1], "mirror": true},
						{"origin": [-4, 24, 3], "size": [2, 2, 2], "uv": [0, 0], "mirror": true},
						{"origin": [3, 24, 2.5], "size": [2, 2, 3], "uv": [0, 8], "mirror": true}
					]
				},
				{
					"name": "beard2",
					"parent": "bipedHead",
					"pivot": [-1, 24, 4],
					"cubes": [
						{"origin": [-3, 21.75, 4], "size": [3, 2, 3], "uv": [-2, -1], "mirror": true}
					]
				}
			]
		}
	]
}