{
	"format_version": "1.12.0",
	"minecraft:geometry": [
		{
			"description": {
				"identifier": "geometry.unknown",
				"texture_width": 16,
				"texture_height": 16,
				"visible_bounds_width": 2,
				"visible_bounds_height": 3.5,
				"visible_bounds_offset": [0, 1.25, 0]
			},
			"bones": [
				{
					"name": "bipedHead",
					"pivot": [0, 24, 0]
				},
				{
					"name": "bone",
					"parent": "bipedHead",
					"pivot": [0, 24, -0.25],
					"cubes": [
						{
							"origin": [1, 25.25, 3.75],
							"size": [1, 1, 0.5],
							"pivot": [0, 24, -0.25],
							"rotation": [-5, 0, 0],
							"uv": {
								"north": {"uv": [4, 2], "uv_size": [1, 1]},
								"east": {"uv": [2, 2], "uv_size": [0.5, 1]},
								"south": {"uv": [8, 2], "uv_size": [1, 1]},
								"west": {"uv": [6, 2], "uv_size": [0.5, 1]},
								"up": {"uv": [7, 2.5], "uv_size": [-1, -0.5]},
								"down": {"uv": [9, 4], "uv_size": [-1, -0.5]}
							}
						},
						{
							"origin": [0, 25.25, 3.75],
							"size": [1, 1, 0.5],
							"pivot": [0, 24, -0.25],
							"rotation": [-5, 0, 0],
							"uv": {
								"north": {"uv": [4, 2], "uv_size": [1, 1]},
								"east": {"uv": [2, 2], "uv_size": [0.5, 1]},
								"south": {"uv": [8, 2], "uv_size": [1, 1]},
								"west": {"uv": [6, 2], "uv_size": [0.5, 1]},
								"up": {"uv": [7, 2.5], "uv_size": [-1, -0.5]},
								"down": {"uv": [9, 4], "uv_size": [-1, -0.5]}
							}
						},
						{
							"origin": [2.25, 27, 4.25],
							"size": [0.5, 1, 0.5],
							"pivot": [0, 24, -0.25],
							"rotation": [-2.5, 0, 0],
							"uv": {
								"north": {"uv": [4, 2], "uv_size": [0.5, 1]},
								"east": {"uv": [3.5, 2], "uv_size": [0.5, 1]},
								"south": {"uv": [8, 2], "uv_size": [0.5, 1]},
								"west": {"uv": [7.5, 2], "uv_size": [0.5, 1]},
								"up": {"uv": [6.5, 2.5], "uv_size": [-0.5, -0.5]},
								"down": {"uv": [8.5, 4], "uv_size": [-0.5, -0.5]}
							}
						},
						{
							"origin": [1.25, 26, 4],
							"size": [0.5, 0.5, 0.5],
							"pivot": [0, 24, -0.25],
							"rotation": [-2.5, 0, 0],
							"uv": {
								"north": {"uv": [4, 2], "uv_size": [0.5, 0.5]},
								"east": {"uv": [3.5, 2], "uv_size": [0.5, 0.5]},
								"south": {"uv": [8, 2], "uv_size": [0.5, 0.5]},
								"west": {"uv": [7.5, 2], "uv_size": [0.5, 0.5]},
								"up": {"uv": [6.5, 2.5], "uv_size": [-0.5, -0.5]},
								"down": {"uv": [8.5, 4], "uv_size": [-0.5, -0.5]}
							}
						},
						{
							"origin": [0.5, 26, 4],
							"size": [0.25, 0.75, 0.25],
							"pivot": [0, 24, -0.25],
							"rotation": [-5, 0, 0],
							"uv": {
								"north": {"uv": [0.5, 4], "uv_size": [-0.5, 0.5]},
								"east": {"uv": [0.5, 5], "uv_size": [-0.5, 0.5]},
								"south": {"uv": [1, 4], "uv_size": [-0.5, 0.5]},
								"west": {"uv": [0.5, 4.5], "uv_size": [-0.5, 0.5]},
								"up": {"uv": [1, 4.5], "uv_size": [0.5, -0.5]},
								"down": {"uv": [0.5, 5], "uv_size": [0.5, -0.5]}
							}
						},
						{
							"origin": [2, 25.75, 4],
							"size": [1, 1.5, 0.5],
							"pivot": [0, 24, -0.25],
							"rotation": [-2.5, 0, 0],
							"uv": {
								"north": {"uv": [2, 2], "uv_size": [1, 1.5]},
								"east": {"uv": [0, 2], "uv_size": [0.5, 1.5]},
								"south": {"uv": [6, 2], "uv_size": [1, 1.5]},
								"west": {"uv": [4, 2], "uv_size": [0.5, 1.5]},
								"up": {"uv": [5, 2.5], "uv_size": [-1, -0.5]},
								"down": {"uv": [7, 4], "uv_size": [-1, -0.5]}
							}
						},
						{
							"origin": [-0.75, 26, 4],
							"size": [0.25, 0.75, 0.25],
							"pivot": [0, 24, -0.25],
							"rotation": [-5, 0, 0],
							"uv": {
								"north": {"uv": [0, 4], "uv_size": [0.5, 0.5]},
								"east": {"uv": [0, 4.5], "uv_size": [0.5, 0.5]},
								"south": {"uv": [0.5, 4], "uv_size": [0.5, 0.5]},
								"west": {"uv": [0, 5], "uv_size": [0.5, 0.5]},
								"up": {"uv": [1.5, 4.5], "uv_size": [-0.5, -0.5]},
								"down": {"uv": [1, 5], "uv_size": [-0.5, -0.5]}
							}
						},
						{
							"origin": [-2, 25.25, 3.75],
							"size": [1, 1, 0.5],
							"pivot": [0, 24, -0.25],
							"rotation": [-5, 0, 0],
							"uv": {
								"north": {"uv": [5, 2], "uv_size": [-1, 1]},
								"east": {"uv": [6.5, 2], "uv_size": [-0.5, 1]},
								"south": {"uv": [9, 2], "uv_size": [-1, 1]},
								"west": {"uv": [2.5, 2], "uv_size": [-0.5, 1]},
								"up": {"uv": [6, 2.5], "uv_size": [1, -0.5]},
								"down": {"uv": [8, 4], "uv_size": [1, -0.5]}
							}
						},
						{
							"origin": [-1, 25.25, 3.75],
							"size": [1, 1, 0.5],
							"pivot": [0, 24, -0.25],
							"rotation": [-5, 0, 0],
							"uv": {
								"north": {"uv": [5, 2], "uv_size": [-1, 1]},
								"east": {"uv": [6.5, 2], "uv_size": [-0.5, 1]},
								"south": {"uv": [9, 2], "uv_size": [-1, 1]},
								"west": {"uv": [2.5, 2], "uv_size": [-0.5, 1]},
								"up": {"uv": [6, 2.5], "uv_size": [1, -0.5]},
								"down": {"uv": [8, 4], "uv_size": [1, -0.5]}
							}
						},
						{
							"origin": [-3, 25.75, 4],
							"size": [1, 1.5, 0.5],
							"pivot": [0, 24, -0.25],
							"rotation": [-2.5, 0, 0],
							"uv": {
								"north": {"uv": [3, 2], "uv_size": [-1, 1.5]},
								"east": {"uv": [4.5, 2], "uv_size": [-0.5, 1.5]},
								"south": {"uv": [7, 2], "uv_size": [-1, 1.5]},
								"west": {"uv": [0.5, 2], "uv_size": [-0.5, 1.5]},
								"up": {"uv": [4, 2.5], "uv_size": [1, -0.5]},
								"down": {"uv": [6, 4], "uv_size": [1, -0.5]}
							}
						},
						{
							"origin": [-2.75, 27, 4.25],
							"size": [0.5, 1, 0.5],
							"pivot": [0, 24, -0.25],
							"rotation": [-2.5, 0, 0],
							"uv": {
								"north": {"uv": [4.5, 2], "uv_size": [-0.5, 1]},
								"east": {"uv": [8, 2], "uv_size": [-0.5, 1]},
								"south": {"uv": [8.5, 2], "uv_size": [-0.5, 1]},
								"west": {"uv": [4, 2], "uv_size": [-0.5, 1]},
								"up": {"uv": [6, 2.5], "uv_size": [0.5, -0.5]},
								"down": {"uv": [8, 4], "uv_size": [0.5, -0.5]}
							}
						},
						{
							"origin": [-1.75, 26, 4],
							"size": [0.5, 0.5, 0.5],
							"pivot": [0, 24, -0.25],
							"rotation": [-2.5, 0, 0],
							"uv": {
								"north": {"uv": [4.5, 2], "uv_size": [-0.5, 0.5]},
								"east": {"uv": [8, 2], "uv_size": [-0.5, 0.5]},
								"south": {"uv": [8.5, 2], "uv_size": [-0.5, 0.5]},
								"west": {"uv": [4, 2], "uv_size": [-0.5, 0.5]},
								"up": {"uv": [6, 2.5], "uv_size": [0.5, -0.5]},
								"down": {"uv": [8, 4], "uv_size": [0.5, -0.5]}
							}
						}
					]
				},
				{
					"name": "bone2",
					"parent": "bipedHead",
					"pivot": [0, 24, 0],
					"cubes": [
						{
							"origin": [4, 27.5, -1],
							"size": [2, 2, 2],
							"uv": {
								"north": {"uv": [0, 14], "uv_size": [2, 2]},
								"east": {"uv": [2, 14], "uv_size": [2, 2]},
								"south": {"uv": [0, 12], "uv_size": [2, 2]},
								"west": {"uv": [2, 12], "uv_size": [2, 2]},
								"up": {"uv": [0, 10], "uv_size": [2, 2]},
								"down": {"uv": [2, 12], "uv_size": [2, -2]}
							}
						},
						{"origin": [6, 28.5, -1], "size": [1, 1, 1], "uv": [4, 14], "mirror": true},
						{"origin": [-7, 28.5, -1], "size": [1, 1, 1], "uv": [4, 14]},
						{
							"origin": [-6, 27.5, -1],
							"size": [2, 2, 2],
							"uv": {
								"north": {"uv": [2, 14], "uv_size": [-2, 2]},
								"east": {"uv": [4, 12], "uv_size": [-2, 2]},
								"south": {"uv": [2, 12], "uv_size": [-2, 2]},
								"west": {"uv": [4, 14], "uv_size": [-2, 2]},
								"up": {"uv": [2, 10], "uv_size": [-2, 2]},
								"down": {"uv": [4, 12], "uv_size": [-2, -2]}
							}
						}
					]
				},
				{
					"name": "bipedRightArm",
					"pivot": [5, 22, 0]
				},
				{
					"name": "bipedLeftArm",
					"pivot": [-5, 22, 0]
				},
				{
					"name": "bipedLeftLeg",
					"pivot": [-2, 12, 0]
				},
				{
					"name": "bipedRightLeg",
					"pivot": [2, 12, 0]
				}
			]
		}
	]
}