{
	"format_version": "1.12.0",
	"minecraft:geometry": [
		{
			"description": {
				"identifier": "geometry.unknown",
				"texture_width": 64,
				"texture_height": 64,
				"visible_bounds_width": 3,
				"visible_bounds_height": 3.5,
				"visible_bounds_offset": [0, 1.25, 0]
			},
			"bones": [
				{
					"name": "bipedHead",
					"pivot": [0, 24, 0],
					"cubes": [
						{"origin": [-4.1, 24, -4.1], "size": [8.2, 8, 8.2], "uv": [0, 0]},
						{
							"origin": [-4.1, 25.1, 4.2],
							"size": [8.2, 6.8, 0],
							"uv": {
								"north": {"uv": [48, 0], "uv_size": [8, 6]},
								"east": {"uv": [48, 6], "uv_size": [8, 6]},
								"south": {"uv": [56, 0], "uv_size": [8, 6]},
								"west": {"uv": [56, 6], "uv_size": [8, 6]},
								"up": {"uv": [48, 18], "uv_size": [8, -6]},
								"down": {"uv": [56, 18], "uv_size": [8, -6]}
							}
						}
					]
				},
				{
					"name": "bipedBody",
					"pivot": [0, 24, 0],
					"cubes": [
						{"origin": [-4.1, 12, -2.1], "size": [8.2, 12, 4.2], "uv": [0, 17]}
					]
				},
				{
					"name": "bipedRightArm",
					"pivot": [5, 22, 0],
					"mirror": true,
					"cubes": [
						{"origin": [4, 12, -2], "size": [4, 12, 4], "uv": [20, 36], "mirror": false},
						{"origin": [4.3, 12.2, -1.7], "size": [3.4, 11.5, 3.4], "uv": [0, 49], "mirror": false},
						{"origin": [4.8, 12.2, -1.2], "size": [2.4, 11.5, 2.4], "pivot": [6, 21.7, 0], "rotation": [0, -90, 0], "uv": [2, 51], "mirror": false}
					]
				},
				{
					"name": "bipedLeftArm",
					"pivot": [-5, 22, 0],
					"cubes": [
						{"origin": [-8.1, 12, -2.1], "size": [4.2, 12, 4.2], "uv": [25, 17]}
					]
				},
				{
					"name": "bipedRightLeg",
					"pivot": [1.9, 12, 0],
					"mirror": true,
					"cubes": [
						{"origin": [-0.1, 0, -2.1], "size": [4.2, 12, 4.2], "uv": [0, 34], "mirror": false}
					]
				},
				{
					"name": "bipedLeftLeg",
					"pivot": [-1.9, 12, 0],
					"cubes": [
						{"origin": [-4.1, 0, -2.1], "size": [4.1, 12, 4.2], "uv": [33, 0]}
					]
				}
			]
		}
	]
}