{
	"format_version": "1.12.0",
	"minecraft:geometry": [
		{
			"description": {
				"identifier": "geometry.unknown",
				"texture_width": 32,
				"texture_height": 32,
				"visible_bounds_width": 3,
				"visible_bounds_height": 3.5,
				"visible_bounds_offset": [0, 1.25, 0]
			},
			"bones": [
				{
					"name": "bipedHead",
					"pivot": [0, 24, 0]
				},
				{
					"name": "ear1",
					"parent": "bipedHead",
					"pivot": [0.25, 0, 0],
					"cubes": [
						{
							"origin": [4.35, 27, -1],
							"size": [1, 5, 0.5],
							"pivot": [5.25, 27, 0],
							"rotation": [0, 80, 0],
							"uv": {
								"north": {"uv": [0, 25], "uv_size": [1, 3]},
								"east": {"uv": [2.5, 25], "uv_size": [0.5, 3]},
								"south": {"uv": [1, 25], "uv_size": [1, 3]},
								"west": {"uv": [2, 25], "uv_size": [0.5, 3]},
								"up": {"uv": [1, 28], "uv_size": [1, 0.5]},
								"down": {"uv": [0, 28.5], "uv_size": [1, -0.5]}
							}
						},
						{
							"origin": [4.5, 27.5, -1.5],
							"size": [2, 5.5, 0.5],
							"pivot": [5.5, 28, -0.5],
							"rotation": [0, 72.5, 0],
							"uv": {
								"north": {"uv": [6.5, 25], "uv_size": [2, 3.5]},
								"east": {"uv": [5.5, 25], "uv_size": [0.5, 3.5]},
								"south": {"uv": [8.5, 25], "uv_size": [2, 3.5]},
								"west": {"uv": [6, 25], "uv_size": [0.5, 3.5]},
								"up": {"uv": [7.5, 28.5], "uv_size": [2, 0.5]},
								"down": {"uv": [5.5, 29], "uv_size": [2, -0.5]}
							}
						},
						{
							"origin": [4.75, 29, -3.4],
							"size": [0.5, 4.5, 2],
							"pivot": [5.75, 28, -1.4],
							"rotation": [0, -20, 0],
							"uv": {
								"north": {"uv": [12.5, 25], "uv_size": [0.5, 2.5]},
								"east": {"uv": [13, 25], "uv_size": [1, 2.5]},
								"south": {"uv": [14, 25], "uv_size": [0.5, 2.5]},
								"west": {"uv": [14.5, 25], "uv_size": [1, 2.5]},
								"up": {"uv": [15.5, 25], "uv_size": [0.5, 1]},
								"down": {"uv": [15.5, 27], "uv_size": [0.5, -1]}
							}
						}
					]
				},
				{
					"name": "ear3",
					"parent": "bipedHead",
					"pivot": [-0.25, 0, 0],
					"cubes": [
						{
							"origin": [-6.5, 27.5, -1.5],
							"size": [2, 5.5, 0.5],
							"pivot": [-5.5, 28, -0.5],
							"rotation": [0, -72.5, 0],
							"uv": {
								"north": {"uv": [8.5, 25], "uv_size": [-2, 3.5]},
								"east": {"uv": [6.5, 25], "uv_size": [-0.5, 3.5]},
								"south": {"uv": [10.5, 25], "uv_size": [-2, 3.5]},
								"west": {"uv": [6, 25], "uv_size": [-0.5, 3.5]},
								"up": {"uv": [9.5, 28.5], "uv_size": [-2, 0.5]},
								"down": {"uv": [7.5, 29], "uv_size": [-2, -0.5]}
							}
						},
						{
							"origin": [-5.35, 27, -1],
							"size": [1, 5, 0.5],
							"pivot": [-5.25, 27, 0],
							"rotation": [0, -80, 0],
							"uv": {
								"north": {"uv": [1, 25], "uv_size": [-1, 3]},
								"east": {"uv": [2.5, 25], "uv_size": [-0.5, 3]},
								"south": {"uv": [2, 25], "uv_size": [-1, 3]},
								"west": {"uv": [3, 25], "uv_size": [-0.5, 3]},
								"up": {"uv": [2, 28], "uv_size": [-1, 0.5]},
								"down": {"uv": [1, 28.5], "uv_size": [-1, -0.5]}
							}
						},
						{
							"origin": [-5.25, 29, -3.4],
							"size": [0.5, 4.5, 2],
							"pivot": [-5.75, 28, -1.4],
							"rotation": [0, 20, 0],
							"uv": {
								"north": {"uv": [13, 25], "uv_size": [-0.5, 2.5]},
								"east": {"uv": [15.5, 25], "uv_size": [-1, 2.5]},
								"south": {"uv": [14.5, 25], "uv_size": [-0.5, 2.5]},
								"west": {"uv": [14, 25], "uv_size": [-1, 2.5]},
								"up": {"uv": [16, 25], "uv_size": [-0.5, 1]},
								"down": {"uv": [16, 27], "uv_size": [-0.5, -1]}
							}
						}
					]
				},
				{
					"name": "bipedBody",
					"pivot": [0, 24, 0]
				},
				{
					"name": "bone",
					"parent": "bipedBody",
					"pivot": [0, 0, 0],
					"cubes": [
						{"origin": [2, 17.6, -1], "size": [9, 8, 0], "pivot": [0, 1.6, 0], "rotation": [0, 42.5, 0], "uv": [0, 0]},
						{"origin": [6, 4.2, 0.1], "size": [10, 12, 0], "pivot": [0, 1.6, 0], "rotation": [-14.1614, 37.80946, -22.37174], "uv": [0, 8], "mirror": true},
						{"origin": [-16, 4.2, 0.1], "size": [10, 12, 0], "pivot": [0, 1.6, 0], "rotation": [-14.1614, -37.80946, 22.37174], "uv": [0, 8]},
						{"origin": [-11, 17.6, -1], "size": [9, 8, 0], "pivot": [0, 1.6, 0], "rotation": [0, -42.5, 0], "uv": [0, 0], "mirror": true}
					]
				}
			]
		}
	]
}