{
	"format_version": "1.12.0",
	"minecraft:geometry": [
		{
			"description": {
				"identifier": "geometry.unknown",
				"texture_width": 32,
				"texture_height": 32,
				"visible_bounds_width": 4,
				"visible_bounds_height": 5.5,
				"visible_bounds_offset": [0, 2.25, 0]
			},
			"bones": [
				{
					"name": "bipedHead",
					"pivot": [0, 24, 0]
				},
				{
					"name": "ear1",
					"parent": "bipedHead",
					"pivot": [0.25, 0, 0],
					"cubes": [
						{
							"origin": [4.25, 27, -1],
							"size": [1, 3, 0.5],
							"pivot": [5.25, 27, 0],
							"rotation": [0, 80, 0],
							"uv": {
								"north": {"uv": [0, 25], "uv_size": [1, 3]},
								"east": {"uv": [2.5, 25], "uv_size": [0.5, 3]},
								"south": {"uv": [1, 25], "uv_size": [1, 3]},
								"west": {"uv": [2, 25], "uv_size": [0.5, 3]},
								"up": {"uv": [1, 28], "uv_size": [1, 0.5]},
								"down": {"uv": [0, 28.5], "uv_size": [1, -0.5]}
							}
						},
						{
							"origin": [4.5, 27.5, -1.5],
							"size": [2, 3.5, 0.5],
							"pivot": [5.5, 28, -0.5],
							"rotation": [0, 72.5, 0],
							"uv": {
								"north": {"uv": [6.5, 25], "uv_size": [2, 3.5]},
								"east": {"uv": [5.5, 25], "uv_size": [0.5, 3.5]},
								"south": {"uv": [8.5, 25], "uv_size": [2, 3.5]},
								"west": {"uv": [6, 25], "uv_size": [0.5, 3.5]},
								"up": {"uv": [7.5, 28.5], "uv_size": [2, 0.5]},
								"down": {"uv": [5.5, 29], "uv_size": [2, -0.5]}
							}
						},
						{
							"origin": [4.75, 29, -2.4],
							"size": [0.5, 2.5, 1],
							"pivot": [5.75, 28, -1.4],
							"rotation": [0, -20, 0],
							"uv": {
								"north": {"uv": [12.5, 25], "uv_size": [0.5, 2.5]},
								"east": {"uv": [13, 25], "uv_size": [1, 2.5]},
								"south": {"uv": [14, 25], "uv_size": [0.5, 2.5]},
								"west": {"uv": [14.5, 25], "uv_size": [1, 2.5]},
								"up": {"uv": [15.5, 25], "uv_size": [0.5, 1]},
								"down": {"uv": [15.5, 27], "uv_size": [0.5, -1]}
							}
						}
					]
				},
				{
					"name": "ear2",
					"parent": "bipedHead",
					"pivot": [-0.21759, 27, 0.12311],
					"rotation": [0, 29.5, 0],
					"cubes": [
						{
							"origin": [-6.05218, 27, -2.00105],
							"size": [1, 3, 0.5],
							"pivot": [-5.05218, 27, -1.00105],
							"rotation": [0, -100, 0],
							"uv": {
								"north": {"uv": [0, 25], "uv_size": [1, 3]},
								"east": {"uv": [2.5, 25], "uv_size": [0.5, 3]},
								"south": {"uv": [1, 25], "uv_size": [1, 3]},
								"west": {"uv": [2, 25], "uv_size": [0.5, 3]},
								"up": {"uv": [1, 28], "uv_size": [1, 0.5]},
								"down": {"uv": [0, 28.5], "uv_size": [1, -0.5]}
							}
						},
						{
							"origin": [-5.65218, 27.5, -4.00105],
							"size": [2, 3.5, 0.5],
							"pivot": [-4.65218, 28, -3.00105],
							"rotation": [0, -100, 0],
							"uv": {
								"north": {"uv": [6.5, 25], "uv_size": [2, 3.5]},
								"east": {"uv": [5.5, 25], "uv_size": [0.5, 3.5]},
								"south": {"uv": [10.5, 25], "uv_size": [-2, 3.5]},
								"west": {"uv": [6, 25], "uv_size": [0.5, 3.5]},
								"up": {"uv": [7.5, 28.5], "uv_size": [2, 0.5]},
								"down": {"uv": [5.5, 29], "uv_size": [2, -0.5]}
							}
						},
						{
							"origin": [-5.25218, 29, -5.90105],
							"size": [0.5, 2.5, 1],
							"pivot": [-4.25218, 28, -4.90105],
							"rotation": [0, 167.5, 0],
							"uv": {
								"north": {"uv": [12.5, 25], "uv_size": [0.5, 2.5]},
								"east": {"uv": [13, 25], "uv_size": [1, 2.5]},
								"south": {"uv": [14, 25], "uv_size": [0.5, 2.5]},
								"west": {"uv": [15.5, 25], "uv_size": [-1, 2.5]},
								"up": {"uv": [15.5, 25], "uv_size": [0.5, 1]},
								"down": {"uv": [15.5, 27], "uv_size": [0.5, -1]}
							}
						}
					]
				},
				{
					"name": "bipedBody",
					"pivot": [0, 24, 0]
				},
				{
					"name": "bipedRightArm",
					"pivot": [5, 22, 0]
				},
				{
					"name": "leaf2",
					"parent": "bipedRightArm",
					"pivot": [6, 24, 0],
					"rotation": [0, 180, 0],
					"cubes": [
						{
							"origin": [3.475, 24.1, -2],
							"size": [3.9, 0.25, 4],
							"uv": {
								"north": {"uv": [0, 14], "uv_size": [4, 0.5]},
								"east": {"uv": [0, 14.5], "uv_size": [4, 0.5]},
								"south": {"uv": [0, 15], "uv_size": [4, 0.5]},
								"west": {"uv": [0, 15.5], "uv_size": [4, 0.5]},
								"up": {"uv": [4, 14], "uv_size": [4, 4]},
								"down": {"uv": [4, 14], "uv_size": [4, -4]}
							}
						},
						{
							"origin": [4.725, 24.35, -2],
							"size": [2.65, 0.25, 4],
							"uv": {
								"north": {"uv": [8, 14], "uv_size": [2.5, 0.5]},
								"east": {"uv": [8, 14.5], "uv_size": [4, 0.5]},
								"south": {"uv": [8, 15], "uv_size": [2.5, 0.5]},
								"west": {"uv": [8, 15.5], "uv_size": [4, 0.5]},
								"up": {"uv": [12, 14], "uv_size": [2.5, 4]},
								"down": {"uv": [12, 14], "uv_size": [2.5, -4]}
							}
						}
					]
				},
				{
					"name": "bipedLeftArm",
					"pivot": [-5, 22, 0]
				},
				{
					"name": "leaf",
					"parent": "bipedLeftArm",
					"pivot": [-6, 24, 0],
					"cubes": [
						{
							"origin": [-8.5, 24.1, -2],
							"size": [3.9, 0.25, 4],
							"uv": {
								"north": {"uv": [0, 14], "uv_size": [4, 0.5]},
								"east": {"uv": [0, 14.5], "uv_size": [4, 0.5]},
								"south": {"uv": [0, 15], "uv_size": [4, 0.5]},
								"west": {"uv": [0, 15.5], "uv_size": [4, 0.5]},
								"up": {"uv": [4, 14], "uv_size": [4, 4]},
								"down": {"uv": [4, 14], "uv_size": [4, -4]}
							}
						},
						{
							"origin": [-7.25, 24.35, -2],
							"size": [2.65, 0.25, 4],
							"uv": {
								"north": {"uv": [8, 14], "uv_size": [2.5, 0.5]},
								"east": {"uv": [8, 14.5], "uv_size": [4, 0.5]},
								"south": {"uv": [8, 15], "uv_size": [2.5, 0.5]},
								"west": {"uv": [8, 15.5], "uv_size": [4, 0.5]},
								"up": {"uv": [12, 14], "uv_size": [2.5, 4]},
								"down": {"uv": [12, 14], "uv_size": [2.5, -4]}
							}
						}
					]
				},
				{
					"name": "bipedLeftLeg",
					"pivot": [-2, 12, 0]
				},
				{
					"name": "bipedRightLeg",
					"pivot": [2, 12, 0]
				}
			]
		}
	]
}