{
	"format_version": "1.12.0",
	"minecraft:geometry": [
		{
			"description": {
				"identifier": "geometry.unknown",
				"texture_width": 64,
				"texture_height": 64,
				"visible_bounds_width": 3,
				"visible_bounds_height": 3.5,
				"visible_bounds_offset": [0, 1.25, 0]
			},
			"bones": [
				{
					"name": "bipedHead",
					"pivot": [0, 24, 0]
				},
				{
					"name": "bone3",
					"parent": "bipedHead",
					"pivot": [0, 24, 0],
					"cubes": [
						{
							"origin": [-1.8, 24, 2.9],
							"size": [1, 1.75, 1],
							"pivot": [1, 36, 0.9],
							"rotation": [7.5, 0, 0],
							"uv": {
								"north": {"uv": [3.61905, 61.35135], "uv_size": [3.61905, 2.91892]},
								"east": {"uv": [33, 61.08108], "uv_size": [3.61905, 2.91892]},
								"south": {"uv": [10.85714, 61.35135], "uv_size": [3.61905, 2.91892]},
								"west": {"uv": [22.35714, 61.08108], "uv_size": [3.61905, 2.91892]},
								"up": {"uv": [17.40476, 61.08108], "uv_size": [3.61905, 2.91892]},
								"down": {"uv": [28.38095, 64], "uv_size": [3.61905, -2.91892]}
							}
						},
						{
							"origin": [-1.55, 24, 5.55],
							"size": [0.5, 1, 0.5],
							"pivot": [1, 36, 0.9],
							"rotation": [-2.5, 0, 0],
							"uv": {
								"north": {"uv": [0, 40.91892], "uv_size": [1.80952, 2.91892]},
								"east": {"uv": [34.80952, 40.64865], "uv_size": [1.80952, 2.91892]},
								"south": {"uv": [0, 38], "uv_size": [1.80952, 2.91892]},
								"west": {"uv": [16.92857, 37.72973], "uv_size": [1.80952, 2.91892]},
								"up": {"uv": [15.59524, 40.64865], "uv_size": [-1.80952, -1.45946]},
								"down": {"uv": [24.7619, 40.64865], "uv_size": [-1.80952, -1.45946]}
							}
						},
						{
							"origin": [0.7, 24, 2.9],
							"size": [1, 1.75, 1],
							"pivot": [1, 36, 0.9],
							"rotation": [7.5, 0, 0],
							"uv": {
								"north": {"uv": [3.61905, 49.67568], "uv_size": [3.61905, 2.91892]},
								"east": {"uv": [33, 49.40541], "uv_size": [3.61905, 2.91892]},
								"south": {"uv": [10.85714, 49.67568], "uv_size": [3.61905, 2.91892]},
								"west": {"uv": [22.35714, 49.40541], "uv_size": [3.61905, 2.91892]},
								"up": {"uv": [17.40476, 49.40541], "uv_size": [3.61905, 2.91892]},
								"down": {"uv": [28.38095, 52.32432], "uv_size": [3.61905, -2.91892]}
							}
						},
						{
							"origin": [0.95, 24, 5.55],
							"size": [0.5, 1, 0.5],
							"pivot": [1, 36, 0.9],
							"rotation": [-2.5, 0, 0],
							"uv": {
								"north": {"uv": [0, 40.91892], "uv_size": [1.80952, 2.91892]},
								"east": {"uv": [34.80952, 40.64865], "uv_size": [1.80952, 2.91892]},
								"south": {"uv": [0, 38], "uv_size": [1.80952, 2.91892]},
								"west": {"uv": [16.92857, 37.72973], "uv_size": [1.80952, 2.91892]},
								"up": {"uv": [15.59524, 40.64865], "uv_size": [-1.80952, -1.45946]},
								"down": {"uv": [24.7619, 40.64865], "uv_size": [-1.80952, -1.45946]}
							}
						}
					]
				},
				{
					"name": "bipedBody",
					"pivot": [0, 24, 0]
				},
				{
					"name": "bone",
					"parent": "bipedBody",
					"pivot": [0, 26, 0],
					"cubes": [
						{"origin": [1, 16, -8], "size": [2, 2, 5], "pivot": [0, 26, 0], "rotation": [0, -27.5, 7.5], "uv": [0, 31]},
						{"origin": [-7, 16, -12.2], "size": [2, 2, 6.2], "pivot": [0, 26, 0], "rotation": [0, -80, 7.5], "uv": [20, 8]},
						{"origin": [-14, 16, -6], "size": [2, 2, 5], "pivot": [0, 26, 0], "rotation": [180, -40, -172.5], "uv": [30, 18]},
						{"origin": [-14, 16, -2], "size": [2, 2, 6], "pivot": [0, 26, 0], "rotation": [-180, 2.5, -172.5], "uv": [10, 18]},
						{"origin": [-13.5, 16.7, -4], "size": [1, 0.8, 2], "pivot": [0, 26, 0], "rotation": [-180, 2.5, -172.5], "uv": [2, 0]},
						{"origin": [12.5, 17.1, -1.9], "size": [1, 0.8, 2], "pivot": [0, 26, 0], "rotation": [174.96178, -7.48085, 172.93897], "uv": [2, 2]},
						{"origin": [-3, 16, -8], "size": [2, 2, 5], "pivot": [0, 26, 0], "rotation": [0, 27.5, -7.5], "uv": [30, 25]},
						{"origin": [5, 16, -12.2], "size": [2, 2, 6.2], "pivot": [0, 26, 0], "rotation": [0, 80, -7.5], "uv": [20, 0]},
						{"origin": [12, 16, -6], "size": [2, 2, 5], "pivot": [0, 26, 0], "rotation": [180, 40, 172.5], "uv": [18, 30]},
						{"origin": [12, 16.4, 0.1], "size": [2, 2, 6], "pivot": [0, 26, 0], "rotation": [174.96178, -7.48085, 172.93897], "uv": [0, 16]},
						{"origin": [3, 16, -9], "size": [9, 0, 9], "pivot": [0, 26, 0], "rotation": [0, -10, 0], "uv": [37, 41]},
						{"origin": [-12, 16, -9], "size": [9, 0, 9], "pivot": [0, 26, 0], "rotation": [0, 10, 0], "uv": [37, 41], "mirror": true}
					]
				},
				{
					"name": "bone2",
					"parent": "bipedBody",
					"pivot": [0, 26, 0],
					"cubes": [
						{"origin": [-3, 20, -8], "size": [2, 2, 5], "pivot": [0, 26, 0], "rotation": [0, 27.5, 0], "uv": [9, 26]},
						{"origin": [4.4, 20, -12.1], "size": [2, 2, 6.1], "pivot": [0, 26, 0], "rotation": [0, 80, 0], "uv": [10, 10]},
						{"origin": [12, 20, -6], "size": [2, 2, 5], "pivot": [0, 26, 0], "rotation": [0, 140, 0], "uv": [0, 24]},
						{"origin": [11.4, 20.5, 1], "size": [2, 2, 6], "pivot": [0, 26, 0], "rotation": [174, -11.5, 180], "uv": [10, 2]},
						{"origin": [11.9, 21.2, -1], "size": [1, 0.8, 2], "pivot": [0, 26, 0], "rotation": [174, -11.5, 180], "uv": [0, 2]},
						{"origin": [-12.5, 20.1, -1.4], "size": [1, 0.8, 2], "pivot": [0, 26, 0], "rotation": [-169.66284, 14.80523, -177.77207], "uv": [0, 0]},
						{"origin": [1, 20, -8], "size": [2, 2, 5], "pivot": [0, 26, 0], "rotation": [0, -27.5, 0], "uv": [21, 23]},
						{"origin": [-6.4, 20, -12.1], "size": [2, 2, 6.1], "pivot": [0, 26, 0], "rotation": [0, -80, 0], "uv": [0, 8]},
						{"origin": [-14, 20, -6], "size": [2, 2, 5], "pivot": [0, 26, 0], "rotation": [0, -140, 0], "uv": [21, 16]},
						{"origin": [-13, 19.4, 0.6], "size": [2, 2, 6], "pivot": [0, 26, 0], "rotation": [-169.66284, 14.80523, -177.77207], "uv": [0, 0]},
						{"origin": [3, 21, -9], "size": [9, 0, 9], "pivot": [0, 26, 0], "rotation": [0, -10, 0], "uv": [37, 33]},
						{"origin": [-12, 21, -9], "size": [9, 0, 9], "pivot": [0, 26, 0], "rotation": [0, 10, 0], "uv": [37, 33], "mirror": true}
					]
				}
			]
		}
	]
}