{
	"format_version": "1.12.0",
	"minecraft:geometry": [
		{
			"description": {
				"identifier": "geometry.unknown",
				"texture_width": 16,
				"texture_height": 16,
				"visible_bounds_width": 2,
				"visible_bounds_height": 3.5,
				"visible_bounds_offset": [0, 1.25, 0]
			},
			"bones": [
				{
					"name": "bipedHead",
					"pivot": [0, 24, 0]
				},
				{
					"name": "horns",
					"parent": "bipedHead",
					"pivot": [2, 30, 4],
					"cubes": [
						{
							"origin": [2, 30, 4],
							"size": [2, 2, 1],
							"uv": {
								"north": {"uv": [0, 0], "uv_size": [2, 2]},
								"east": {"uv": [0, 0], "uv_size": [1, 2]},
								"south": {"uv": [0, 0], "uv_size": [2, 2]},
								"west": {"uv": [0, 0], "uv_size": [1, 2]},
								"up": {"uv": [2, 1], "uv_size": [-2, -1]},
								"down": {"uv": [2, 1], "uv_size": [-2, -1]}
							}
						},
						{
							"origin": [2, 31, 5],
							"size": [2, 3, 1],
							"uv": {
								"north": {"uv": [0, 0], "uv_size": [2, 3]},
								"east": {"uv": [0, 0], "uv_size": [1, 3]},
								"south": {"uv": [0, 0], "uv_size": [2, 3]},
								"west": {"uv": [0, 0], "uv_size": [1, 3]},
								"up": {"uv": [2, 1], "uv_size": [-2, -1]},
								"down": {"uv": [2, 1], "uv_size": [-2, -1]}
							}
						},
						{
							"origin": [2.5, 33, 4.25],
							"size": [2, 2, 1],
							"uv": {
								"north": {"uv": [0, 0], "uv_size": [2, 2]},
								"east": {"uv": [0, 0], "uv_size": [1, 2]},
								"south": {"uv": [0, 0], "uv_size": [2, 2]},
								"west": {"uv": [0, 0], "uv_size": [1, 2]},
								"up": {"uv": [2, 1], "uv_size": [-2, -1]},
								"down": {"uv": [2, 1], "uv_size": [-2, -1]}
							}
						},
						{
							"origin": [3, 34.75, 3.75],
							"size": [2, 2, 1],
							"uv": {
								"north": {"uv": [0, 0], "uv_size": [2, 2]},
								"east": {"uv": [0, 0], "uv_size": [1, 2]},
								"south": {"uv": [0, 0], "uv_size": [2, 2]},
								"west": {"uv": [0, 0], "uv_size": [1, 2]},
								"up": {"uv": [2, 1], "uv_size": [-2, -1]},
								"down": {"uv": [2, 1], "uv_size": [-2, -1]}
							}
						},
						{
							"origin": [4.25, 36.75, 3.5],
							"size": [1, 2, 1],
							"uv": {
								"north": {"uv": [7, 0], "uv_size": [-1, 2]},
								"east": {"uv": [7, 4], "uv_size": [-1, 2]},
								"south": {"uv": [5, 6], "uv_size": [-1, 2]},
								"west": {"uv": [7, 2], "uv_size": [-1, 2]},
								"up": {"uv": [9, 4], "uv_size": [-1, 1]},
								"down": {"uv": [9, 6], "uv_size": [-1, -1]}
							}
						},
						{
							"origin": [4.5, 38.75, 3.75],
							"size": [0.5, 1, 0.5],
							"uv": {
								"north": {"uv": [7, 0], "uv_size": [-1, 2]},
								"east": {"uv": [7, 4], "uv_size": [-1, 2]},
								"south": {"uv": [5, 6], "uv_size": [-1, 2]},
								"west": {"uv": [7, 2], "uv_size": [-1, 2]},
								"up": {"uv": [9, 4], "uv_size": [-1, 1]},
								"down": {"uv": [9, 6], "uv_size": [-1, -1]}
							}
						}
					]
				},
				{
					"name": "horns2",
					"parent": "bipedHead",
					"pivot": [-2, 30, 4],
					"cubes": [
						{
							"origin": [-5, 38.75, 3.75],
							"size": [0.5, 1, 0.5],
							"uv": {
								"north": {"uv": [6, 0], "uv_size": [1, 2]},
								"east": {"uv": [6, 2], "uv_size": [1, 2]},
								"south": {"uv": [4, 6], "uv_size": [1, 2]},
								"west": {"uv": [6, 4], "uv_size": [1, 2]},
								"up": {"uv": [8, 4], "uv_size": [1, 1]},
								"down": {"uv": [8, 6], "uv_size": [1, -1]}
							}
						},
						{
							"origin": [-4, 30, 4],
							"size": [2, 2, 1],
							"uv": {
								"north": {"uv": [2, 0], "uv_size": [-2, 2]},
								"east": {"uv": [1, 0], "uv_size": [-1, 2]},
								"south": {"uv": [2, 0], "uv_size": [-2, 2]},
								"west": {"uv": [1, 0], "uv_size": [-1, 2]},
								"up": {"uv": [0, 1], "uv_size": [2, -1]},
								"down": {"uv": [0, 1], "uv_size": [2, -1]}
							}
						},
						{
							"origin": [-4, 31, 5],
							"size": [2, 3, 1],
							"uv": {
								"north": {"uv": [2, 0], "uv_size": [-2, 3]},
								"east": {"uv": [1, 0], "uv_size": [-1, 3]},
								"south": {"uv": [2, 0], "uv_size": [-2, 3]},
								"west": {"uv": [1, 0], "uv_size": [-1, 3]},
								"up": {"uv": [0, 1], "uv_size": [2, -1]},
								"down": {"uv": [0, 1], "uv_size": [2, -1]}
							}
						},
						{
							"origin": [-4.5, 33, 4.25],
							"size": [2, 2, 1],
							"uv": {
								"north": {"uv": [2, 0], "uv_size": [-2, 2]},
								"east": {"uv": [1, 0], "uv_size": [-1, 2]},
								"south": {"uv": [2, 0], "uv_size": [-2, 2]},
								"west": {"uv": [1, 0], "uv_size": [-1, 2]},
								"up": {"uv": [0, 1], "uv_size": [2, -1]},
								"down": {"uv": [0, 1], "uv_size": [2, -1]}
							}
						},
						{
							"origin": [-5, 34.75, 3.75],
							"size": [2, 2, 1],
							"uv": {
								"north": {"uv": [2, 0], "uv_size": [-2, 2]},
								"east": {"uv": [1, 0], "uv_size": [-1, 2]},
								"south": {"uv": [2, 0], "uv_size": [-2, 2]},
								"west": {"uv": [1, 0], "uv_size": [-1, 2]},
								"up": {"uv": [0, 1], "uv_size": [2, -1]},
								"down": {"uv": [0, 1], "uv_size": [2, -1]}
							}
						},
						{
							"origin": [-5.25, 36.75, 3.5],
							"size": [1, 2, 1],
							"uv": {
								"north": {"uv": [6, 0], "uv_size": [1, 2]},
								"east": {"uv": [6, 2], "uv_size": [1, 2]},
								"south": {"uv": [4, 6], "uv_size": [1, 2]},
								"west": {"uv": [6, 4], "uv_size": [1, 2]},
								"up": {"uv": [8, 4], "uv_size": [1, 1]},
								"down": {"uv": [8, 6], "uv_size": [1, -1]}
							}
						}
					]
				},
				{
					"name": "bipedBody",
					"pivot": [0, 24, 0]
				},
				{
					"name": "tail",
					"parent": "bipedBody",
					"pivot": [0, 24, 0],
					"cubes": [
						{
							"origin": [-0.5, 13, -4],
							"size": [1, 1, 3],
							"uv": {
								"north": {"uv": [13, 0], "uv_size": [1, 1]},
								"east": {"uv": [13, 0], "uv_size": [3, 1]},
								"south": {"uv": [13, 0], "uv_size": [1, 1]},
								"west": {"uv": [13, 0], "uv_size": [3, 1]},
								"up": {"uv": [14, 3], "uv_size": [-1, -3]},
								"down": {"uv": [14, 3], "uv_size": [-1, -3]}
							}
						},
						{
							"origin": [-0.5, 14.75, 4],
							"size": [1, 1, 3],
							"pivot": [0, 24, 0],
							"rotation": [-57.5, 0, 0],
							"uv": {
								"north": {"uv": [4, 11], "uv_size": [1, 1]},
								"east": {"uv": [4, 11], "uv_size": [3, 1]},
								"south": {"uv": [4, 11], "uv_size": [1, 1]},
								"west": {"uv": [4, 11], "uv_size": [3, 1]},
								"up": {"uv": [5, 14], "uv_size": [-1, -3]},
								"down": {"uv": [5, 14], "uv_size": [-1, -3]}
							}
						},
						{
							"origin": [-1, 14.85, 3],
							"size": [2, 0.75, 1],
							"pivot": [0, 24, 0],
							"rotation": [-57.5, 0, 0],
							"uv": {
								"north": {"uv": [7, 11], "uv_size": [1, 1]},
								"east": {"uv": [7, 11], "uv_size": [3, 1]},
								"south": {"uv": [7, 11], "uv_size": [1, 1]},
								"west": {"uv": [7, 11], "uv_size": [3, 1]},
								"up": {"uv": [8, 14], "uv_size": [-1, -3]},
								"down": {"uv": [8, 14], "uv_size": [-1, -3]}
							}
						},
						{
							"origin": [-0.5, 14.95, 2.5],
							"size": [1, 0.5, 0.5],
							"pivot": [0, 24, 0],
							"rotation": [-57.5, 0, 0],
							"uv": {
								"north": {"uv": [10, 11], "uv_size": [1, 1]},
								"east": {"uv": [10, 11], "uv_size": [3, 1]},
								"south": {"uv": [10, 11], "uv_size": [1, 1]},
								"west": {"uv": [10, 11], "uv_size": [3, 1]},
								"up": {"uv": [11, 14], "uv_size": [-1, -3]},
								"down": {"uv": [11, 14], "uv_size": [-1, -3]}
							}
						},
						{
							"origin": [-0.25, 14.95, 2],
							"size": [0.5, 0.5, 0.5],
							"pivot": [0, 24, 0],
							"rotation": [-57.5, 0, 0],
							"uv": {
								"north": {"uv": [13, 11], "uv_size": [1, 1]},
								"east": {"uv": [13, 11], "uv_size": [3, 1]},
								"south": {"uv": [13, 11], "uv_size": [1, 1]},
								"west": {"uv": [13, 11], "uv_size": [3, 1]},
								"up": {"uv": [14, 14], "uv_size": [-1, -3]},
								"down": {"uv": [14, 14], "uv_size": [-1, -3]}
							}
						}
					]
				},
				{
					"name": "bipedRightArm",
					"pivot": [5, 22, 0]
				},
				{
					"name": "bipedLeftArm",
					"pivot": [-5, 22, 0]
				},
				{
					"name": "bipedLeftLeg",
					"pivot": [-2, 12, 0]
				},
				{
					"name": "bipedRightLeg",
					"pivot": [2, 12, 0]
				}
			]
		}
	]
}