{
	"format_version": "1.12.0",
	"minecraft:geometry": [
		{
			"description": {
				"identifier": "geometry.unknown",
				"texture_width": 32,
				"texture_height": 32,
				"visible_bounds_width": 2,
				"visible_bounds_height": 3.5,
				"visible_bounds_offset": [0, 1.25, 0]
			},
			"bones": [
				{
					"name": "bipedHead",
					"pivot": [0, 24, 0]
				},
				{
					"name": "ear2",
					"parent": "bipedHead",
					"pivot": [-0.21759, 27, 0.12311],
					"rotation": [0, 29.5, 0],
					"cubes": [
						{
							"origin": [-6.05218, 27, -2.00105],
							"size": [1, 3, 0.5],
							"pivot": [-5.05218, 27, -1.00105],
							"rotation": [0, -100, 0],
							"uv": {
								"north": {"uv": [0, 25], "uv_size": [1, 3]},
								"east": {"uv": [2.5, 25], "uv_size": [0.5, 3]},
								"south": {"uv": [1, 25], "uv_size": [1, 3]},
								"west": {"uv": [2, 25], "uv_size": [0.5, 3]},
								"up": {"uv": [1, 28], "uv_size": [1, 0.5]},
								"down": {"uv": [0, 28.5], "uv_size": [1, -0.5]}
							}
						},
						{
							"origin": [-5.65218, 27.5, -4.00105],
							"size": [2, 3.5, 0.5],
							"pivot": [-4.65218, 28, -3.00105],
							"rotation": [0, -100, 0],
							"uv": {
								"north": {"uv": [8.5, 25], "uv_size": [-2, 3.5]},
								"east": {"uv": [6, 25], "uv_size": [0.5, 3.5]},
								"south": {"uv": [10.5, 25], "uv_size": [-2, 3.5]},
								"west": {"uv": [5.5, 25], "uv_size": [0.5, 3.5]},
								"up": {"uv": [7.5, 28.5], "uv_size": [2, 0.5]},
								"down": {"uv": [7.5, 29], "uv_size": [-2, -0.5]}
							}
						},
						{
							"origin": [-5.25218, 29, -5.90105],
							"size": [0.5, 2.5, 1],
							"pivot": [-4.25218, 28, -4.90105],
							"rotation": [0, 167.5, 0],
							"uv": {
								"north": {"uv": [14, 25], "uv_size": [0.5, 2.5]},
								"east": {"uv": [14, 25], "uv_size": [-1, 2.5]},
								"south": {"uv": [12.5, 25], "uv_size": [0.5, 2.5]},
								"west": {"uv": [15.5, 25], "uv_size": [-1, 2.5]},
								"up": {"uv": [15.5, 25], "uv_size": [0.5, 1]},
								"down": {"uv": [15.5, 27], "uv_size": [0.5, -1]}
							}
						}
					]
				},
				{
					"name": "ear1",
					"parent": "bipedHead",
					"pivot": [0.25, 0, 0],
					"cubes": [
						{
							"origin": [4.25, 27, -1],
							"size": [1, 3, 0.5],
							"pivot": [5.25, 27, 0],
							"rotation": [0, 80, 0],
							"uv": {
								"north": {"uv": [0, 25], "uv_size": [1, 3]},
								"east": {"uv": [2.5, 25], "uv_size": [0.5, 3]},
								"south": {"uv": [1, 25], "uv_size": [1, 3]},
								"west": {"uv": [2, 25], "uv_size": [0.5, 3]},
								"up": {"uv": [1, 28], "uv_size": [1, 0.5]},
								"down": {"uv": [0, 28.5], "uv_size": [1, -0.5]}
							}
						},
						{
							"origin": [4.5, 27.5, -1.5],
							"size": [2, 3.5, 0.5],
							"pivot": [5.5, 28, -0.5],
							"rotation": [0, 72.5, 0],
							"uv": {
								"north": {"uv": [6.5, 25], "uv_size": [2, 3.5]},
								"east": {"uv": [5.5, 25], "uv_size": [0.5, 3.5]},
								"south": {"uv": [8.5, 25], "uv_size": [2, 3.5]},
								"west": {"uv": [6, 25], "uv_size": [0.5, 3.5]},
								"up": {"uv": [7.5, 28.5], "uv_size": [2, 0.5]},
								"down": {"uv": [5.5, 29], "uv_size": [2, -0.5]}
							}
						},
						{
							"origin": [4.75, 29, -2.4],
							"size": [0.5, 2.5, 1],
							"pivot": [5.75, 28, -1.4],
							"rotation": [0, -20, 0],
							"uv": {
								"north": {"uv": [12.5, 25], "uv_size": [0.5, 2.5]},
								"east": {"uv": [13, 25], "uv_size": [1, 2.5]},
								"south": {"uv": [14, 25], "uv_size": [0.5, 2.5]},
								"west": {"uv": [14.5, 25], "uv_size": [1, 2.5]},
								"up": {"uv": [15.5, 25], "uv_size": [0.5, 1]},
								"down": {"uv": [15.5, 27], "uv_size": [0.5, -1]}
							}
						}
					]
				},
				{
					"name": "bow",
					"parent": "bipedHead",
					"pivot": [0, 0, 0],
					"cubes": [
						{
							"origin": [-1, 31, 4],
							"size": [2, 1, 1],
							"uv": {
								"north": {"uv": [0, 9], "uv_size": [2, 1]},
								"east": {"uv": [0, 10], "uv_size": [1, 1]},
								"south": {"uv": [0, 8], "uv_size": [2, 1]},
								"west": {"uv": [1, 10], "uv_size": [1, 1]},
								"up": {"uv": [0, 7], "uv_size": [2, 1]},
								"down": {"uv": [0, 7], "uv_size": [2, -1]}
							}
						},
						{
							"origin": [1, 31, 4],
							"size": [1, 1, 0.5],
							"uv": {
								"north": {"uv": [3, 10], "uv_size": [1, 1]},
								"east": {"uv": [3, 9], "uv_size": [1, 1]},
								"south": {"uv": [4, 10], "uv_size": [1, 1]},
								"west": {"uv": [4, 9], "uv_size": [1, 1]},
								"up": {"uv": [3, 9], "uv_size": [2, -1]},
								"down": {"uv": [3, 8], "uv_size": [2, -1]}
							}
						},
						{
							"origin": [1.5, 30.25, 4],
							"size": [1, 1, 0.5],
							"uv": {
								"north": {"uv": [6, 10], "uv_size": [1, 1]},
								"east": {"uv": [6, 9], "uv_size": [1, 1]},
								"south": {"uv": [7, 10], "uv_size": [1, 1]},
								"west": {"uv": [8, 9], "uv_size": [-1, 1]},
								"up": {"uv": [6, 9], "uv_size": [1, -2]},
								"down": {"uv": [7, 9], "uv_size": [1, -2]}
							}
						},
						{
							"origin": [2.5, 30.25, 4],
							"size": [2, 1, 0.5],
							"uv": {
								"north": {"uv": [9, 6], "uv_size": [2, 1]},
								"east": {"uv": [9, 8], "uv_size": [2, 1]},
								"south": {"uv": [9, 7], "uv_size": [2, 1]},
								"west": {"uv": [9, 9], "uv_size": [2, 1]},
								"up": {"uv": [9, 11], "uv_size": [2, -1]},
								"down": {"uv": [9, 11], "uv_size": [2, 1]}
							}
						},
						{
							"origin": [2.5, 30.25, 2],
							"size": [2, 1, 0.5],
							"pivot": [3.5, 30.25, 3],
							"rotation": [0, -90, 0],
							"uv": {
								"north": {"uv": [12, 6], "uv_size": [2, 1]},
								"east": {"uv": [12, 8], "uv_size": [2, 1]},
								"south": {"uv": [12, 7], "uv_size": [2, 1]},
								"west": {"uv": [14, 9], "uv_size": [-2, 1]},
								"up": {"uv": [12, 11], "uv_size": [2, -1]},
								"down": {"uv": [12, 12], "uv_size": [2, -1]}
							}
						},
						{
							"origin": [2.5, 29.5, 0.75],
							"size": [2, 1, 0.5],
							"pivot": [3.5, 29.5, 1.75],
							"rotation": [0, -90, 0],
							"uv": {
								"north": {"uv": [15, 6], "uv_size": [2, 1]},
								"east": {"uv": [15, 8], "uv_size": [2, 1]},
								"south": {"uv": [15, 7], "uv_size": [2, 1]},
								"west": {"uv": [15, 9], "uv_size": [2, 1]},
								"up": {"uv": [15, 11], "uv_size": [2, -1]},
								"down": {"uv": [15, 12], "uv_size": [2, -1]}
							}
						},
						{
							"origin": [-4.5, 29.5, 0.75],
							"size": [2, 1, 0.5],
							"pivot": [-3.5, 29.5, 1.75],
							"rotation": [0, 90, 0],
							"uv": {
								"north": {"uv": [17, 6], "uv_size": [-2, 1]},
								"east": {"uv": [17, 9], "uv_size": [-2, 1]},
								"south": {"uv": [17, 7], "uv_size": [-2, 1]},
								"west": {"uv": [17, 8], "uv_size": [-2, 1]},
								"up": {"uv": [17, 11], "uv_size": [-2, -1]},
								"down": {"uv": [17, 12], "uv_size": [-2, -1]}
							}
						},
						{
							"origin": [-2, 31, 4],
							"size": [1, 1, 0.5],
							"uv": {
								"north": {"uv": [4, 10], "uv_size": [-1, 1]},
								"east": {"uv": [5, 9], "uv_size": [-1, 1]},
								"south": {"uv": [5, 10], "uv_size": [-1, 1]},
								"west": {"uv": [4, 9], "uv_size": [-1, 1]},
								"up": {"uv": [5, 9], "uv_size": [-2, -1]},
								"down": {"uv": [5, 8], "uv_size": [-2, -1]}
							}
						},
						{
							"origin": [-2.5, 30.25, 4],
							"size": [1, 1, 0.5],
							"uv": {
								"north": {"uv": [7, 10], "uv_size": [-1, 1]},
								"east": {"uv": [7, 9], "uv_size": [1, 1]},
								"south": {"uv": [8, 10], "uv_size": [-1, 1]},
								"west": {"uv": [7, 9], "uv_size": [-1, 1]},
								"up": {"uv": [7, 9], "uv_size": [-1, -2]},
								"down": {"uv": [8, 9], "uv_size": [-1, -2]}
							}
						},
						{
							"origin": [-4.5, 30.25, 4],
							"size": [2, 1, 0.5],
							"uv": {
								"north": {"uv": [11, 6], "uv_size": [-2, 1]},
								"east": {"uv": [11, 9], "uv_size": [-2, 1]},
								"south": {"uv": [11, 7], "uv_size": [-2, 1]},
								"west": {"uv": [11, 8], "uv_size": [-2, 1]},
								"up": {"uv": [11, 11], "uv_size": [-2, -1]},
								"down": {"uv": [11, 11], "uv_size": [-2, 1]}
							}
						},
						{
							"origin": [-4.5, 30.25, 2],
							"size": [2, 1, 0.5],
							"pivot": [-3.5, 30.25, 3],
							"rotation": [0, 90, 0],
							"uv": {
								"north": {"uv": [14, 6], "uv_size": [-2, 1]},
								"east": {"uv": [12, 9], "uv_size": [2, 1]},
								"south": {"uv": [14, 7], "uv_size": [-2, 1]},
								"west": {"uv": [14, 8], "uv_size": [-2, 1]},
								"up": {"uv": [14, 11], "uv_size": [-2, -1]},
								"down": {"uv": [14, 12], "uv_size": [-2, -1]}
							}
						}
					]
				},
				{
					"name": "ear3",
					"parent": "bipedHead",
					"pivot": [0.21759, 27, 0.12311],
					"rotation": [0, -29.5, 0],
					"cubes": [
						{
							"origin": [5.05218, 27, -2.00105],
							"size": [1, 3, 0.5],
							"pivot": [5.05218, 27, -1.00105],
							"rotation": [0, 100, 0],
							"uv": {
								"north": {"uv": [1, 25], "uv_size": [-1, 3]},
								"east": {"uv": [2.5, 25], "uv_size": [-0.5, 3]},
								"south": {"uv": [2, 25], "uv_size": [-1, 3]},
								"west": {"uv": [3, 25], "uv_size": [-0.5, 3]},
								"up": {"uv": [2, 28], "uv_size": [-1, 0.5]},
								"down": {"uv": [1, 28.5], "uv_size": [-1, -0.5]}
							}
						}
					]
				},
				{
					"name": "ear4",
					"parent": "bipedHead",
					"pivot": [0.21759, 27, 0.12311],
					"rotation": [0, -29.5, 0],
					"cubes": [
						{
							"origin": [3.65218, 27.5, -4.00105],
							"size": [2, 3.5, 0.5],
							"pivot": [4.65218, 28, -3.00105],
							"rotation": [0, 100, 0],
							"uv": {
								"north": {"uv": [6.5, 25], "uv_size": [2, 3.5]},
								"east": {"uv": [6, 25], "uv_size": [-0.5, 3.5]},
								"south": {"uv": [8.5, 25], "uv_size": [2, 3.5]},
								"west": {"uv": [6.5, 25], "uv_size": [-0.5, 3.5]},
								"up": {"uv": [9.5, 28.5], "uv_size": [-2, 0.5]},
								"down": {"uv": [5.5, 29], "uv_size": [2, -0.5]}
							}
						}
					]
				},
				{
					"name": "ear5",
					"parent": "bipedHead",
					"pivot": [0.21759, 27, 0.12311],
					"rotation": [0, -29.5, 0],
					"cubes": [
						{
							"origin": [4.75218, 29, -5.90105],
							"size": [0.5, 2.5, 1],
							"pivot": [4.25218, 28, -4.90105],
							"rotation": [0, -167.5, 0],
							"uv": {
								"north": {"uv": [14.5, 25], "uv_size": [-0.5, 2.5]},
								"east": {"uv": [14.5, 25], "uv_size": [1, 2.5]},
								"south": {"uv": [13, 25], "uv_size": [-0.5, 2.5]},
								"west": {"uv": [13, 25], "uv_size": [1, 2.5]},
								"up": {"uv": [16, 25], "uv_size": [-0.5, 1]},
								"down": {"uv": [16, 27], "uv_size": [-0.5, -1]}
							}
						}
					]
				},
				{
					"name": "ear6",
					"parent": "bipedHead",
					"pivot": [-0.25, 0, 0],
					"cubes": [
						{
							"origin": [-5.25, 27, -1],
							"size": [1, 3, 0.5],
							"pivot": [-5.25, 27, 0],
							"rotation": [0, -80, 0],
							"uv": {
								"north": {"uv": [1, 25], "uv_size": [-1, 3]},
								"east": {"uv": [2.5, 25], "uv_size": [-0.5, 3]},
								"south": {"uv": [2, 25], "uv_size": [-1, 3]},
								"west": {"uv": [3, 25], "uv_size": [-0.5, 3]},
								"up": {"uv": [2, 28], "uv_size": [-1, 0.5]},
								"down": {"uv": [1, 28.5], "uv_size": [-1, -0.5]}
							}
						}
					]
				},
				{
					"name": "ear7",
					"parent": "bipedHead",
					"pivot": [-0.25, 0, 0],
					"cubes": [
						{
							"origin": [-5.25, 29, -2.4],
							"size": [0.5, 2.5, 1],
							"pivot": [-5.75, 28, -1.4],
							"rotation": [0, 20, 0],
							"uv": {
								"north": {"uv": [13, 25], "uv_size": [-0.5, 2.5]},
								"east": {"uv": [15.5, 25], "uv_size": [-1, 2.5]},
								"south": {"uv": [14.5, 25], "uv_size": [-0.5, 2.5]},
								"west": {"uv": [14, 25], "uv_size": [-1, 2.5]},
								"up": {"uv": [16, 25], "uv_size": [-0.5, 1]},
								"down": {"uv": [16, 27], "uv_size": [-0.5, -1]}
							}
						}
					]
				},
				{
					"name": "bipedLeftArm",
					"pivot": [-5, 22, 0]
				},
				{
					"name": "bipedLeftLeg",
					"pivot": [-2, 12, 0]
				},
				{
					"name": "bipedRightLeg",
					"pivot": [2, 12, 0]
				},
				{
					"name": "bipedRightArm",
					"pivot": [5, 22, 0]
				}
			]
		}
	]
}