{
	"format_version": "1.12.0",
	"minecraft:geometry": [
		{
			"description": {
				"identifier": "geometry.unknown",
				"texture_width": 64,
				"texture_height": 64,
				"visible_bounds_width": 3,
				"visible_bounds_height": 3.5,
				"visible_bounds_offset": [0, 1.25, 0]
			},
			"bones": [
				{
					"name": "bipedHead",
					"pivot": [0, 24, 0],
					"cubes": [
						{"origin": [-4.2, 23.9, -4.2], "size": [8.4, 8.2, 8.4], "pivot": [0, 0, 0], "rotation": [0, 180, 0], "uv": [0, 17]}
					]
				},
				{
					"name": "bipedBody",
					"pivot": [0, 24, 0],
					"cubes": [
						{"origin": [-4.1, 12, -2.1], "size": [8.2, 12, 4.2], "uv": [29, 30]}
					]
				},
				{
					"name": "bipedRightArm",
					"pivot": [5, 22, 0],
					"mirror": true,
					"cubes": [
						{"origin": [3.9, 12, -2.1], "size": [4.2, 12, 4.2], "uv": [13, 47], "mirror": false},
						{"origin": [3.9, 14.5, -3.1], "size": [2, 2, 1], "uv": [1, 1], "mirror": false}
					]
				},
				{
					"name": "bipedLeftArm",
					"pivot": [-5, 22, 0],
					"cubes": [
						{"origin": [-8.1, 12, -2], "size": [4.2, 12, 4.1], "uv": [33, 0]},
						{"origin": [-6.4, 21.4, -3.1], "size": [2, 2, 1], "uv": [1, 1]},
						{"origin": [-9, 18.8, -3.1], "size": [2, 2, 1], "pivot": [-8, 18.8, -3.1], "rotation": [0, 0, 90], "uv": [1, 1]},
						{"origin": [-5.9, 14.4, -2], "size": [2, 2, 1], "pivot": [-4.9, 14.4, -2], "rotation": [0, 180, 0], "uv": [1, 1]}
					]
				},
				{
					"name": "bipedRightLeg",
					"pivot": [1.9, 12, 0],
					"mirror": true,
					"cubes": [
						{"origin": [-4.1, 0, -2.2], "size": [4.2, 12, 4.3], "uv": [0, 34], "mirror": false}
					]
				},
				{
					"name": "bipedLeftLeg",
					"pivot": [-1.9, 12, 0],
					"cubes": [
						{"origin": [0, 0, -2], "size": [4, 12, 4], "uv": [46, 13]}
					]
				}
			]
		}
	]
}