{
	"format_version": "1.12.0",
	"minecraft:geometry": [
		{
			"description": {
				"identifier": "geometry.unknown",
				"texture_width": 32,
				"texture_height": 32,
				"visible_bounds_width": 3,
				"visible_bounds_height": 3.5,
				"visible_bounds_offset": [0, 1.25, 0]
			},
			"bones": [
				{
					"name": "bipedHead",
					"pivot": [0, 24, 0]
				},
				{
					"name": "bone4",
					"parent": "bipedHead",
					"pivot": [0, 24, 0],
					"cubes": [
						{"origin": [3.6, 23, -1.7], "size": [2, 3.2, 3.5], "uv": [22, 12]},
						{"origin": [-5.6, 23, -1.7], "size": [2, 3.2, 3.5], "uv": [22, 12], "mirror": true},
						{
							"origin": [3.8, 23.7, 0.8],
							"size": [2, 0.1, 0.7],
							"pivot": [4.7, 22.7, -0.2],
							"rotation": [-162.5, 0, 180],
							"uv": {
								"north": {"uv": [15, 12], "uv_size": [1, -2]},
								"east": {"uv": [13, 10], "uv_size": [2, 2]},
								"south": {"uv": [15.125, 12], "uv_size": [1, -2]},
								"west": {"uv": [13, 12], "uv_size": [2, -2]},
								"up": {"uv": [15, 11.375], "uv_size": [1, 0.625]},
								"down": {"uv": [16, 12], "uv_size": [1, -2]}
							}
						},
						{
							"origin": [3.8, 23.3, 1.2],
							"size": [2, 0.1, 0.7],
							"pivot": [4.7, 22.3, 0.2],
							"rotation": [-162.5, 0, 180],
							"uv": {
								"north": {"uv": [15, 12], "uv_size": [1, -2]},
								"east": {"uv": [13, 10], "uv_size": [2, 2]},
								"south": {"uv": [15.125, 12], "uv_size": [1, -2]},
								"west": {"uv": [13, 12], "uv_size": [2, -2]},
								"up": {"uv": [15.125, 11.375], "uv_size": [1, 0.625]},
								"down": {"uv": [16, 12], "uv_size": [1, -2]}
							}
						},
						{
							"origin": [3.8, 22.8, 1.7],
							"size": [2, 0.1, 0.7],
							"pivot": [4.7, 21.8, 0.7],
							"rotation": [-162.5, 0, 180],
							"uv": {
								"north": {"uv": [15, 12], "uv_size": [1, -2]},
								"east": {"uv": [13, 10], "uv_size": [2, 2]},
								"south": {"uv": [15.125, 12], "uv_size": [1, -2]},
								"west": {"uv": [13, 12], "uv_size": [2, -2]},
								"up": {"uv": [15, 11.375], "uv_size": [1, 0.625]},
								"down": {"uv": [16, 12], "uv_size": [1, -2]}
							}
						},
						{
							"origin": [-5.8, 22.8, 1.7],
							"size": [2, 0.1, 0.7],
							"pivot": [-4.7, 21.8, 0.7],
							"rotation": [-162.5, 0, -180],
							"uv": {
								"north": {"uv": [16, 12], "uv_size": [-1, -2]},
								"east": {"uv": [15, 12], "uv_size": [-2, -2]},
								"south": {"uv": [16.125, 12], "uv_size": [-1, -2]},
								"west": {"uv": [15, 10], "uv_size": [-2, 2]},
								"up": {"uv": [16, 11.375], "uv_size": [-1, 0.625]},
								"down": {"uv": [17, 12], "uv_size": [-1, -2]}
							}
						},
						{
							"origin": [-5.8, 23.7, 0.8],
							"size": [2, 0.1, 0.7],
							"pivot": [-4.7, 22.7, -0.2],
							"rotation": [-162.5, 0, -180],
							"uv": {
								"north": {"uv": [16, 12], "uv_size": [-1, -2]},
								"east": {"uv": [15, 12], "uv_size": [-2, -2]},
								"south": {"uv": [16.125, 12], "uv_size": [-1, -2]},
								"west": {"uv": [15, 10], "uv_size": [-2, 2]},
								"up": {"uv": [16, 11.375], "uv_size": [-1, 0.625]},
								"down": {"uv": [17, 12], "uv_size": [-1, -2]}
							}
						},
						{
							"origin": [-5.8, 23.3, 1.2],
							"size": [2, 0.1, 0.7],
							"pivot": [-4.7, 22.3, 0.2],
							"rotation": [-162.5, 0, -180],
							"uv": {
								"north": {"uv": [16, 12], "uv_size": [-1, -2]},
								"east": {"uv": [15, 12], "uv_size": [-2, -2]},
								"south": {"uv": [16.125, 12], "uv_size": [-1, -2]},
								"west": {"uv": [15, 10], "uv_size": [-2, 2]},
								"up": {"uv": [16.125, 11.375], "uv_size": [-1, 0.625]},
								"down": {"uv": [17, 12], "uv_size": [-1, -2]}
							}
						}
					]
				},
				{
					"name": "bipedHeadwear",
					"pivot": [0, 24, 0]
				},
				{
					"name": "bipedBody",
					"pivot": [0, 24, 0]
				},
				{
					"name": "bone2",
					"parent": "bipedBody",
					"pivot": [2, 12, 0],
					"rotation": [0, 180, 0],
					"cubes": [
						{"origin": [0.5, 8.9, -3.85], "size": [5, 3.5, 8.9], "pivot": [3.5, 6, 1.05], "rotation": [90, -85, -90], "uv": [0, 19], "mirror": true},
						{"origin": [0, 6.1, -2.45], "size": [5.7, 3.7, 9.3], "pivot": [3.5, 3.8, 2.65], "rotation": [89.99999, -72.5, -89.99999], "uv": [0, 19], "mirror": true},
						{"origin": [0, 4.3, -0.15], "size": [5.2, 3.4, 9.6], "pivot": [3.5, 1.7, 5.05], "rotation": [90, -65, -90], "uv": [0, 19], "mirror": true},
						{"origin": [0, 4.2, 3.65], "size": [5.2, 3.4, 9.9], "pivot": [3.5, 1.6, 9.05], "rotation": [90, -34, -90], "uv": [0, 19], "mirror": true},
						{"origin": [0, 4.8, 6.55], "size": [5.2, 2.6, 9.2], "pivot": [3.5, 2.2, 11.65], "rotation": [90, -14, -90], "uv": [0, 19], "mirror": true},
						{"origin": [0, 3.6, 9.35], "size": [5.2, 4.3, 8.3], "pivot": [3.5, 2.7, 13.95], "rotation": [90, -4, -90], "uv": [0, 19], "mirror": true},
						{"origin": [0, 3.6, 13.95], "size": [5.2, 4.3, 6.7], "pivot": [3.5, 2.7, 17.95], "rotation": [90, 3.5, -90], "uv": [3, 21], "mirror": true},
						{"origin": [0.8, 3.9, 18.65], "size": [3.9, 4.3, 5.5], "pivot": [3.5, 3, 22.15], "rotation": [90, 3.5, -90], "uv": [8, 22], "mirror": true},
						{"origin": [0.8, 4.6, 22.25], "size": [2.2, 3.4, 5.5], "pivot": [3.5, 3.3, 25.75], "rotation": [90, 3.5, -90], "uv": [18, 4], "mirror": true}
					]
				}
			]
		}
	]
}