{
	"format_version": "1.12.0",
	"minecraft:geometry": [
		{
			"description": {
				"identifier": "geometry.unknown",
				"texture_width": 64,
				"texture_height": 64,
				"visible_bounds_width": 3,
				"visible_bounds_height": 3.5,
				"visible_bounds_offset": [0, 1.25, 0]
			},
			"bones": [
				{
					"name": "bipedHead",
					"pivot": [0, 24, 0],
					"cubes": [
						{"origin": [-4.5, 24, -4.8], "size": [9, 2.5, 9.5], "uv": [0, 0]}
					]
				},
				{
					"name": "bone",
					"parent": "bipedHead",
					"pivot": [0, 23.7, -1.2],
					"cubes": [
						{"origin": [2.8, 30.7, -1.2], "size": [2, 3, 3], "pivot": [3.8, 30.7, 0.8], "rotation": [0, -15, 0], "uv": [0, 21]},
						{"origin": [3.8, 32.7, -6.2], "size": [2, 3, 5], "pivot": [4.8, 31.7, -2.2], "rotation": [-25, -22.5, 0], "uv": [0, 12]},
						{"origin": [5.2, 35.7, -6.6], "size": [2, 3, 2], "pivot": [6.2, 34.7, -5.6], "rotation": [-25, -22.5, 0], "uv": [11, 30], "mirror": true},
						{"origin": [-7.2, 35.7, -6.6], "size": [2, 3, 2], "pivot": [-6.2, 34.7, -5.6], "rotation": [-25, 22.5, 0], "uv": [11, 30]},
						{"origin": [-4.8, 30.7, -1.2], "size": [2, 3, 3], "pivot": [-3.8, 30.7, 0.8], "rotation": [0, 15, 0], "uv": [0, 21], "mirror": true},
						{"origin": [-5.8, 32.7, -6.2], "size": [2, 3, 5], "pivot": [-4.8, 31.7, -2.2], "rotation": [-25, 22.5, 0], "uv": [0, 12], "mirror": true}
					]
				},
				{
					"name": "bipedBody",
					"pivot": [0, 24, 0]
				},
				{
					"name": "bipedRightArm",
					"pivot": [5, 22, 0],
					"cubes": [
						{"origin": [5, 14, -4.3], "size": [2, 10, 2], "uv": [49, 7]},
						{"origin": [5, 24, -3], "size": [2, 1.5, 5], "uv": [37, 0]}
					]
				},
				{
					"name": "bipedLeftArm",
					"pivot": [-5, 22, 0],
					"cubes": [
						{"origin": [-7, 24, -3], "size": [2, 1.5, 5], "uv": [37, 0], "mirror": true},
						{"origin": [-7, 14, -4.3], "size": [2, 10, 2], "uv": [49, 7], "mirror": true}
					]
				}
			]
		}
	]
}