{
	"format_version": "1.12.0",
	"minecraft:geometry": [
		{
			"description": {
				"identifier": "geometry.unknown",
				"texture_width": 64,
				"texture_height": 64,
				"visible_bounds_width": 2,
				"visible_bounds_height": 3.5,
				"visible_bounds_offset": [0, 1.25, 0]
			},
			"bones": [
				{
					"name": "bipedHead",
					"pivot": [0, 24, 0],
					"cubes": [
						{"origin": [-4, 24, -4], "size": [8, 8, 8], "uv": [0, 16]}
					]
				},
				{
					"name": "nose",
					"parent": "bipedHead",
					"pivot": [0.75, 24, 0],
					"cubes": [
						{"origin": [-0.75, 25, 4], "size": [1.5, 3, 2], "uv": [29, 59]},
						{"origin": [-0.75, 25.05, 6], "size": [1.5, 2.45, 1], "uv": [35, 61]},
						{"origin": [-0.75, 25.1, 7], "size": [1.5, 1.65, 1], "uv": [25, 62]}
					]
				},
				{
					"name": "ears",
					"parent": "bipedHead",
					"pivot": [0, 24, 0]
				},
				{
					"name": "ear1",
					"parent": "ears",
					"pivot": [0.75, 24, -1],
					"rotation": [0, -22.5, 0],
					"cubes": [
						{"origin": [4.75, 26, -1], "size": [1, 3, 1], "uv": [60, 60]},
						{"origin": [4.75, 26, -3], "size": [1, 4, 2], "uv": [50, 58]},
						{"origin": [4.75, 26.25, -4.5], "size": [1, 4.25, 1.5], "uv": [46, 59]},
						{"origin": [4.75, 27.5, -5.5], "size": [1, 3, 1], "uv": [56, 60]},
						{"origin": [4.75, 28.75, -6.5], "size": [1, 1.75, 1], "uv": [42, 62]}
					]
				},
				{
					"name": "ear2",
					"parent": "ears",
					"pivot": [0.5, 24, -2],
					"rotation": [0, 22.5, 0],
					"cubes": [
						{"origin": [-6.25, 26, -1], "size": [1, 3, 1], "uv": [56, 60]},
						{"origin": [-6.25, 26, -3], "size": [1, 4, 2], "uv": [50, 58]},
						{"origin": [-6.25, 26.25, -4.5], "size": [1, 4.25, 1.5], "uv": [46, 59]},
						{"origin": [-6.25, 27.5, -5.5], "size": [1, 3, 1], "uv": [60, 60]},
						{"origin": [-6.25, 28.75, -6.5], "size": [1, 1.75, 1], "uv": [42, 62]}
					]
				},
				{
					"name": "bipedHeadwear",
					"pivot": [0, 24, 0],
					"cubes": [
						{"origin": [-4, 24, -4], "size": [8, 8, 8], "inflate": 0.5, "uv": [0, 0]}
					]
				},
				{
					"name": "bipedBody",
					"pivot": [0, 24, 0],
					"cubes": [
						{"origin": [-4, 12, -2], "size": [8, 12, 4], "uv": [28, 28]}
					]
				},
				{
					"name": "bipedRightLeg",
					"pivot": [1.9, 12, 0],
					"mirror": true,
					"cubes": [
						{"origin": [0, 0, -2], "size": [4, 12, 4], "uv": [32, 0], "mirror": false}
					]
				},
				{
					"name": "bipedLeftLeg",
					"pivot": [-1.9, 12, 0],
					"cubes": [
						{"origin": [-4, 0, -2], "size": [4, 12, 4], "uv": [0, 32]}
					]
				},
				{
					"name": "bipedLeftArm",
					"pivot": [-5, 22, 0],
					"cubes": [
						{"origin": [-8, 12, -2], "size": [4, 12, 4], "uv": [16, 40]},
						{"origin": [-8, 10, 2], "size": [4, 3, 0.1], "uv": [24, 5]}
					]
				},
				{
					"name": "bipedRightArm",
					"pivot": [5, 22, 0],
					"mirror": true,
					"cubes": [
						{"origin": [4, 12, -2], "size": [4, 12, 4], "uv": [44, 12], "mirror": false}
					]
				}
			]
		}
	]
}