{
	"format_version": "1.12.0",
	"minecraft:geometry": [
		{
			"description": {
				"identifier": "geometry.unknown",
				"texture_width": 64,
				"texture_height": 64,
				"visible_bounds_width": 3,
				"visible_bounds_height": 3.5,
				"visible_bounds_offset": [0, 1.25, 0]
			},
			"bones": [
				{
					"name": "bipedHead",
					"pivot": [0, 24, 0],
					"cubes": [
						{"origin": [-4.3, 24.4, -4.6], "size": [8.5, 8, 8.9], "uv": [0, 0]}
					]
				},
				{
					"name": "snake",
					"parent": "bipedHead",
					"pivot": [0, 23.8, -3],
					"cubes": [
						{
							"origin": [3.8, 33.5, 0.7],
							"size": [2, 2, 2],
							"pivot": [4.8, 33.5, 1.7],
							"rotation": [0, 0, 5],
							"uv": {
								"north": {"uv": [19, 34], "uv_size": [2, 2]},
								"east": {"uv": [17, 34], "uv_size": [2, 2]},
								"south": {"uv": [23, 34], "uv_size": [4.5, 4.5]},
								"west": {"uv": [21, 34], "uv_size": [2, 2]},
								"up": {"uv": [19, 32], "uv_size": [2, 2]},
								"down": {"uv": [21, 34], "uv_size": [2, -2]}
							}
						},
						{
							"origin": [4.4, 34.3, 2.4],
							"size": [0.7, 0.2, 0.8],
							"pivot": [4.6, 33.5, 3.4],
							"rotation": [0, 0, 8],
							"uv": {
								"north": {"uv": [0, 1], "uv_size": [1, 1]},
								"east": {"uv": [1, 2], "uv_size": [1, 1]},
								"south": {"uv": [0, 2], "uv_size": [1, 1]},
								"west": {"uv": [2, 2], "uv_size": [1, 1]},
								"up": {"uv": [3, 2], "uv_size": [-1, -1]},
								"down": {"uv": [1, 4], "uv_size": [-1, -1]}
							}
						},
						{
							"origin": [4.5, 34, 2.7],
							"size": [0.4, 0.2, 0.4],
							"pivot": [4.5, 33.2, 3.7],
							"rotation": [-22.5, 0, 8],
							"uv": {
								"north": {"uv": [0, 1], "uv_size": [1, 1]},
								"east": {"uv": [1, 2], "uv_size": [1, 1]},
								"south": {"uv": [0, 2], "uv_size": [1, 1]},
								"west": {"uv": [2, 2], "uv_size": [1, 1]},
								"up": {"uv": [3, 2], "uv_size": [-1, -1]},
								"down": {"uv": [1, 4], "uv_size": [-1, -1]}
							}
						},
						{"origin": [2.5, 31.4, -1.7], "size": [1, 3, 1], "pivot": [2.5, 31.4, -0.7], "rotation": [17.5, 0, 30], "uv": [0, 38]},
						{"origin": [3.8, 33.6, -2.7], "size": [1, 3, 1], "pivot": [3.8, 33.6, -1.7], "rotation": [-75, 0, 30], "uv": [0, 38]}
					]
				},
				{
					"name": "snake4",
					"parent": "bipedHead",
					"pivot": [-0.9, 20.3, -3],
					"rotation": [0, 0, 16],
					"cubes": [
						{
							"origin": [3.5, 30.5, 0.7],
							"size": [2, 2, 2],
							"pivot": [4.5, 30.5, 1.7],
							"rotation": [0, 0, -15],
							"uv": {
								"north": {"uv": [19, 34], "uv_size": [2, 2]},
								"east": {"uv": [17, 34], "uv_size": [2, 2]},
								"south": {"uv": [23, 34], "uv_size": [4.5, 4.5]},
								"west": {"uv": [21, 34], "uv_size": [2, 2]},
								"up": {"uv": [19, 32], "uv_size": [2, 2]},
								"down": {"uv": [21, 34], "uv_size": [2, -2]}
							}
						},
						{
							"origin": [4.1, 31.3, 2.4],
							"size": [0.7, 0.2, 0.8],
							"pivot": [4.3, 30.5, 3.4],
							"rotation": [0, 0, -12],
							"uv": {
								"north": {"uv": [0, 1], "uv_size": [1, 1]},
								"east": {"uv": [1, 2], "uv_size": [1, 1]},
								"south": {"uv": [0, 2], "uv_size": [1, 1]},
								"west": {"uv": [2, 2], "uv_size": [1, 1]},
								"up": {"uv": [3, 2], "uv_size": [-1, -1]},
								"down": {"uv": [1, 4], "uv_size": [-1, -1]}
							}
						},
						{
							"origin": [4.3, 31, 2.7],
							"size": [0.4, 0.2, 0.4],
							"pivot": [4.3, 30.2, 3.7],
							"rotation": [-22.5, 0, -12],
							"uv": {
								"north": {"uv": [0, 1], "uv_size": [1, 1]},
								"east": {"uv": [1, 2], "uv_size": [1, 1]},
								"south": {"uv": [0, 2], "uv_size": [1, 1]},
								"west": {"uv": [2, 2], "uv_size": [1, 1]},
								"up": {"uv": [3, 2], "uv_size": [-1, -1]},
								"down": {"uv": [1, 4], "uv_size": [-1, -1]}
							}
						},
						{"origin": [1.6, 27.9, -1.7], "size": [1, 3, 1], "pivot": [1.6, 27.9, -0.7], "rotation": [39, 0, 30], "uv": [0, 38]},
						{"origin": [2.9, 28.4, -2.7], "size": [1, 4.7, 1], "pivot": [2.9, 30.1, -1.7], "rotation": [-66, 0, 30], "uv": [0, 38]}
					]
				},
				{
					"name": "snake3",
					"parent": "bipedHead",
					"pivot": [-3.4, 23.8, -0.8],
					"cubes": [
						{
							"origin": [-1.2, 33.5, 2.9],
							"size": [2, 2, 2],
							"pivot": [-0.2, 33.5, 3.9],
							"rotation": [0, 0, -2.5],
							"uv": {
								"north": {"uv": [19, 34], "uv_size": [2, 2]},
								"east": {"uv": [17, 34], "uv_size": [2, 2]},
								"south": {"uv": [23, 34], "uv_size": [4.5, 4.5]},
								"west": {"uv": [21, 34], "uv_size": [2, 2]},
								"up": {"uv": [19, 32], "uv_size": [2, 2]},
								"down": {"uv": [21, 34], "uv_size": [2, -2]}
							}
						},
						{
							"origin": [-0.6, 34.3, 4.6],
							"size": [0.7, 0.2, 0.8],
							"pivot": [-0.4, 33.5, 5.6],
							"rotation": [0, 0, -2],
							"uv": {
								"north": {"uv": [0, 1], "uv_size": [1, 1]},
								"east": {"uv": [1, 2], "uv_size": [1, 1]},
								"south": {"uv": [0, 2], "uv_size": [1, 1]},
								"west": {"uv": [2, 2], "uv_size": [1, 1]},
								"up": {"uv": [3, 2], "uv_size": [-1, -1]},
								"down": {"uv": [1, 4], "uv_size": [-1, -1]}
							}
						},
						{
							"origin": [-0.4, 34, 4.9],
							"size": [0.4, 0.2, 0.4],
							"pivot": [-0.4, 33.2, 5.9],
							"rotation": [-22.5, 0, -2],
							"uv": {
								"north": {"uv": [0, 1], "uv_size": [1, 1]},
								"east": {"uv": [1, 2], "uv_size": [1, 1]},
								"south": {"uv": [0, 2], "uv_size": [1, 1]},
								"west": {"uv": [2, 2], "uv_size": [1, 1]},
								"up": {"uv": [3, 2], "uv_size": [-1, -1]},
								"down": {"uv": [1, 4], "uv_size": [-1, -1]}
							}
						},
						{"origin": [-0.9, 31.4, 0.5], "size": [1, 3, 1], "pivot": [-0.9, 31.4, 1.5], "rotation": [16.24074, 6.60796, 8.44387], "uv": [0, 38]},
						{"origin": [-0.7, 33.6, -0.5], "size": [1, 3, 1], "pivot": [-0.7, 33.6, 0.5], "rotation": [-94.54743, 0.12741, -0.83817], "uv": [0, 38]}
					]
				},
				{
					"name": "snake10",
					"parent": "bipedHead",
					"pivot": [-5.6, 23.8, -6.8],
					"cubes": [
						{
							"origin": [-3.6, 35.2, -3.1],
							"size": [2, 2, 2],
							"pivot": [-2.6, 35.2, -2.1],
							"rotation": [-19.40768, -1.67504, -2.07549],
							"uv": {
								"north": {"uv": [19, 34], "uv_size": [2, 2]},
								"east": {"uv": [17, 34], "uv_size": [2, 2]},
								"south": {"uv": [23, 34], "uv_size": [4.5, 4.5]},
								"west": {"uv": [21, 34], "uv_size": [2, 2]},
								"up": {"uv": [19, 32], "uv_size": [2, 2]},
								"down": {"uv": [21, 34], "uv_size": [2, -2]}
							}
						},
						{
							"origin": [-3, 35.3, -1.5],
							"size": [0.7, 0.2, 0.8],
							"pivot": [-2.8, 34.5, -0.5],
							"rotation": [-19.42079, -1.50885, -1.60374],
							"uv": {
								"north": {"uv": [0, 1], "uv_size": [1, 1]},
								"east": {"uv": [1, 2], "uv_size": [1, 1]},
								"south": {"uv": [0, 2], "uv_size": [1, 1]},
								"west": {"uv": [2, 2], "uv_size": [1, 1]},
								"up": {"uv": [3, 2], "uv_size": [-1, -1]},
								"down": {"uv": [1, 4], "uv_size": [-1, -1]}
							}
						},
						{
							"origin": [-2.8, 35, -1.2],
							"size": [0.4, 0.2, 0.4],
							"pivot": [-2.8, 34.2, -0.2],
							"rotation": [-41.48926, -0.65102, -1.89112],
							"uv": {
								"north": {"uv": [0, 1], "uv_size": [1, 1]},
								"east": {"uv": [1, 2], "uv_size": [1, 1]},
								"south": {"uv": [0, 2], "uv_size": [1, 1]},
								"west": {"uv": [2, 2], "uv_size": [1, 1]},
								"up": {"uv": [3, 2], "uv_size": [-1, -1]},
								"down": {"uv": [1, 4], "uv_size": [-1, -1]}
							}
						},
						{"origin": [-3.1, 31.4, -5.5], "size": [1, 5.8, 1], "pivot": [-3.1, 31.4, -4.5], "rotation": [15.12247, -3.41876, -2.11266], "uv": [0, 38]},
						{"origin": [-3, 35.3, -6.5], "size": [1, 4.1, 1], "pivot": [-3, 36.4, -5.5], "rotation": [-102.13852, 6.97245, -2.30661], "uv": [0, 38]}
					]
				},
				{
					"name": "snake2",
					"parent": "bipedHead",
					"pivot": [0.5, 25, -3],
					"rotation": [0, 0, -55],
					"cubes": [
						{
							"origin": [4, 35.4, 0.7],
							"size": [2, 2, 2],
							"pivot": [5, 35.4, 1.7],
							"rotation": [0, 0, 57.5],
							"uv": {
								"north": {"uv": [19, 34], "uv_size": [2, 2]},
								"east": {"uv": [17, 34], "uv_size": [2, 2]},
								"south": {"uv": [23, 34], "uv_size": [4.5, 4.5]},
								"west": {"uv": [21, 34], "uv_size": [2, 2]},
								"up": {"uv": [19, 32], "uv_size": [2, 2]},
								"down": {"uv": [21, 34], "uv_size": [2, -2]}
							}
						},
						{
							"origin": [4.6, 36.2, 2.4],
							"size": [0.7, 0.2, 0.8],
							"pivot": [4.8, 35.4, 3.4],
							"rotation": [0, 0, 60.5],
							"uv": {
								"north": {"uv": [0, 1], "uv_size": [1, 1]},
								"east": {"uv": [1, 2], "uv_size": [1, 1]},
								"south": {"uv": [0, 2], "uv_size": [1, 1]},
								"west": {"uv": [2, 2], "uv_size": [1, 1]},
								"up": {"uv": [3, 2], "uv_size": [-1, -1]},
								"down": {"uv": [1, 4], "uv_size": [-1, -1]}
							}
						},
						{
							"origin": [4.5, 36.1, 2.7],
							"size": [0.4, 0.2, 0.4],
							"pivot": [4.5, 35.3, 3.7],
							"rotation": [-22.5, 0, 60.5],
							"uv": {
								"north": {"uv": [0, 1], "uv_size": [1, 1]},
								"east": {"uv": [1, 2], "uv_size": [1, 1]},
								"south": {"uv": [0, 2], "uv_size": [1, 1]},
								"west": {"uv": [2, 2], "uv_size": [1, 1]},
								"up": {"uv": [3, 2], "uv_size": [-1, -1]},
								"down": {"uv": [1, 4], "uv_size": [-1, -1]}
							}
						},
						{"origin": [3, 32.6, -1.7], "size": [1, 3, 1], "pivot": [3, 32.6, -0.7], "rotation": [17.5, 0, 30], "uv": [0, 38]},
						{"origin": [4.3, 34.8, -2.7], "size": [1, 3, 1], "pivot": [4.3, 34.8, -1.7], "rotation": [-75, 0, 30], "uv": [0, 38]}
					]
				},
				{
					"name": "snake5",
					"parent": "bipedHead",
					"pivot": [0.9, 20.3, -3],
					"rotation": [0, 0, -16],
					"cubes": [
						{
							"origin": [-4.7, 31, 2.7],
							"size": [0.4, 0.2, 0.4],
							"pivot": [-4.3, 30.2, 3.7],
							"rotation": [-22.5, 0, 12],
							"uv": {
								"north": {"uv": [0, 1], "uv_size": [1, 1]},
								"east": {"uv": [1, 2], "uv_size": [1, 1]},
								"south": {"uv": [0, 2], "uv_size": [1, 1]},
								"west": {"uv": [2, 2], "uv_size": [1, 1]},
								"up": {"uv": [3, 2], "uv_size": [-1, -1]},
								"down": {"uv": [1, 4], "uv_size": [-1, -1]}
							}
						},
						{
							"origin": [-5.5, 30.5, 0.7],
							"size": [2, 2, 2],
							"pivot": [-4.5, 30.5, 1.7],
							"rotation": [0, 0, 15],
							"uv": {
								"north": {"uv": [19, 34], "uv_size": [2, 2]},
								"east": {"uv": [17, 34], "uv_size": [2, 2]},
								"south": {"uv": [23, 34], "uv_size": [4.5, 4.5]},
								"west": {"uv": [21, 34], "uv_size": [2, 2]},
								"up": {"uv": [19, 32], "uv_size": [2, 2]},
								"down": {"uv": [21, 34], "uv_size": [2, -2]}
							}
						},
						{
							"origin": [-4.8, 31.3, 2.4],
							"size": [0.7, 0.2, 0.8],
							"pivot": [-4.3, 30.5, 3.4],
							"rotation": [0, 0, 12],
							"uv": {
								"north": {"uv": [0, 1], "uv_size": [1, 1]},
								"east": {"uv": [1, 2], "uv_size": [1, 1]},
								"south": {"uv": [0, 2], "uv_size": [1, 1]},
								"west": {"uv": [2, 2], "uv_size": [1, 1]},
								"up": {"uv": [3, 2], "uv_size": [-1, -1]},
								"down": {"uv": [1, 4], "uv_size": [-1, -1]}
							}
						},
						{"origin": [-2.6, 27.9, -1.7], "size": [1, 3, 1], "pivot": [-1.6, 27.9, -0.7], "rotation": [39, 0, -30], "uv": [0, 38]},
						{"origin": [-3.9, 28.4, -2.7], "size": [1, 4.7, 1], "pivot": [-2.9, 30.1, -1.7], "rotation": [-66, 0, -30], "uv": [0, 38]}
					]
				},
				{
					"name": "snake11",
					"parent": "bipedHead",
					"pivot": [5.6, 23.8, -6.8],
					"cubes": [
						{
							"origin": [1.6, 35.2, -3.1],
							"size": [2, 2, 2],
							"pivot": [2.6, 35.2, -2.1],
							"rotation": [-19.40768, 1.67504, 2.07549],
							"uv": {
								"north": {"uv": [19, 34], "uv_size": [2, 2]},
								"east": {"uv": [17, 34], "uv_size": [2, 2]},
								"south": {"uv": [23, 34], "uv_size": [4.5, 4.5]},
								"west": {"uv": [21, 34], "uv_size": [2, 2]},
								"up": {"uv": [19, 32], "uv_size": [2, 2]},
								"down": {"uv": [21, 34], "uv_size": [2, -2]}
							}
						},
						{
							"origin": [2.3, 35.3, -1.5],
							"size": [0.7, 0.2, 0.8],
							"pivot": [2.8, 34.5, -0.5],
							"rotation": [-19.42079, 1.50885, 1.60374],
							"uv": {
								"north": {"uv": [0, 1], "uv_size": [1, 1]},
								"east": {"uv": [1, 2], "uv_size": [1, 1]},
								"south": {"uv": [0, 2], "uv_size": [1, 1]},
								"west": {"uv": [2, 2], "uv_size": [1, 1]},
								"up": {"uv": [3, 2], "uv_size": [-1, -1]},
								"down": {"uv": [1, 4], "uv_size": [-1, -1]}
							}
						},
						{
							"origin": [2.4, 35, -1.2],
							"size": [0.4, 0.2, 0.4],
							"pivot": [2.8, 34.2, -0.2],
							"rotation": [-41.48926, 0.65102, 1.89112],
							"uv": {
								"north": {"uv": [0, 1], "uv_size": [1, 1]},
								"east": {"uv": [1, 2], "uv_size": [1, 1]},
								"south": {"uv": [0, 2], "uv_size": [1, 1]},
								"west": {"uv": [2, 2], "uv_size": [1, 1]},
								"up": {"uv": [3, 2], "uv_size": [-1, -1]},
								"down": {"uv": [1, 4], "uv_size": [-1, -1]}
							}
						},
						{"origin": [2.1, 31.4, -5.5], "size": [1, 5.8, 1], "pivot": [3.1, 31.4, -4.5], "rotation": [15.12247, 3.41876, 2.11266], "uv": [0, 38]},
						{"origin": [2, 35.3, -6.5], "size": [1, 4.1, 1], "pivot": [3, 36.4, -5.5], "rotation": [-102.13852, -6.97245, 2.30661], "uv": [0, 38]}
					]
				},
				{
					"name": "bipedBody",
					"pivot": [0, 24, 0]
				},
				{
					"name": "bone",
					"parent": "bipedBody",
					"pivot": [0, 24, 0],
					"cubes": [
						{"origin": [-3.9, 10.8, -2], "size": [7.8, 1.3, 4], "uv": [19, 26]},
						{"origin": [-3.8, 8.8, -2.7], "size": [7.6, 2.9, 4], "pivot": [0, 9.6, -0.7], "rotation": [-17.5, 0, 0], "uv": [0, 21]},
						{"origin": [-3.7, 5.2, -4.3], "size": [7.4, 4.7, 4], "pivot": [0, 7.8, -2.3], "rotation": [-36.5, 0, 0], "uv": [0, 19]},
						{"origin": [-3.6, -0.9, -7.2], "size": [7.2, 7.7, 4], "pivot": [0, 4.7, -5.2], "rotation": [-58.5, 0, 0], "uv": [0, 17]},
						{"origin": [-3.4, -2.9, -11.6], "size": [6.7, 6.9, 2.9], "pivot": [0, 1.9, -10.7], "rotation": [-87.5, 0, 0], "uv": [3, 19]}
					]
				}
			]
		}
	]
}