{
	"format_version": "1.12.0",
	"minecraft:geometry": [
		{
			"description": {
				"identifier": "geometry.unknown",
				"texture_width": 64,
				"texture_height": 64,
				"visible_bounds_width": 2,
				"visible_bounds_height": 3.5,
				"visible_bounds_offset": [0, 1.25, 0]
			},
			"bones": [
				{
					"name": "bipedHead",
					"pivot": [0, 24, 0]
				},
				{
					"name": "bone3",
					"parent": "bipedHead",
					"pivot": [0, 23.25, 0],
					"cubes": [
						{"origin": [1.35, 31.25, -1], "size": [2.4, 2, 1], "pivot": [0, 23.25, 0], "rotation": [0, 0, 5], "uv": [0, 42]},
						{"origin": [2.25, 33.25, -1], "size": [1.5, 1.5, 1], "pivot": [0, 23.25, 0], "rotation": [0, 0, 5], "uv": [0, 40]},
						{"origin": [-3.75, 33.25, -1], "size": [1.5, 1.5, 1], "pivot": [0, 23.25, 0], "rotation": [0, 0, -5], "uv": [0, 40], "mirror": true},
						{"origin": [-3.75, 31.25, -1], "size": [2.4, 2, 1], "pivot": [0, 23.25, 0], "rotation": [0, 0, -5], "uv": [0, 42], "mirror": true}
					]
				},
				{
					"name": "bipedHeadwear",
					"pivot": [0, 24, 0]
				},
				{
					"name": "bipedBody",
					"pivot": [0, 24, 0]
				},
				{
					"name": "tail",
					"parent": "bipedBody",
					"pivot": [0, 24, 0],
					"cubes": [
						{"origin": [-0.5, 12, -5], "size": [1, 1, 3], "uv": [37, 44]},
						{"origin": [-0.8, 11.8, -5], "size": [1.6, 1.5, 3], "uv": [29, 44]},
						{"origin": [-0.5, 11.25, -2.75], "size": [1, 1, 3], "pivot": [0, 24, 0], "rotation": [-25.08377, 4.53051, -2.11751], "uv": [37, 44]},
						{"origin": [-0.75, 11, -2.75], "size": [1.5, 1.5, 3], "pivot": [0, 24, 0], "rotation": [-25.08377, 4.53051, -2.11751], "uv": [29, 44]},
						{"origin": [-1, 11.25, -0.75], "size": [1, 1, 2], "pivot": [0, 24, 0], "rotation": [-42.93717, 7.35559, -6.79333], "uv": [38, 45]},
						{"origin": [-1.1, 11.15, -0.75], "size": [1.2, 1.2, 2], "pivot": [0, 24, 0], "rotation": [-42.93717, 7.35559, -6.79333], "uv": [30, 45]}
					]
				},
				{
					"name": "bipedRightArm",
					"pivot": [5, 22, 0]
				},
				{
					"name": "bone2",
					"parent": "bipedRightArm",
					"pivot": [5, 23, -0.3],
					"cubes": [
						{
							"origin": [4, 12.25, 1.2],
							"size": [4, 1, 1],
							"uv": {
								"north": {"uv": [38.98129, 13.30401], "uv_size": [-5.59273, 2.10648]},
								"east": {"uv": [42.26891, 15.46451], "uv_size": [-1.39818, 2.10648]},
								"south": {"uv": [40.55582, 15.46451], "uv_size": [-5.59273, 2.10648]},
								"west": {"uv": [34.64818, 15.46451], "uv_size": [-1.39818, 2.10648]},
								"up": {"uv": [44.64959, 13.25], "uv_size": [-5.59273, 2.10648]},
								"down": {"uv": [47.975, 17.625], "uv_size": [-5.59273, -2.10648]}
							}
						},
						{
							"origin": [4.55, 11, 4.35],
							"size": [0.5, 1, 0.5],
							"pivot": [5, 23, -0.3],
							"rotation": [-10, 0, 0],
							"uv": {
								"north": {"uv": [56.5, 13.5], "uv_size": [-2.5, 2.25]},
								"east": {"uv": [56.25, 22.5], "uv_size": [-2.5, 2.25]},
								"south": {"uv": [54, 18], "uv_size": [-2.75, 2.25]},
								"west": {"uv": [51.25, 20.25], "uv_size": [-2.75, 2.25]},
								"up": {"uv": [45.25, 24.75], "uv_size": [3, -2.25]},
								"down": {"uv": [53.75, 29.25], "uv_size": [2.5, -2]}
							}
						},
						{
							"origin": [5.8, 11, 4.35],
							"size": [0.5, 1, 0.5],
							"pivot": [5, 23, -0.3],
							"rotation": [-10, 0, 0],
							"uv": {
								"north": {"uv": [59, 13.5], "uv_size": [-5, 2.25]},
								"east": {"uv": [56.25, 22.5], "uv_size": [-2.5, 2.25]},
								"south": {"uv": [54, 18], "uv_size": [-2.75, 2.25]},
								"west": {"uv": [51.25, 20.25], "uv_size": [-2.75, 2.25]},
								"up": {"uv": [45.25, 24.75], "uv_size": [3, -2.25]},
								"down": {"uv": [53.75, 29.25], "uv_size": [2.5, -2]}
							}
						},
						{
							"origin": [7.05, 11, 4.35],
							"size": [0.5, 1, 0.5],
							"pivot": [5, 23, -0.3],
							"rotation": [-10, 0, 0],
							"uv": {
								"north": {"uv": [56.5, 13.5], "uv_size": [-2.5, 2.25]},
								"east": {"uv": [56.25, 22.5], "uv_size": [-2.5, 2.25]},
								"south": {"uv": [54, 18], "uv_size": [-2.75, 2.25]},
								"west": {"uv": [51.25, 20.25], "uv_size": [-2.75, 2.25]},
								"up": {"uv": [45.25, 24.75], "uv_size": [3, -2.25]},
								"down": {"uv": [53.75, 29.25], "uv_size": [2.5, -2]}
							}
						},
						{
							"origin": [4.3, 11, 1.7],
							"size": [1, 1.75, 1],
							"uv": {
								"north": {"uv": [56.5, 13.5], "uv_size": [-5.2125, 2.25]},
								"east": {"uv": [53.9625, 20.25], "uv_size": [-5.4625, 2.25]},
								"south": {"uv": [59.425, 18], "uv_size": [-5.4625, 2.25]},
								"west": {"uv": [53.5375, 22.5], "uv_size": [-5.2125, 2.25]},
								"up": {"uv": [48.25, 20.25], "uv_size": [-5.7125, 4.5]},
								"down": {"uv": [58.9625, 29.25], "uv_size": [-5.2125, -4.25]}
							}
						},
						{
							"origin": [5.55, 11, 1.7],
							"size": [1, 1.75, 1],
							"uv": {
								"north": {"uv": [56.5, 13.5], "uv_size": [-5.2125, 2.25]},
								"east": {"uv": [53.9625, 20.25], "uv_size": [-5.4625, 2.25]},
								"south": {"uv": [59.425, 18], "uv_size": [-5.4625, 2.25]},
								"west": {"uv": [53.5375, 22.5], "uv_size": [-5.2125, 2.25]},
								"up": {"uv": [48.25, 20.25], "uv_size": [-5.7125, 4.5]},
								"down": {"uv": [58.9625, 29.25], "uv_size": [-5.2125, -4.25]}
							}
						},
						{
							"origin": [6.8, 11, 1.7],
							"size": [1, 1.75, 1],
							"uv": {
								"north": {"uv": [56.5, 13.5], "uv_size": [-5.2125, 2.25]},
								"east": {"uv": [53.9625, 20.25], "uv_size": [-5.4625, 2.25]},
								"south": {"uv": [59.425, 18], "uv_size": [-5.4625, 2.25]},
								"west": {"uv": [53.5375, 22.5], "uv_size": [-5.2125, 2.25]},
								"up": {"uv": [48.25, 20.25], "uv_size": [-5.7125, 4.5]},
								"down": {"uv": [58.9625, 29.25], "uv_size": [-5.2125, -4.25]}
							}
						}
					]
				},
				{
					"name": "bipedLeftArm",
					"pivot": [-5, 22, 0]
				},
				{
					"name": "bone",
					"parent": "bipedLeftArm",
					"pivot": [-5, 23, -0.3],
					"cubes": [
						{
							"origin": [-8, 12.25, 1.2],
							"size": [4, 1, 1],
							"uv": {
								"north": {"uv": [33.38856, 13.30401], "uv_size": [5.59273, 2.10648]},
								"east": {"uv": [33.25, 15.46451], "uv_size": [1.39818, 2.10648]},
								"south": {"uv": [34.96309, 15.46451], "uv_size": [5.59273, 2.10648]},
								"west": {"uv": [40.87072, 15.46451], "uv_size": [1.39818, 2.10648]},
								"up": {"uv": [39.05686, 13.25], "uv_size": [5.59273, 2.10648]},
								"down": {"uv": [42.38227, 17.625], "uv_size": [5.59273, -2.10648]}
							}
						},
						{
							"origin": [-5.3, 11, 1.7],
							"size": [1, 1.75, 1],
							"uv": {
								"north": {"uv": [51.2875, 13.5], "uv_size": [5.2125, 2.25]},
								"east": {"uv": [48.325, 22.5], "uv_size": [5.2125, 2.25]},
								"south": {"uv": [53.9625, 18], "uv_size": [5.4625, 2.25]},
								"west": {"uv": [48.5, 20.25], "uv_size": [5.4625, 2.25]},
								"up": {"uv": [42.5375, 20.25], "uv_size": [5.7125, 4.5]},
								"down": {"uv": [53.75, 29.25], "uv_size": [5.2125, -4.25]}
							}
						},
						{
							"origin": [-6.55, 11, 1.7],
							"size": [1, 1.75, 1],
							"uv": {
								"north": {"uv": [51.2875, 13.5], "uv_size": [5.2125, 2.25]},
								"east": {"uv": [48.325, 22.5], "uv_size": [5.2125, 2.25]},
								"south": {"uv": [53.9625, 18], "uv_size": [5.4625, 2.25]},
								"west": {"uv": [48.5, 20.25], "uv_size": [5.4625, 2.25]},
								"up": {"uv": [42.5375, 20.25], "uv_size": [5.7125, 4.5]},
								"down": {"uv": [53.75, 29.25], "uv_size": [5.2125, -4.25]}
							}
						},
						{
							"origin": [-7.8, 11, 1.7],
							"size": [1, 1.75, 1],
							"uv": {
								"north": {"uv": [51.2875, 13.5], "uv_size": [5.2125, 2.25]},
								"east": {"uv": [48.325, 22.5], "uv_size": [5.2125, 2.25]},
								"south": {"uv": [53.9625, 18], "uv_size": [5.4625, 2.25]},
								"west": {"uv": [48.5, 20.25], "uv_size": [5.4625, 2.25]},
								"up": {"uv": [42.5375, 20.25], "uv_size": [5.7125, 4.5]},
								"down": {"uv": [53.75, 29.25], "uv_size": [5.2125, -4.25]}
							}
						},
						{
							"origin": [-7.55, 11, 4.35],
							"size": [0.5, 1, 0.5],
							"pivot": [-5, 23, -0.3],
							"rotation": [-10, 0, 0],
							"uv": {
								"north": {"uv": [54, 13.5], "uv_size": [2.5, 2.25]},
								"east": {"uv": [48.5, 20.25], "uv_size": [2.75, 2.25]},
								"south": {"uv": [51.25, 18], "uv_size": [2.75, 2.25]},
								"west": {"uv": [53.75, 22.5], "uv_size": [2.5, 2.25]},
								"up": {"uv": [48.25, 24.75], "uv_size": [-3, -2.25]},
								"down": {"uv": [56.25, 29.25], "uv_size": [-2.5, -2]}
							}
						},
						{
							"origin": [-6.3, 11, 4.35],
							"size": [0.5, 1, 0.5],
							"pivot": [-5, 23, -0.3],
							"rotation": [-10, 0, 0],
							"uv": {
								"north": {"uv": [54, 13.5], "uv_size": [5, 2.25]},
								"east": {"uv": [48.5, 20.25], "uv_size": [2.75, 2.25]},
								"south": {"uv": [51.25, 18], "uv_size": [2.75, 2.25]},
								"west": {"uv": [53.75, 22.5], "uv_size": [2.5, 2.25]},
								"up": {"uv": [48.25, 24.75], "uv_size": [-3, -2.25]},
								"down": {"uv": [56.25, 29.25], "uv_size": [-2.5, -2]}
							}
						},
						{
							"origin": [-5.05, 11, 4.35],
							"size": [0.5, 1, 0.5],
							"pivot": [-5, 23, -0.3],
							"rotation": [-10, 0, 0],
							"uv": {
								"north": {"uv": [54, 13.5], "uv_size": [2.5, 2.25]},
								"east": {"uv": [48.5, 20.25], "uv_size": [2.75, 2.25]},
								"south": {"uv": [51.25, 18], "uv_size": [2.75, 2.25]},
								"west": {"uv": [53.75, 22.5], "uv_size": [2.5, 2.25]},
								"up": {"uv": [48.25, 24.75], "uv_size": [-3, -2.25]},
								"down": {"uv": [56.25, 29.25], "uv_size": [-2.5, -2]}
							}
						}
					]
				},
				{
					"name": "bipedRightLeg",
					"pivot": [1.9, 12, 0],
					"mirror": true
				},
				{
					"name": "bipedLeftLeg",
					"pivot": [-1.9, 12, 0]
				}
			]
		}
	]
}