{
  "profession": "minecraft:armorer",
  "removeOtherTrades": true,
  "maxTrades": 2,
  "trades": [
    {
      "offer": {
        "itemKey": "minecraft:emerald",
        "amount": 1,
        "priceModifier": 0
      },
      "request": {
        "itemKey": "minecraft:coal",
        "amount": 15,
        "priceModifier": 0
      },
      "tradeExp": 2,
      "maxUses": 16,
      "priceMultiplier": 0.05,
      "demand": 0,
      "tradeLevel": 1,
      "UTID": "minecraft:armorer_emerald_for_coal"
    },
    {
      "offer": {
        "itemKey": "minecraft:iron_leggings",
        "amount": 1,
        "priceModifier": 0,
        "advancedNBTData": "{Damage:0}"
      },
      "request": {
        "itemKey": "minecraft:emerald",
        "amount": 7,
        "priceModifier": 0
      },
      "tradeExp": 1,
      "maxUses": 12,
      "priceMultiplier": 0.2,
      "demand": 0,
      "tradeLevel": 1,
      "UTID": "minecraft:armorer_iron_leggings_for_emerald"
    },
    {
      "offer": {
        "itemKey": "minecraft:iron_boots",
        "amount": 1,
        "priceModifier": 0,
        "advancedNBTData": "{Damage:0}"
      },
      "request": {
        "itemKey": "minecraft:emerald",
        "amount": 4,
        "priceModifier": 0
      },
      "tradeExp": 1,
      "maxUses": 12,
      "priceMultiplier": 0.2,
      "demand": 0,
      "tradeLevel": 1,
      "UTID": "minecraft:armorer_iron_boots_for_emerald"
    },
    {
      "offer": {
        "itemKey": "minecraft:iron_helmet",
        "amount": 1,
        "priceModifier": 0,
        "advancedNBTData": "{Damage:0}"
      },
      "request": {
        "itemKey": "minecraft:emerald",
        "amount": 5,
        "priceModifier": 0
      },
      "tradeExp": 1,
      "maxUses": 12,
      "priceMultiplier": 0.2,
      "demand": 0,
      "tradeLevel": 1,
      "UTID": "minecraft:armorer_iron_helmet_for_emerald"
    },
    {
      "offer": {
        "itemKey": "minecraft:iron_chestplate",
        "amount": 1,
        "priceModifier": 0,
        "advancedNBTData": "{Damage:0}"
      },
      "request": {
        "itemKey": "minecraft:emerald",
        "amount": 9,
        "priceModifier": 0
      },
      "tradeExp": 1,
      "maxUses": 12,
      "priceMultiplier": 0.2,
      "demand": 0,
      "tradeLevel": 1,
      "UTID": "minecraft:armorer_iron_chestplate_for_emerald"
    },
    {
      "offer": {
        "itemKey": "minecraft:emerald",
        "amount": 1,
        "priceModifier": 0
      },
      "request": {
        "itemKey": "minecraft:iron_ingot",
        "amount": 4,
        "priceModifier": 0
      },
      "tradeExp": 10,
      "maxUses": 12,
      "priceMultiplier": 0.05,
      "demand": 0,
      "tradeLevel": 2,
      "UTID": "minecraft:armorer_emerald_for_iron_ingot"
    },
    {
      "offer": {
        "itemKey": "minecraft:bell",
        "amount": 1,
        "priceModifier": 0
      },
      "request": {
        "itemKey": "minecraft:emerald",
        "amount": 36,
        "priceModifier": 0
      },
      "tradeExp": 5,
      "maxUses": 12,
      "priceMultiplier": 0.2,
      "demand": 0,
      "tradeLevel": 2,
      "UTID": "minecraft:armorer_bell_for_emerald"
    },
    {
      "offer": {
        "itemKey": "minecraft:chainmail_boots",
        "amount": 1,
        "priceModifier": 0,
        "advancedNBTData": "{Damage:0}"
      },
      "request": {
        "itemKey": "minecraft:emerald",
        "amount": 1,
        "priceModifier": 0
      },
      "tradeExp": 5,
      "maxUses": 12,
      "priceMultiplier": 0.2,
      "demand": 0,
      "tradeLevel": 2,
      "UTID": "minecraft:armorer_chainmail_boots_for_emerald"
    },
    {
      "offer": {
        "itemKey": "minecraft:chainmail_leggings",
        "amount": 1,
        "priceModifier": 0,
        "advancedNBTData": "{Damage:0}"
      },
      "request": {
        "itemKey": "minecraft:emerald",
        "amount": 3,
        "priceModifier": 0
      },
      "tradeExp": 5,
      "maxUses": 12,
      "priceMultiplier": 0.2,
      "demand": 0,
      "tradeLevel": 2,
      "UTID": "minecraft:armorer_chainmail_leggings_for_emerald"
    },
    {
      "offer": {
        "itemKey": "minecraft:emerald",
        "amount": 1,
        "priceModifier": 0
      },
      "request": {
        "itemKey": "minecraft:lava_bucket",
        "amount": 1,
        "priceModifier": 0
      },
      "tradeExp": 20,
      "maxUses": 12,
      "priceMultiplier": 0.05,
      "demand": 0,
      "tradeLevel": 3,
      "UTID": "minecraft:armorer_emerald_for_lava_bucket"
    },
    {
      "offer": {
        "itemKey": "minecraft:emerald",
        "amount": 1,
        "priceModifier": 0
      },
      "request": {
        "itemKey": "minecraft:diamond",
        "amount": 1,
        "priceModifier": 0
      },
      "tradeExp": 20,
      "maxUses": 12,
      "priceMultiplier": 0.05,
      "demand": 0,
      "tradeLevel": 3,
      "UTID": "minecraft:armorer_emerald_for_diamond"
    },
    {
      "offer": {
        "itemKey": "minecraft:chainmail_helmet",
        "amount": 1,
        "priceModifier": 0,
        "advancedNBTData": "{Damage:0}"
      },
      "request": {
        "itemKey": "minecraft:emerald",
        "amount": 1,
        "priceModifier": 0
      },
      "tradeExp": 10,
      "maxUses": 12,
      "priceMultiplier": 0.2,
      "demand": 0,
      "tradeLevel": 3,
      "UTID": "minecraft:armorer_chainmail_helmet_for_emerald"
    },
    {
      "offer": {
        "itemKey": "minecraft:chainmail_chestplate",
        "amount": 1,
        "priceModifier": 0,
        "advancedNBTData": "{Damage:0}"
      },
      "request": {
        "itemKey": "minecraft:emerald",
        "amount": 4,
        "priceModifier": 0
      },
      "tradeExp": 10,
      "maxUses": 12,
      "priceMultiplier": 0.2,
      "demand": 0,
      "tradeLevel": 3,
      "UTID": "minecraft:armorer_chainmail_chestplate_for_emerald"
    },
    {
      "offer": {
        "itemKey": "minecraft:shield",
        "amount": 1,
        "priceModifier": 0,
        "advancedNBTData": "{Damage:0}"
      },
      "request": {
        "itemKey": "minecraft:emerald",
        "amount": 5,
        "priceModifier": 0
      },
      "tradeExp": 10,
      "maxUses": 12,
      "priceMultiplier": 0.2,
      "demand": 0,
      "tradeLevel": 3,
      "UTID": "minecraft:armorer_shield_for_emerald"
    },
    {
      "offer": {
        "itemKey": "minecraft:diamond_leggings",
        "amount": 1,
        "priceModifier": 0,
        "advancedNBTData": "{Damage:0,Enchantments:[{id:\"minecraft:protection\",lvl:1s}]}"
      },
      "request": {
        "itemKey": "minecraft:emerald",
        "amount": 20,
        "priceModifier": 0
      },
      "tradeExp": 15,
      "maxUses": 1,
      "priceMultiplier": 0.2,
      "demand": 0,
      "tradeLevel": 4,
      "UTID": "minecraft:armorer_diamond_leggings_for_emerald"
    },
    {
      "offer": {
        "itemKey": "minecraft:diamond_boots",
        "amount": 1,
        "priceModifier": 0,
        "advancedNBTData": "{Damage:0,Enchantments:[{id:\"minecraft:protection\",lvl:2s}]}"
      },
      "request": {
        "itemKey": "minecraft:emerald",
        "amount": 22,
        "priceModifier": 0
      },
      "tradeExp": 15,
      "maxUses": 1,
      "priceMultiplier": 0.2,
      "demand": 0,
      "tradeLevel": 4,
      "UTID": "minecraft:armorer_diamond_boots_for_emerald"
    },
    {
      "offer": {
        "itemKey": "minecraft:diamond_helmet",
        "amount": 1,
        "priceModifier": 0,
        "advancedNBTData": "{Damage:0,Enchantments:[{id:\"minecraft:protection\",lvl:2s}]}"
      },
      "request": {
        "itemKey": "minecraft:emerald",
        "amount": 25,
        "priceModifier": 0
      },
      "tradeExp": 30,
      "maxUses": 1,
      "priceMultiplier": 0.2,
      "demand": 0,
      "tradeLevel": 5,
      "UTID": "minecraft:armorer_diamond_helmet_for_emerald"
    },
    {
      "offer": {
        "itemKey": "minecraft:diamond_chestplate",
        "amount": 1,
        "priceModifier": 0,
        "advancedNBTData": "{Damage:0,Enchantments:[{id:\"minecraft:unbreaking\",lvl:1s}]}"
      },
      "request": {
        "itemKey": "minecraft:emerald",
        "amount": 21,
        "priceModifier": 0
      },
      "tradeExp": 30,
      "maxUses": 1,
      "priceMultiplier": 0.2,
      "demand": 0,
      "tradeLevel": 5,
      "UTID": "minecraft:armorer_diamond_chestplate_for_emerald"
    }
  ]
}