{
  "profession": "minecraft:butcher",
  "removeOtherTrades": true,
  "maxTrades": 2,
  "trades": [
    {
      "offer": {
        "itemKey": "minecraft:emerald",
        "amount": 1,
        "priceModifier": 0
      },
      "request": {
        "itemKey": "minecraft:chicken",
        "amount": 14,
        "priceModifier": 0
      },
      "tradeExp": 2,
      "maxUses": 16,
      "priceMultiplier": 0.05,
      "demand": 0,
      "tradeLevel": 1,
      "UTID": "minecraft:butcher_emerald_for_chicken"
    },
    {
      "offer": {
        "itemKey": "minecraft:emerald",
        "amount": 1,
        "priceModifier": 0
      },
      "request": {
        "itemKey": "minecraft:porkchop",
        "amount": 7,
        "priceModifier": 0
      },
      "tradeExp": 2,
      "maxUses": 16,
      "priceMultiplier": 0.05,
      "demand": 0,
      "tradeLevel": 1,
      "UTID": "minecraft:butcher_emerald_for_porkchop"
    },
    {
      "offer": {
        "itemKey": "minecraft:emerald",
        "amount": 1,
        "priceModifier": 0
      },
      "request": {
        "itemKey": "minecraft:rabbit",
        "amount": 4,
        "priceModifier": 0
      },
      "tradeExp": 2,
      "maxUses": 16,
      "priceMultiplier": 0.05,
      "demand": 0,
      "tradeLevel": 1,
      "UTID": "minecraft:butcher_emerald_for_rabbit"
    },
    {
      "offer": {
        "itemKey": "minecraft:rabbit_stew",
        "amount": 1,
        "priceModifier": 0
      },
      "request": {
        "itemKey": "minecraft:emerald",
        "amount": 1,
        "priceModifier": 0
      },
      "tradeExp": 1,
      "maxUses": 12,
      "priceMultiplier": 0.05,
      "demand": 0,
      "tradeLevel": 1,
      "UTID": "minecraft:butcher_rabbit_stew_for_emerald"
    },
    {
      "offer": {
        "itemKey": "minecraft:emerald",
        "amount": 1,
        "priceModifier": 0
      },
      "request": {
        "itemKey": "everythingisedibleeie:raw_horse_meat",
        "amount": 4,
        "priceModifier": 0
      },
      "tradeExp": 2,
      "maxUses": 16,
      "priceMultiplier": 0.05,
      "demand": 0,
      "tradeLevel": 1,
      "UTID": "minecraft:butcher_emerald_for_raw_horse_meat"
    },
    {
      "offer": {
        "itemKey": "minecraft:emerald",
        "amount": 1,
        "priceModifier": 0
      },
      "request": {
        "itemKey": "everythingisedibleeie:raw_creeper",
        "amount": 3,
        "priceModifier": 0
      },
      "tradeExp": 3,
      "maxUses": 16,
      "priceMultiplier": 0.05,
      "demand": 0,
      "tradeLevel": 1,
      "UTID": "minecraft:butcher_emerald_for_raw_creeper"
    },
    {
      "offer": {
        "itemKey": "minecraft:emerald",
        "amount": 1,
        "priceModifier": 0
      },
      "request": {
        "itemKey": "everythingisedibleeie:raw_spider_meat",
        "amount": 5,
        "priceModifier": 0
      },
      "tradeExp": 3,
      "maxUses": 16,
      "priceMultiplier": 0.05,
      "demand": 0,
      "tradeLevel": 1,
      "UTID": "minecraft:butcher_emerald_for_raw_spider_meat"
    },
    {
      "offer": {
        "itemKey": "everythingisedibleeie:spider_goulash",
        "amount": 1,
        "priceModifier": 0
      },
      "request": {
        "itemKey": "minecraft:emerald",
        "amount": 1,
        "priceModifier": 0
      },
      "additionalRequest": {
        "itemKey": "everythingisedibleeie:cooked_spider_meat",
        "amount": 1,
        "priceModifier": 0
      },
      "tradeExp": 1,
      "maxUses": 32,
      "priceMultiplier": 0.05,
      "demand": 0,
      "tradeLevel": 1,
      "UTID": "minecraft:butcher_spider_goulash_for_emerald_and_cooked_spider_meat"
    },
    {
      "offer": {
        "itemKey": "minecraft:emerald",
        "amount": 1,
        "priceModifier": 0
      },
      "request": {
        "itemKey": "minecraft:coal",
        "amount": 15,
        "priceModifier": 0
      },
      "tradeExp": 2,
      "maxUses": 16,
      "priceMultiplier": 0.05,
      "demand": 0,
      "tradeLevel": 2,
      "UTID": "minecraft:butcher_emerald_for_coal"
    },
    {
      "offer": {
        "itemKey": "minecraft:cooked_porkchop",
        "amount": 5,
        "priceModifier": 0
      },
      "request": {
        "itemKey": "minecraft:emerald",
        "amount": 1,
        "priceModifier": 0
      },
      "tradeExp": 5,
      "maxUses": 16,
      "priceMultiplier": 0.05,
      "demand": 0,
      "tradeLevel": 2,
      "UTID": "minecraft:butcher_cooked_porkchop_for_emerald"
    },
    {
      "offer": {
        "itemKey": "minecraft:cooked_chicken",
        "amount": 8,
        "priceModifier": 0
      },
      "request": {
        "itemKey": "minecraft:emerald",
        "amount": 1,
        "priceModifier": 0
      },
      "tradeExp": 5,
      "maxUses": 16,
      "priceMultiplier": 0.05,
      "demand": 0,
      "tradeLevel": 2,
      "UTID": "minecraft:butcher_cooked_chicken_for_emerald"
    },
    {
      "offer": {
        "itemKey": "everythingisedibleeie:cooked_horse_meat",
        "amount": 3,
        "priceModifier": 0
      },
      "request": {
        "itemKey": "minecraft:emerald",
        "amount": 1,
        "priceModifier": 0
      },
      "additionalRequest": {
        "itemKey": "everythingisedibleeie:raw_horse_meat",
        "amount": 3,
        "priceModifier": 0
      },
      "tradeExp": 2,
      "maxUses": 16,
      "priceMultiplier": 0.05,
      "demand": 0,
      "tradeLevel": 2,
      "UTID": "minecraft:butcher_cooked_horse_meat_for_emerald_and_raw_horse_meat"
    },
    {
      "offer": {
        "itemKey": "everythingisedibleeie:cooked_creeper_meat",
        "amount": 2,
        "priceModifier": 0
      },
      "request": {
        "itemKey": "minecraft:emerald",
        "amount": 1,
        "priceModifier": 0
      },
      "additionalRequest": {
        "itemKey": "everythingisedibleeie:raw_creeper",
        "amount": 2,
        "priceModifier": 0
      },
      "tradeExp": 2,
      "maxUses": 16,
      "priceMultiplier": 0.05,
      "demand": 0,
      "tradeLevel": 2,
      "UTID": "minecraft:butcher_cooked_creeper_meat_for_emerald_and_raw_creeper"
    },
    {
      "offer": {
        "itemKey": "everythingisedibleeie:cooked_spider_meat",
        "amount": 4,
        "priceModifier": 0
      },
      "request": {
        "itemKey": "minecraft:emerald",
        "amount": 1,
        "priceModifier": 0
      },
      "additionalRequest": {
        "itemKey": "everythingisedibleeie:raw_spider_meat",
        "amount": 4,
        "priceModifier": 0
      },
      "tradeExp": 2,
      "maxUses": 16,
      "priceMultiplier": 0.05,
      "demand": 0,
      "tradeLevel": 2,
      "UTID": "minecraft:butcher_cooked_spider_meat_for_emerald_and_raw_spider_meat"
    },
    {
      "offer": {
        "itemKey": "everythingisedibleeie:creeper_sasuage",
        "amount": 2,
        "priceModifier": 0
      },
      "request": {
        "itemKey": "minecraft:emerald",
        "amount": 1,
        "priceModifier": 0
      },
      "additionalRequest": {
        "itemKey": "everythingisedibleeie:cooked_creeper_meat",
        "amount": 1,
        "priceModifier": 0
      },
      "tradeExp": 2,
      "maxUses": 16,
      "priceMultiplier": 0.05,
      "demand": 0,
      "tradeLevel": 2,
      "UTID": "minecraft:butcher_creeper_sasuage_for_emerald_and_cooked_creeper_meat"
    },
    {
      "offer": {
        "itemKey": "minecraft:emerald",
        "amount": 1,
        "priceModifier": 0
      },
      "request": {
        "itemKey": "minecraft:mutton",
        "amount": 7,
        "priceModifier": 0
      },
      "tradeExp": 20,
      "maxUses": 16,
      "priceMultiplier": 0.05,
      "demand": 0,
      "tradeLevel": 3,
      "UTID": "minecraft:butcher_emerald_for_mutton"
    },
    {
      "offer": {
        "itemKey": "minecraft:emerald",
        "amount": 1,
        "priceModifier": 0
      },
      "request": {
        "itemKey": "minecraft:beef",
        "amount": 10,
        "priceModifier": 0
      },
      "tradeExp": 20,
      "maxUses": 16,
      "priceMultiplier": 0.05,
      "demand": 0,
      "tradeLevel": 3,
      "UTID": "minecraft:butcher_emerald_for_beef"
    },
    {
      "offer": {
        "itemKey": "minecraft:emerald",
        "amount": 1,
        "priceModifier": 0
      },
      "request": {
        "itemKey": "everythingisedibleeie:raw_phantom_meat",
        "amount": 3,
        "priceModifier": 0
      },
      "tradeExp": 10,
      "maxUses": 16,
      "priceMultiplier": 0.05,
      "demand": 0,
      "tradeLevel": 3,
      "UTID": "minecraft:butcher_emerald_for_raw_phantom_meat"
    },
    {
      "offer": {
        "itemKey": "minecraft:emerald",
        "amount": 1,
        "priceModifier": 0
      },
      "request": {
        "itemKey": "everythingisedibleeie:raw_strider_meat",
        "amount": 1,
        "priceModifier": 0
      },
      "tradeExp": 10,
      "maxUses": 16,
      "priceMultiplier": 0.05,
      "demand": 0,
      "tradeLevel": 3,
      "UTID": "minecraft:butcher_emerald_for_raw_strider_meat"
    },
    {
      "offer": {
        "itemKey": "minecraft:emerald",
        "amount": 1,
        "priceModifier": 0
      },
      "request": {
        "itemKey": "everythingisedibleeie:raw_goat_meat",
        "amount": 1,
        "priceModifier": 0
      },
      "tradeExp": 10,
      "maxUses": 16,
      "priceMultiplier": 0.05,
      "demand": 0,
      "tradeLevel": 3,
      "UTID": "minecraft:butcher_emerald_for_raw_goat_meat"
    },
    {
      "offer": {
        "itemKey": "minecraft:emerald",
        "amount": 1,
        "priceModifier": 0
      },
      "request": {
        "itemKey": "everythingisedibleeie:raw_llama_meat",
        "amount": 4,
        "priceModifier": 0
      },
      "tradeExp": 10,
      "maxUses": 16,
      "priceMultiplier": 0.05,
      "demand": 0,
      "tradeLevel": 3,
      "UTID": "minecraft:butcher_emerald_for_raw_llama_meat"
    },
    {
      "offer": {
        "itemKey": "everythingisedibleeie:chicken_jelly",
        "amount": 1,
        "priceModifier": 0
      },
      "request": {
        "itemKey": "minecraft:emerald",
        "amount": 3,
        "priceModifier": 0
      },
      "additionalRequest": {
        "itemKey": "minecraft:cooked_chicken",
        "amount": 1,
        "priceModifier": 0
      },
      "tradeExp": 10,
      "maxUses": 16,
      "priceMultiplier": 0.05,
      "demand": 0,
      "tradeLevel": 3,
      "UTID": "minecraft:butcher_chicken_jelly_for_emerald_and_cooked_chicken"
    },
    {
      "offer": {
        "itemKey": "everythingisedibleeie:horse_sasuage",
        "amount": 2,
        "priceModifier": 0
      },
      "request": {
        "itemKey": "minecraft:emerald",
        "amount": 2,
        "priceModifier": 0
      },
      "additionalRequest": {
        "itemKey": "everythingisedibleeie:cooked_horse_meat",
        "amount": 1,
        "priceModifier": 0
      },
      "tradeExp": 10,
      "maxUses": 16,
      "priceMultiplier": 0.05,
      "demand": 0,
      "tradeLevel": 3,
      "UTID": "minecraft:butcher_horse_sasuage_for_emerald_and_cooked_horse_meat"
    },
    {
      "offer": {
        "itemKey": "everythingisedibleeie:minced_turtle_with_seagrass",
        "amount": 1,
        "priceModifier": 0
      },
      "request": {
        "itemKey": "minecraft:emerald",
        "amount": 3,
        "priceModifier": 0
      },
      "additionalRequest": {
        "itemKey": "everythingisedibleeie:minced_cooked_turtle",
        "amount": 1,
        "priceModifier": 0
      },
      "tradeExp": 10,
      "maxUses": 16,
      "priceMultiplier": 0.05,
      "demand": 0,
      "tradeLevel": 3,
      "UTID": "minecraft:butcher_minced_turtle_with_seagrass_for_emerald_and_minced_cooked_turtle"
    },
    {
      "offer": {
        "itemKey": "everythingisedibleeie:butchers_knife",
        "amount": 1,
        "priceModifier": 0,
        "advancedNBTData": "{Damage:0}"
      },
      "request": {
        "itemKey": "minecraft:emerald",
        "amount": 10,
        "priceModifier": 0
      },
      "tradeExp": 10,
      "maxUses": 16,
      "priceMultiplier": 0.05,
      "demand": 0,
      "tradeLevel": 3,
      "UTID": "minecraft:butcher_butchers_knife_for_emerald"
    },
    {
      "offer": {
        "itemKey": "minecraft:emerald",
        "amount": 1,
        "priceModifier": 0
      },
      "request": {
        "itemKey": "minecraft:dried_kelp_block",
        "amount": 10,
        "priceModifier": 0
      },
      "tradeExp": 30,
      "maxUses": 12,
      "priceMultiplier": 0.05,
      "demand": 0,
      "tradeLevel": 4,
      "UTID": "minecraft:butcher_emerald_for_dried_kelp_block"
    },
    {
      "offer": {
        "itemKey": "minecraft:emerald",
        "amount": 1,
        "priceModifier": 0
      },
      "request": {
        "itemKey": "everythingisedibleeie:raw_bat_meat",
        "amount": 3,
        "priceModifier": 0
      },
      "tradeExp": 15,
      "maxUses": 12,
      "priceMultiplier": 0.05,
      "demand": 0,
      "tradeLevel": 4,
      "UTID": "minecraft:butcher_emerald_for_raw_bat_meat"
    },
    {
      "offer": {
        "itemKey": "minecraft:emerald",
        "amount": 1,
        "priceModifier": 0
      },
      "request": {
        "itemKey": "everythingisedibleeie:raw_turtle_meat",
        "amount": 2,
        "priceModifier": 0
      },
      "tradeExp": 15,
      "maxUses": 12,
      "priceMultiplier": 0.05,
      "demand": 0,
      "tradeLevel": 4,
      "UTID": "minecraft:butcher_emerald_for_raw_turtle_meat"
    },
    {
      "offer": {
        "itemKey": "minecraft:emerald",
        "amount": 2,
        "priceModifier": 0
      },
      "request": {
        "itemKey": "everythingisedibleeie:raw_axolotl_meat",
        "amount": 1,
        "priceModifier": 0
      },
      "tradeExp": 15,
      "maxUses": 12,
      "priceMultiplier": 0.05,
      "demand": 0,
      "tradeLevel": 4,
      "UTID": "minecraft:butcher_emerald_for_raw_axolotl_meat"
    },
    {
      "offer": {
        "itemKey": "minecraft:emerald",
        "amount": 1,
        "priceModifier": 0
      },
      "request": {
        "itemKey": "everythingisedibleeie:raw_parrot_meat",
        "amount": 1,
        "priceModifier": 0
      },
      "tradeExp": 15,
      "maxUses": 12,
      "priceMultiplier": 0.05,
      "demand": 0,
      "tradeLevel": 4,
      "UTID": "minecraft:butcher_emerald_for_raw_parrot_meat"
    },
    {
      "offer": {
        "itemKey": "minecraft:emerald",
        "amount": 5,
        "priceModifier": 0
      },
      "request": {
        "itemKey": "everythingisedibleeie:raw_panda_meat",
        "amount": 1,
        "priceModifier": 0
      },
      "tradeExp": 15,
      "maxUses": 12,
      "priceMultiplier": 0.05,
      "demand": 0,
      "tradeLevel": 4,
      "UTID": "minecraft:butcher_emerald_for_raw_panda_meat"
    },
    {
      "offer": {
        "itemKey": "minecraft:emerald",
        "amount": 3,
        "priceModifier": 0
      },
      "request": {
        "itemKey": "everythingisedibleeie:raw_dolphin_meat",
        "amount": 1,
        "priceModifier": 0
      },
      "tradeExp": 15,
      "maxUses": 12,
      "priceMultiplier": 0.05,
      "demand": 0,
      "tradeLevel": 4,
      "UTID": "minecraft:butcher_emerald_for_raw_dolphin_meat"
    },
    {
      "offer": {
        "itemKey": "minecraft:emerald",
        "amount": 2,
        "priceModifier": 0
      },
      "request": {
        "itemKey": "everythingisedibleeie:raw_bear_meat",
        "amount": 1,
        "priceModifier": 0
      },
      "tradeExp": 15,
      "maxUses": 12,
      "priceMultiplier": 0.05,
      "demand": 0,
      "tradeLevel": 4,
      "UTID": "minecraft:butcher_emerald_for_raw_bear_meat"
    },
    {
      "offer": {
        "itemKey": "minecraft:emerald",
        "amount": 10,
        "priceModifier": 0
      },
      "request": {
        "itemKey": "everythingisedibleeie:raw_shulker_meat",
        "amount": 1,
        "priceModifier": 0
      },
      "tradeExp": 15,
      "maxUses": 16,
      "priceMultiplier": 0.05,
      "demand": 0,
      "tradeLevel": 4,
      "UTID": "minecraft:butcher_emerald_for_raw_shulker_meat"
    },
    {
      "offer": {
        "itemKey": "minecraft:emerald",
        "amount": 19,
        "priceModifier": 0
      },
      "request": {
        "itemKey": "everythingisedibleeie:raw_dolphin_meat",
        "amount": 5,
        "priceModifier": 0
      },
      "additionalRequest": {
        "itemKey": "everythingisedibleeie:raw_turtle_meat",
        "amount": 5,
        "priceModifier": 0
      },
      "tradeExp": 15,
      "maxUses": 16,
      "priceMultiplier": 0.05,
      "demand": 0,
      "tradeLevel": 4,
      "UTID": "minecraft:butcher_emerald_for_raw_dolphin_meat_and_raw_turtle_meat"
    },
    {
      "offer": {
        "itemKey": "everythingisedibleeie:dried_dolphin_with_dried_kelp",
        "amount": 1,
        "priceModifier": 0
      },
      "request": {
        "itemKey": "minecraft:emerald",
        "amount": 3,
        "priceModifier": 0
      },
      "additionalRequest": {
        "itemKey": "everythingisedibleeie:cooked_dolphin_meat",
        "amount": 1,
        "priceModifier": 0
      },
      "tradeExp": 15,
      "maxUses": 16,
      "priceMultiplier": 0.05,
      "demand": 0,
      "tradeLevel": 4,
      "UTID": "minecraft:butcher_dried_dolphin_with_dried_kelp_for_emerald_and_cooked_dolphin_meat"
    },
    {
      "offer": {
        "itemKey": "everythingisedibleeie:parrot_dipped_in_honey",
        "amount": 1,
        "priceModifier": 0
      },
      "request": {
        "itemKey": "minecraft:emerald",
        "amount": 10,
        "priceModifier": 0
      },
      "tradeExp": 15,
      "maxUses": 16,
      "priceMultiplier": 0.05,
      "demand": 0,
      "tradeLevel": 4,
      "UTID": "minecraft:butcher_parrot_dipped_in_honey_for_emerald"
    },
    {
      "offer": {
        "itemKey": "everythingisedibleeie:axolotl_with_honey_and_chocolate",
        "amount": 1,
        "priceModifier": 0
      },
      "request": {
        "itemKey": "minecraft:emerald",
        "amount": 10,
        "priceModifier": 0
      },
      "tradeExp": 15,
      "maxUses": 16,
      "priceMultiplier": 0.05,
      "demand": 0,
      "tradeLevel": 4,
      "UTID": "minecraft:butcher_axolotl_with_honey_and_chocolate_for_emerald"
    },
    {
      "offer": {
        "itemKey": "minecraft:emerald",
        "amount": 1,
        "priceModifier": 0
      },
      "request": {
        "itemKey": "minecraft:sweet_berries",
        "amount": 10,
        "priceModifier": 0
      },
      "tradeExp": 30,
      "maxUses": 12,
      "priceMultiplier": 0.05,
      "demand": 0,
      "tradeLevel": 5,
      "UTID": "minecraft:butcher_emerald_for_sweet_berries"
    },
    {
      "offer": {
        "itemKey": "minecraft:emerald",
        "amount": 50,
        "priceModifier": 0
      },
      "request": {
        "itemKey": "everythingisedibleeie:raw_ender_dragon_meat",
        "amount": 1,
        "priceModifier": 0
      },
      "tradeExp": 15,
      "maxUses": 10,
      "priceMultiplier": 0.05,
      "demand": 0,
      "tradeLevel": 5,
      "UTID": "minecraft:butcher_emerald_for_raw_ender_dragon_meat"
    },
    {
      "offer": {
        "itemKey": "minecraft:emerald",
        "amount": 18,
        "priceModifier": 0
      },
      "request": {
        "itemKey": "everythingisedibleeie:fat",
        "amount": 1,
        "priceModifier": 0
      },
      "tradeExp": 15,
      "maxUses": 16,
      "priceMultiplier": 0.05,
      "demand": 0,
      "tradeLevel": 5,
      "UTID": "minecraft:butcher_emerald_for_fat"
    },
    {
      "offer": {
        "itemKey": "minecraft:emerald",
        "amount": 11,
        "priceModifier": 0
      },
      "request": {
        "itemKey": "everythingisedibleeie:cow_horn",
        "amount": 1,
        "priceModifier": 0
      },
      "additionalRequest": {
        "itemKey": "minecraft:beef",
        "amount": 9,
        "priceModifier": 0
      },
      "tradeExp": 15,
      "maxUses": 32,
      "priceMultiplier": 0.05,
      "demand": 0,
      "tradeLevel": 5,
      "UTID": "minecraft:butcher_emerald_for_cow_horn_and_beef"
    },
    {
      "offer": {
        "itemKey": "minecraft:emerald",
        "amount": 8,
        "priceModifier": 0
      },
      "request": {
        "itemKey": "everythingisedibleeie:chicken_leg",
        "amount": 1,
        "priceModifier": 0
      },
      "additionalRequest": {
        "itemKey": "minecraft:chicken",
        "amount": 10,
        "priceModifier": 0
      },
      "tradeExp": 15,
      "maxUses": 32,
      "priceMultiplier": 0.05,
      "demand": 0,
      "tradeLevel": 5,
      "UTID": "minecraft:butcher_emerald_for_chicken_leg_and_chicken"
    },
    {
      "offer": {
        "itemKey": "minecraft:emerald",
        "amount": 10,
        "priceModifier": 0
      },
      "request": {
        "itemKey": "everythingisedibleeie:pig_tail",
        "amount": 1,
        "priceModifier": 0
      },
      "additionalRequest": {
        "itemKey": "minecraft:porkchop",
        "amount": 1,
        "priceModifier": 0
      },
      "tradeExp": 15,
      "maxUses": 32,
      "priceMultiplier": 0.05,
      "demand": 0,
      "tradeLevel": 5,
      "UTID": "minecraft:butcher_emerald_for_pig_tail_and_porkchop"
    },
    {
      "offer": {
        "itemKey": "minecraft:emerald",
        "amount": 25,
        "priceModifier": 0
      },
      "request": {
        "itemKey": "everythingisedibleeie:raw_ravager_meat",
        "amount": 1,
        "priceModifier": 0
      },
      "tradeExp": 15,
      "maxUses": 16,
      "priceMultiplier": 0.05,
      "demand": 0,
      "tradeLevel": 5,
      "UTID": "minecraft:butcher_emerald_for_raw_ravager_meat"
    }
  ]
}