{
  "profession": "minecraft:cartographer",
  "removeOtherTrades": true,
  "maxTrades": 2,
  "trades": [
    {
      "offer": {
        "itemKey": "minecraft:emerald",
        "amount": 1,
        "priceModifier": 0
      },
      "request": {
        "itemKey": "minecraft:paper",
        "amount": 24,
        "priceModifier": 0
      },
      "tradeExp": 2,
      "maxUses": 16,
      "priceMultiplier": 0.05,
      "demand": 0,
      "tradeLevel": 1,
      "UTID": "minecraft:cartographer_emerald_for_paper"
    },
    {
      "offer": {
        "itemKey": "minecraft:map",
        "amount": 1,
        "priceModifier": 0
      },
      "request": {
        "itemKey": "minecraft:emerald",
        "amount": 7,
        "priceModifier": 0
      },
      "tradeExp": 1,
      "maxUses": 12,
      "priceMultiplier": 0.05,
      "demand": 0,
      "tradeLevel": 1,
      "UTID": "minecraft:cartographer_map_for_emerald"
    },
    {
      "offer": {
        "itemKey": "minecraft:emerald",
        "amount": 1,
        "priceModifier": 0
      },
      "request": {
        "itemKey": "minecraft:glass_pane",
        "amount": 11,
        "priceModifier": 0
      },
      "tradeExp": 10,
      "maxUses": 16,
      "priceMultiplier": 0.05,
      "demand": 0,
      "tradeLevel": 2,
      "UTID": "minecraft:cartographer_emerald_for_glass_pane"
    },
    {
      "offer": {
        "itemKey": "minecraft:filled_map",
        "amount": 1,
        "priceModifier": 0,
        "advancedNBTData": "{Decorations:[{id:\"+\",rot:180.0d,type:9b,x:-464.0d,z:192.0d}],display:{MapColor:3830373,Name:\u0027{\"translate\":\"filled_map.monument\"}\u0027},map:0}"
      },
      "request": {
        "itemKey": "minecraft:emerald",
        "amount": 13,
        "priceModifier": 0
      },
      "additionalRequest": {
        "itemKey": "minecraft:compass",
        "amount": 1,
        "priceModifier": 0
      },
      "tradeExp": 5,
      "maxUses": 12,
      "priceMultiplier": 0.2,
      "demand": 0,
      "tradeLevel": 2,
      "UTID": "minecraft:cartographer_filled_map_for_emerald_and_compass"
    },
    {
      "offer": {
        "itemKey": "minecraft:filled_map",
        "amount": 1,
        "priceModifier": 0,
        "advancedNBTData": "{CustomDecorations:[{type:\"supplementaries:village\",x:-1488,z:-1536}],display:{MapColor:7869722,Name:\u0027{\"translate\":\"filled_map.adventure\"}\u0027},map:1}"
      },
      "request": {
        "itemKey": "minecraft:emerald",
        "amount": 12,
        "priceModifier": 0
      },
      "additionalRequest": {
        "itemKey": "minecraft:compass",
        "amount": 1,
        "priceModifier": 0
      },
      "tradeExp": 36,
      "maxUses": 2,
      "priceMultiplier": 0.2,
      "demand": 0,
      "tradeLevel": 2,
      "UTID": "minecraft:cartographer_filled_map_for_emerald_and_compass"
    },
    {
      "offer": {
        "itemKey": "minecraft:emerald",
        "amount": 1,
        "priceModifier": 0
      },
      "request": {
        "itemKey": "minecraft:compass",
        "amount": 1,
        "priceModifier": 0
      },
      "tradeExp": 20,
      "maxUses": 12,
      "priceMultiplier": 0.05,
      "demand": 0,
      "tradeLevel": 3,
      "UTID": "minecraft:cartographer_emerald_for_compass"
    },
    {
      "offer": {
        "itemKey": "minecraft:filled_map",
        "amount": 1,
        "priceModifier": 0,
        "advancedNBTData": "{Decorations:[{id:\"+\",rot:180.0d,type:8b,x:4352.0d,z:2928.0d}],display:{MapColor:5393476,Name:\u0027{\"translate\":\"filled_map.mansion\"}\u0027},map:2}"
      },
      "request": {
        "itemKey": "minecraft:emerald",
        "amount": 14,
        "priceModifier": 0
      },
      "additionalRequest": {
        "itemKey": "minecraft:compass",
        "amount": 1,
        "priceModifier": 0
      },
      "tradeExp": 10,
      "maxUses": 12,
      "priceMultiplier": 0.2,
      "demand": 0,
      "tradeLevel": 3,
      "UTID": "minecraft:cartographer_filled_map_for_emerald_and_compass"
    },
    {
      "offer": {
        "itemKey": "minecraft:item_frame",
        "amount": 1,
        "priceModifier": 0
      },
      "request": {
        "itemKey": "minecraft:emerald",
        "amount": 7,
        "priceModifier": 0
      },
      "tradeExp": 15,
      "maxUses": 12,
      "priceMultiplier": 0.05,
      "demand": 0,
      "tradeLevel": 4,
      "UTID": "minecraft:cartographer_item_frame_for_emerald"
    },
    {
      "offer": {
        "itemKey": "minecraft:white_banner",
        "amount": 1,
        "priceModifier": 0
      },
      "request": {
        "itemKey": "minecraft:emerald",
        "amount": 3,
        "priceModifier": 0
      },
      "tradeExp": 15,
      "maxUses": 12,
      "priceMultiplier": 0.05,
      "demand": 0,
      "tradeLevel": 4,
      "UTID": "minecraft:cartographer_white_banner_for_emerald"
    },
    {
      "offer": {
        "itemKey": "minecraft:blue_banner",
        "amount": 1,
        "priceModifier": 0
      },
      "request": {
        "itemKey": "minecraft:emerald",
        "amount": 3,
        "priceModifier": 0
      },
      "tradeExp": 15,
      "maxUses": 12,
      "priceMultiplier": 0.05,
      "demand": 0,
      "tradeLevel": 4,
      "UTID": "minecraft:cartographer_blue_banner_for_emerald"
    },
    {
      "offer": {
        "itemKey": "minecraft:light_blue_banner",
        "amount": 1,
        "priceModifier": 0
      },
      "request": {
        "itemKey": "minecraft:emerald",
        "amount": 3,
        "priceModifier": 0
      },
      "tradeExp": 15,
      "maxUses": 12,
      "priceMultiplier": 0.05,
      "demand": 0,
      "tradeLevel": 4,
      "UTID": "minecraft:cartographer_light_blue_banner_for_emerald"
    },
    {
      "offer": {
        "itemKey": "minecraft:red_banner",
        "amount": 1,
        "priceModifier": 0
      },
      "request": {
        "itemKey": "minecraft:emerald",
        "amount": 3,
        "priceModifier": 0
      },
      "tradeExp": 15,
      "maxUses": 12,
      "priceMultiplier": 0.05,
      "demand": 0,
      "tradeLevel": 4,
      "UTID": "minecraft:cartographer_red_banner_for_emerald"
    },
    {
      "offer": {
        "itemKey": "minecraft:pink_banner",
        "amount": 1,
        "priceModifier": 0
      },
      "request": {
        "itemKey": "minecraft:emerald",
        "amount": 3,
        "priceModifier": 0
      },
      "tradeExp": 15,
      "maxUses": 12,
      "priceMultiplier": 0.05,
      "demand": 0,
      "tradeLevel": 4,
      "UTID": "minecraft:cartographer_pink_banner_for_emerald"
    },
    {
      "offer": {
        "itemKey": "minecraft:green_banner",
        "amount": 1,
        "priceModifier": 0
      },
      "request": {
        "itemKey": "minecraft:emerald",
        "amount": 3,
        "priceModifier": 0
      },
      "tradeExp": 15,
      "maxUses": 12,
      "priceMultiplier": 0.05,
      "demand": 0,
      "tradeLevel": 4,
      "UTID": "minecraft:cartographer_green_banner_for_emerald"
    },
    {
      "offer": {
        "itemKey": "minecraft:lime_banner",
        "amount": 1,
        "priceModifier": 0
      },
      "request": {
        "itemKey": "minecraft:emerald",
        "amount": 3,
        "priceModifier": 0
      },
      "tradeExp": 15,
      "maxUses": 12,
      "priceMultiplier": 0.05,
      "demand": 0,
      "tradeLevel": 4,
      "UTID": "minecraft:cartographer_lime_banner_for_emerald"
    },
    {
      "offer": {
        "itemKey": "minecraft:gray_banner",
        "amount": 1,
        "priceModifier": 0
      },
      "request": {
        "itemKey": "minecraft:emerald",
        "amount": 3,
        "priceModifier": 0
      },
      "tradeExp": 15,
      "maxUses": 12,
      "priceMultiplier": 0.05,
      "demand": 0,
      "tradeLevel": 4,
      "UTID": "minecraft:cartographer_gray_banner_for_emerald"
    },
    {
      "offer": {
        "itemKey": "minecraft:black_banner",
        "amount": 1,
        "priceModifier": 0
      },
      "request": {
        "itemKey": "minecraft:emerald",
        "amount": 3,
        "priceModifier": 0
      },
      "tradeExp": 15,
      "maxUses": 12,
      "priceMultiplier": 0.05,
      "demand": 0,
      "tradeLevel": 4,
      "UTID": "minecraft:cartographer_black_banner_for_emerald"
    },
    {
      "offer": {
        "itemKey": "minecraft:purple_banner",
        "amount": 1,
        "priceModifier": 0
      },
      "request": {
        "itemKey": "minecraft:emerald",
        "amount": 3,
        "priceModifier": 0
      },
      "tradeExp": 15,
      "maxUses": 12,
      "priceMultiplier": 0.05,
      "demand": 0,
      "tradeLevel": 4,
      "UTID": "minecraft:cartographer_purple_banner_for_emerald"
    },
    {
      "offer": {
        "itemKey": "minecraft:magenta_banner",
        "amount": 1,
        "priceModifier": 0
      },
      "request": {
        "itemKey": "minecraft:emerald",
        "amount": 3,
        "priceModifier": 0
      },
      "tradeExp": 15,
      "maxUses": 12,
      "priceMultiplier": 0.05,
      "demand": 0,
      "tradeLevel": 4,
      "UTID": "minecraft:cartographer_magenta_banner_for_emerald"
    },
    {
      "offer": {
        "itemKey": "minecraft:cyan_banner",
        "amount": 1,
        "priceModifier": 0
      },
      "request": {
        "itemKey": "minecraft:emerald",
        "amount": 3,
        "priceModifier": 0
      },
      "tradeExp": 15,
      "maxUses": 12,
      "priceMultiplier": 0.05,
      "demand": 0,
      "tradeLevel": 4,
      "UTID": "minecraft:cartographer_cyan_banner_for_emerald"
    },
    {
      "offer": {
        "itemKey": "minecraft:brown_banner",
        "amount": 1,
        "priceModifier": 0
      },
      "request": {
        "itemKey": "minecraft:emerald",
        "amount": 3,
        "priceModifier": 0
      },
      "tradeExp": 15,
      "maxUses": 12,
      "priceMultiplier": 0.05,
      "demand": 0,
      "tradeLevel": 4,
      "UTID": "minecraft:cartographer_brown_banner_for_emerald"
    },
    {
      "offer": {
        "itemKey": "minecraft:yellow_banner",
        "amount": 1,
        "priceModifier": 0
      },
      "request": {
        "itemKey": "minecraft:emerald",
        "amount": 3,
        "priceModifier": 0
      },
      "tradeExp": 15,
      "maxUses": 12,
      "priceMultiplier": 0.05,
      "demand": 0,
      "tradeLevel": 4,
      "UTID": "minecraft:cartographer_yellow_banner_for_emerald"
    },
    {
      "offer": {
        "itemKey": "minecraft:orange_banner",
        "amount": 1,
        "priceModifier": 0
      },
      "request": {
        "itemKey": "minecraft:emerald",
        "amount": 3,
        "priceModifier": 0
      },
      "tradeExp": 15,
      "maxUses": 12,
      "priceMultiplier": 0.05,
      "demand": 0,
      "tradeLevel": 4,
      "UTID": "minecraft:cartographer_orange_banner_for_emerald"
    },
    {
      "offer": {
        "itemKey": "minecraft:light_gray_banner",
        "amount": 1,
        "priceModifier": 0
      },
      "request": {
        "itemKey": "minecraft:emerald",
        "amount": 3,
        "priceModifier": 0
      },
      "tradeExp": 15,
      "maxUses": 12,
      "priceMultiplier": 0.05,
      "demand": 0,
      "tradeLevel": 4,
      "UTID": "minecraft:cartographer_light_gray_banner_for_emerald"
    },
    {
      "offer": {
        "itemKey": "minecraft:globe_banner_pattern",
        "amount": 1,
        "priceModifier": 0
      },
      "request": {
        "itemKey": "minecraft:emerald",
        "amount": 8,
        "priceModifier": 0
      },
      "tradeExp": 30,
      "maxUses": 12,
      "priceMultiplier": 0.05,
      "demand": 0,
      "tradeLevel": 5,
      "UTID": "minecraft:cartographer_globe_banner_pattern_for_emerald"
    },
    {
      "offer": {
        "itemKey": "supplementaries:antique_ink",
        "amount": 1,
        "priceModifier": 0
      },
      "request": {
        "itemKey": "minecraft:emerald",
        "amount": 8,
        "priceModifier": 0
      },
      "tradeExp": 20,
      "maxUses": 12,
      "priceMultiplier": 0.2,
      "demand": 0,
      "tradeLevel": 5,
      "UTID": "minecraft:cartographer_antique_ink_for_emerald"
    }
  ]
}