{
  "profession": "minecraft:cleric",
  "removeOtherTrades": true,
  "maxTrades": 2,
  "trades": [
    {
      "offer": {
        "itemKey": "minecraft:emerald",
        "amount": 1,
        "priceModifier": 0
      },
      "request": {
        "itemKey": "minecraft:rotten_flesh",
        "amount": 32,
        "priceModifier": 0
      },
      "tradeExp": 2,
      "maxUses": 16,
      "priceMultiplier": 0.05,
      "demand": 0,
      "tradeLevel": 1,
      "UTID": "minecraft:cleric_emerald_for_rotten_flesh"
    },
    {
      "offer": {
        "itemKey": "minecraft:redstone",
        "amount": 2,
        "priceModifier": 0
      },
      "request": {
        "itemKey": "minecraft:emerald",
        "amount": 1,
        "priceModifier": 0
      },
      "tradeExp": 1,
      "maxUses": 12,
      "priceMultiplier": 0.05,
      "demand": 0,
      "tradeLevel": 1,
      "UTID": "minecraft:cleric_redstone_for_emerald"
    },
    {
      "offer": {
        "itemKey": "minecraft:emerald",
        "amount": 1,
        "priceModifier": 0
      },
      "request": {
        "itemKey": "minecraft:rotten_flesh",
        "amount": 20,
        "priceModifier": 0
      },
      "additionalRequest": {
        "itemKey": "everythingisedibleeie:raw_creeper",
        "amount": 1,
        "priceModifier": 0
      },
      "tradeExp": 2,
      "maxUses": 16,
      "priceMultiplier": 0.05,
      "demand": 0,
      "tradeLevel": 1,
      "UTID": "minecraft:cleric_emerald_for_rotten_flesh_and_raw_creeper"
    },
    {
      "offer": {
        "itemKey": "minecraft:emerald",
        "amount": 1,
        "priceModifier": 0
      },
      "request": {
        "itemKey": "minecraft:rotten_flesh",
        "amount": 20,
        "priceModifier": 0
      },
      "additionalRequest": {
        "itemKey": "everythingisedibleeie:raw_spider_meat",
        "amount": 1,
        "priceModifier": 0
      },
      "tradeExp": 2,
      "maxUses": 16,
      "priceMultiplier": 0.05,
      "demand": 0,
      "tradeLevel": 1,
      "UTID": "minecraft:cleric_emerald_for_rotten_flesh_and_raw_spider_meat"
    },
    {
      "offer": {
        "itemKey": "minecraft:emerald",
        "amount": 2,
        "priceModifier": 0
      },
      "request": {
        "itemKey": "minecraft:rotten_flesh",
        "amount": 15,
        "priceModifier": 0
      },
      "additionalRequest": {
        "itemKey": "everythingisedibleeie:raw_bee",
        "amount": 1,
        "priceModifier": 0
      },
      "tradeExp": 5,
      "maxUses": 10,
      "priceMultiplier": 0.05,
      "demand": 0,
      "tradeLevel": 1,
      "UTID": "minecraft:cleric_emerald_for_rotten_flesh_and_raw_bee"
    },
    {
      "offer": {
        "itemKey": "minecraft:emerald",
        "amount": 1,
        "priceModifier": 0
      },
      "request": {
        "itemKey": "minecraft:gold_ingot",
        "amount": 3,
        "priceModifier": 0
      },
      "tradeExp": 10,
      "maxUses": 12,
      "priceMultiplier": 0.05,
      "demand": 0,
      "tradeLevel": 2,
      "UTID": "minecraft:cleric_emerald_for_gold_ingot"
    },
    {
      "offer": {
        "itemKey": "minecraft:lapis_lazuli",
        "amount": 1,
        "priceModifier": 0
      },
      "request": {
        "itemKey": "minecraft:emerald",
        "amount": 1,
        "priceModifier": 0
      },
      "tradeExp": 5,
      "maxUses": 12,
      "priceMultiplier": 0.05,
      "demand": 0,
      "tradeLevel": 2,
      "UTID": "minecraft:cleric_lapis_lazuli_for_emerald"
    },
    {
      "offer": {
        "itemKey": "minecraft:emerald",
        "amount": 1,
        "priceModifier": 0
      },
      "request": {
        "itemKey": "minecraft:rabbit_foot",
        "amount": 2,
        "priceModifier": 0
      },
      "tradeExp": 20,
      "maxUses": 12,
      "priceMultiplier": 0.05,
      "demand": 0,
      "tradeLevel": 3,
      "UTID": "minecraft:cleric_emerald_for_rabbit_foot"
    },
    {
      "offer": {
        "itemKey": "minecraft:glowstone",
        "amount": 1,
        "priceModifier": 0
      },
      "request": {
        "itemKey": "minecraft:emerald",
        "amount": 4,
        "priceModifier": 0
      },
      "tradeExp": 10,
      "maxUses": 12,
      "priceMultiplier": 0.05,
      "demand": 0,
      "tradeLevel": 3,
      "UTID": "minecraft:cleric_glowstone_for_emerald"
    },
    {
      "offer": {
        "itemKey": "minecraft:emerald",
        "amount": 2,
        "priceModifier": 0
      },
      "request": {
        "itemKey": "everythingisedibleeie:raw_enderman_meat",
        "amount": 1,
        "priceModifier": 0
      },
      "additionalRequest": {
        "itemKey": "minecraft:rotten_flesh",
        "amount": 12,
        "priceModifier": 0
      },
      "tradeExp": 5,
      "maxUses": 16,
      "priceMultiplier": 0.05,
      "demand": 0,
      "tradeLevel": 3,
      "UTID": "minecraft:cleric_emerald_for_raw_enderman_meat_and_rotten_flesh"
    },
    {
      "offer": {
        "itemKey": "minecraft:emerald",
        "amount": 1,
        "priceModifier": 0
      },
      "request": {
        "itemKey": "minecraft:scute",
        "amount": 4,
        "priceModifier": 0
      },
      "tradeExp": 30,
      "maxUses": 12,
      "priceMultiplier": 0.05,
      "demand": 0,
      "tradeLevel": 4,
      "UTID": "minecraft:cleric_emerald_for_scute"
    },
    {
      "offer": {
        "itemKey": "minecraft:emerald",
        "amount": 1,
        "priceModifier": 0
      },
      "request": {
        "itemKey": "minecraft:glass_bottle",
        "amount": 9,
        "priceModifier": 0
      },
      "tradeExp": 30,
      "maxUses": 12,
      "priceMultiplier": 0.05,
      "demand": 0,
      "tradeLevel": 4,
      "UTID": "minecraft:cleric_emerald_for_glass_bottle"
    },
    {
      "offer": {
        "itemKey": "minecraft:ender_pearl",
        "amount": 1,
        "priceModifier": 0
      },
      "request": {
        "itemKey": "minecraft:emerald",
        "amount": 5,
        "priceModifier": 0
      },
      "tradeExp": 15,
      "maxUses": 12,
      "priceMultiplier": 0.05,
      "demand": 0,
      "tradeLevel": 4,
      "UTID": "minecraft:cleric_ender_pearl_for_emerald"
    },
    {
      "offer": {
        "itemKey": "minecraft:emerald",
        "amount": 3,
        "priceModifier": 0
      },
      "request": {
        "itemKey": "everythingisedibleeie:ghost_flesh",
        "amount": 1,
        "priceModifier": 0
      },
      "tradeExp": 30,
      "maxUses": 16,
      "priceMultiplier": 0.05,
      "demand": 0,
      "tradeLevel": 4,
      "UTID": "minecraft:cleric_emerald_for_ghost_flesh"
    },
    {
      "offer": {
        "itemKey": "minecraft:emerald",
        "amount": 5,
        "priceModifier": 0
      },
      "request": {
        "itemKey": "minecraft:ender_pearl",
        "amount": 1,
        "priceModifier": 0
      },
      "additionalRequest": {
        "itemKey": "everythingisedibleeie:cooked_enderman_meat",
        "amount": 1,
        "priceModifier": 0
      },
      "tradeExp": 30,
      "maxUses": 16,
      "priceMultiplier": 0.05,
      "demand": 0,
      "tradeLevel": 4,
      "UTID": "minecraft:cleric_emerald_for_ender_pearl_and_cooked_enderman_meat"
    },
    {
      "offer": {
        "itemKey": "minecraft:emerald",
        "amount": 3,
        "priceModifier": 0
      },
      "request": {
        "itemKey": "everythingisedibleeie:raw_phantom_meat",
        "amount": 1,
        "priceModifier": 0
      },
      "additionalRequest": {
        "itemKey": "minecraft:blaze_powder",
        "amount": 1,
        "priceModifier": 0
      },
      "tradeExp": 10,
      "maxUses": 16,
      "priceMultiplier": 0.05,
      "demand": 0,
      "tradeLevel": 4,
      "UTID": "minecraft:cleric_emerald_for_raw_phantom_meat_and_blaze_powder"
    },
    {
      "offer": {
        "itemKey": "everythingisedibleeie:ephemeral_soup",
        "amount": 1,
        "priceModifier": 0
      },
      "request": {
        "itemKey": "minecraft:emerald",
        "amount": 25,
        "priceModifier": 0
      },
      "tradeExp": 30,
      "maxUses": 16,
      "priceMultiplier": 0.05,
      "demand": 0,
      "tradeLevel": 4,
      "UTID": "minecraft:cleric_ephemeral_soup_for_emerald"
    },
    {
      "offer": {
        "itemKey": "minecraft:emerald",
        "amount": 1,
        "priceModifier": 0
      },
      "request": {
        "itemKey": "minecraft:nether_wart",
        "amount": 22,
        "priceModifier": 0
      },
      "tradeExp": 30,
      "maxUses": 12,
      "priceMultiplier": 0.05,
      "demand": 0,
      "tradeLevel": 5,
      "UTID": "minecraft:cleric_emerald_for_nether_wart"
    },
    {
      "offer": {
        "itemKey": "minecraft:experience_bottle",
        "amount": 1,
        "priceModifier": 0
      },
      "request": {
        "itemKey": "minecraft:emerald",
        "amount": 3,
        "priceModifier": 0
      },
      "tradeExp": 30,
      "maxUses": 12,
      "priceMultiplier": 0.05,
      "demand": 0,
      "tradeLevel": 5,
      "UTID": "minecraft:cleric_experience_bottle_for_emerald"
    },
    {
      "offer": {
        "itemKey": "endrem:evil_eye",
        "amount": 1,
        "priceModifier": 0,
        "advancedNBTData": "{Damage:0}"
      },
      "request": {
        "itemKey": "minecraft:emerald",
        "amount": 30,
        "priceModifier": 0
      },
      "additionalRequest": {
        "itemKey": "minecraft:rabbit_foot",
        "amount": 1,
        "priceModifier": 0
      },
      "tradeExp": 10,
      "maxUses": 12,
      "priceMultiplier": 0.2,
      "demand": 0,
      "tradeLevel": 5,
      "UTID": "minecraft:cleric_evil_eye_for_emerald_and_rabbit_foot"
    },
    {
      "offer": {
        "itemKey": "minecraft:emerald",
        "amount": 15,
        "priceModifier": 0
      },
      "request": {
        "itemKey": "everythingisedibleeie:creeper_blood",
        "amount": 1,
        "priceModifier": 0
      },
      "tradeExp": 30,
      "maxUses": 16,
      "priceMultiplier": 0.0,
      "demand": 0,
      "tradeLevel": 5,
      "UTID": "minecraft:cleric_emerald_for_creeper_blood"
    },
    {
      "offer": {
        "itemKey": "everythingisedibleeie:allay_wing",
        "amount": 1,
        "priceModifier": 0
      },
      "request": {
        "itemKey": "minecraft:emerald",
        "amount": 20,
        "priceModifier": 0
      },
      "tradeExp": 30,
      "maxUses": 32,
      "priceMultiplier": 0.05,
      "demand": 0,
      "tradeLevel": 5,
      "UTID": "minecraft:cleric_allay_wing_for_emerald"
    },
    {
      "offer": {
        "itemKey": "everythingisedibleeie:vex_wing",
        "amount": 1,
        "priceModifier": 0
      },
      "request": {
        "itemKey": "minecraft:emerald",
        "amount": 15,
        "priceModifier": 0
      },
      "tradeExp": 30,
      "maxUses": 32,
      "priceMultiplier": 0.05,
      "demand": 0,
      "tradeLevel": 5,
      "UTID": "minecraft:cleric_vex_wing_for_emerald"
    }
  ]
}