{
  "profession": "morevillagers:engineer",
  "removeOtherTrades": true,
  "maxTrades": 2,
  "trades": [
    {
      "offer": {
        "itemKey": "minecraft:emerald",
        "amount": 1,
        "priceModifier": 0
      },
      "request": {
        "itemKey": "minecraft:redstone",
        "amount": 20,
        "priceModifier": 0
      },
      "tradeExp": 2,
      "maxUses": 16,
      "priceMultiplier": 0.05,
      "demand": 0,
      "tradeLevel": 1,
      "UTID": "morevillagers:engineer_emerald_for_redstone"
    },
    {
      "offer": {
        "itemKey": "minecraft:repeater",
        "amount": 3,
        "priceModifier": 0
      },
      "request": {
        "itemKey": "minecraft:emerald",
        "amount": 4,
        "priceModifier": 0
      },
      "tradeExp": 1,
      "maxUses": 16,
      "priceMultiplier": 0.05,
      "demand": 0,
      "tradeLevel": 1,
      "UTID": "morevillagers:engineer_repeater_for_emerald"
    },
    {
      "offer": {
        "itemKey": "minecraft:emerald",
        "amount": 1,
        "priceModifier": 0
      },
      "request": {
        "itemKey": "minecraft:redstone_torch",
        "amount": 12,
        "priceModifier": 0
      },
      "tradeExp": 10,
      "maxUses": 16,
      "priceMultiplier": 0.05,
      "demand": 0,
      "tradeLevel": 2,
      "UTID": "morevillagers:engineer_emerald_for_redstone_torch"
    },
    {
      "offer": {
        "itemKey": "minecraft:dropper",
        "amount": 3,
        "priceModifier": 0
      },
      "request": {
        "itemKey": "minecraft:emerald",
        "amount": 3,
        "priceModifier": 0
      },
      "tradeExp": 5,
      "maxUses": 16,
      "priceMultiplier": 0.05,
      "demand": 0,
      "tradeLevel": 2,
      "UTID": "morevillagers:engineer_dropper_for_emerald"
    },
    {
      "offer": {
        "itemKey": "minecraft:dispenser",
        "amount": 1,
        "priceModifier": 0
      },
      "request": {
        "itemKey": "minecraft:emerald",
        "amount": 4,
        "priceModifier": 0
      },
      "tradeExp": 5,
      "maxUses": 16,
      "priceMultiplier": 0.05,
      "demand": 0,
      "tradeLevel": 2,
      "UTID": "morevillagers:engineer_dispenser_for_emerald"
    },
    {
      "offer": {
        "itemKey": "minecraft:emerald",
        "amount": 1,
        "priceModifier": 0
      },
      "request": {
        "itemKey": "minecraft:redstone_lamp",
        "amount": 4,
        "priceModifier": 0
      },
      "tradeExp": 20,
      "maxUses": 16,
      "priceMultiplier": 0.05,
      "demand": 0,
      "tradeLevel": 3,
      "UTID": "morevillagers:engineer_emerald_for_redstone_lamp"
    },
    {
      "offer": {
        "itemKey": "minecraft:observer",
        "amount": 1,
        "priceModifier": 0
      },
      "request": {
        "itemKey": "minecraft:emerald",
        "amount": 4,
        "priceModifier": 0
      },
      "tradeExp": 10,
      "maxUses": 16,
      "priceMultiplier": 0.05,
      "demand": 0,
      "tradeLevel": 3,
      "UTID": "morevillagers:engineer_observer_for_emerald"
    },
    {
      "offer": {
        "itemKey": "minecraft:comparator",
        "amount": 1,
        "priceModifier": 0
      },
      "request": {
        "itemKey": "minecraft:emerald",
        "amount": 5,
        "priceModifier": 0
      },
      "tradeExp": 10,
      "maxUses": 16,
      "priceMultiplier": 0.05,
      "demand": 0,
      "tradeLevel": 3,
      "UTID": "morevillagers:engineer_comparator_for_emerald"
    },
    {
      "offer": {
        "itemKey": "minecraft:piston",
        "amount": 1,
        "priceModifier": 0
      },
      "request": {
        "itemKey": "minecraft:emerald",
        "amount": 5,
        "priceModifier": 0
      },
      "tradeExp": 15,
      "maxUses": 16,
      "priceMultiplier": 0.05,
      "demand": 0,
      "tradeLevel": 4,
      "UTID": "morevillagers:engineer_piston_for_emerald"
    },
    {
      "offer": {
        "itemKey": "minecraft:sticky_piston",
        "amount": 1,
        "priceModifier": 0
      },
      "request": {
        "itemKey": "minecraft:emerald",
        "amount": 6,
        "priceModifier": 0
      },
      "tradeExp": 15,
      "maxUses": 16,
      "priceMultiplier": 0.05,
      "demand": 0,
      "tradeLevel": 4,
      "UTID": "morevillagers:engineer_sticky_piston_for_emerald"
    },
    {
      "offer": {
        "itemKey": "minecraft:daylight_detector",
        "amount": 2,
        "priceModifier": 0
      },
      "request": {
        "itemKey": "minecraft:emerald",
        "amount": 5,
        "priceModifier": 0
      },
      "tradeExp": 30,
      "maxUses": 16,
      "priceMultiplier": 0.05,
      "demand": 0,
      "tradeLevel": 5,
      "UTID": "morevillagers:engineer_daylight_detector_for_emerald"
    },
    {
      "offer": {
        "itemKey": "minecraft:hopper",
        "amount": 1,
        "priceModifier": 0
      },
      "request": {
        "itemKey": "minecraft:emerald",
        "amount": 7,
        "priceModifier": 0
      },
      "tradeExp": 30,
      "maxUses": 16,
      "priceMultiplier": 0.05,
      "demand": 0,
      "tradeLevel": 5,
      "UTID": "morevillagers:engineer_hopper_for_emerald"
    }
  ]
}