{
  "profession": "morevillagers:florist",
  "removeOtherTrades": true,
  "maxTrades": 2,
  "trades": [
    {
      "offer": {
        "itemKey": "minecraft:emerald",
        "amount": 1,
        "priceModifier": 0
      },
      "request": {
        "itemKey": "minecraft:flower_pot",
        "amount": 3,
        "priceModifier": 0
      },
      "tradeExp": 2,
      "maxUses": 16,
      "priceMultiplier": 0.05,
      "demand": 0,
      "tradeLevel": 1,
      "UTID": "morevillagers:florist_emerald_for_flower_pot"
    },
    {
      "offer": {
        "itemKey": "minecraft:honeycomb",
        "amount": 1,
        "priceModifier": 0
      },
      "request": {
        "itemKey": "minecraft:emerald",
        "amount": 3,
        "priceModifier": 0
      },
      "tradeExp": 1,
      "maxUses": 16,
      "priceMultiplier": 0.05,
      "demand": 0,
      "tradeLevel": 1,
      "UTID": "morevillagers:florist_honeycomb_for_emerald"
    },
    {
      "offer": {
        "itemKey": "minecraft:emerald",
        "amount": 1,
        "priceModifier": 0
      },
      "request": {
        "itemKey": "minecraft:vine",
        "amount": 24,
        "priceModifier": 0
      },
      "tradeExp": 10,
      "maxUses": 16,
      "priceMultiplier": 0.05,
      "demand": 0,
      "tradeLevel": 2,
      "UTID": "morevillagers:florist_emerald_for_vine"
    },
    {
      "offer": {
        "itemKey": "minecraft:glow_berries",
        "amount": 2,
        "priceModifier": 0
      },
      "request": {
        "itemKey": "minecraft:emerald",
        "amount": 1,
        "priceModifier": 0
      },
      "tradeExp": 5,
      "maxUses": 16,
      "priceMultiplier": 0.05,
      "demand": 0,
      "tradeLevel": 2,
      "UTID": "morevillagers:florist_glow_berries_for_emerald"
    },
    {
      "offer": {
        "itemKey": "minecraft:small_dripleaf",
        "amount": 2,
        "priceModifier": 0
      },
      "request": {
        "itemKey": "minecraft:emerald",
        "amount": 1,
        "priceModifier": 0
      },
      "tradeExp": 10,
      "maxUses": 16,
      "priceMultiplier": 0.05,
      "demand": 0,
      "tradeLevel": 3,
      "UTID": "morevillagers:florist_small_dripleaf_for_emerald"
    },
    {
      "offer": {
        "itemKey": "minecraft:honey_bottle",
        "amount": 1,
        "priceModifier": 0
      },
      "request": {
        "itemKey": "minecraft:emerald",
        "amount": 6,
        "priceModifier": 0
      },
      "tradeExp": 10,
      "maxUses": 16,
      "priceMultiplier": 0.05,
      "demand": 0,
      "tradeLevel": 3,
      "UTID": "morevillagers:florist_honey_bottle_for_emerald"
    },
    {
      "offer": {
        "itemKey": "minecraft:emerald",
        "amount": 1,
        "priceModifier": 0
      },
      "request": {
        "itemKey": "minecraft:moss_block",
        "amount": 32,
        "priceModifier": 0
      },
      "tradeExp": 30,
      "maxUses": 16,
      "priceMultiplier": 0.05,
      "demand": 0,
      "tradeLevel": 4,
      "UTID": "morevillagers:florist_emerald_for_moss_block"
    },
    {
      "offer": {
        "itemKey": "minecraft:filled_map",
        "amount": 1,
        "priceModifier": 0,
        "advancedNBTData": "{Decorations:[{id:\"+\",rot:180.0d,type:23b,x:1104.0d,z:-2784.0d}],display:{Name:\u0027{\"translate\":\"filled_map.swamp_hut\"}\u0027},map:4}"
      },
      "request": {
        "itemKey": "minecraft:emerald",
        "amount": 13,
        "priceModifier": 0
      },
      "additionalRequest": {
        "itemKey": "minecraft:compass",
        "amount": 1,
        "priceModifier": 0
      },
      "tradeExp": 15,
      "maxUses": 12,
      "priceMultiplier": 0.2,
      "demand": 0,
      "tradeLevel": 4,
      "UTID": "morevillagers:florist_filled_map_for_emerald_and_compass"
    },
    {
      "offer": {
        "itemKey": "minecraft:bee_nest",
        "amount": 1,
        "priceModifier": 0
      },
      "request": {
        "itemKey": "minecraft:emerald",
        "amount": 6,
        "priceModifier": 0
      },
      "tradeExp": 30,
      "maxUses": 12,
      "priceMultiplier": 0.05,
      "demand": 0,
      "tradeLevel": 5,
      "UTID": "morevillagers:florist_bee_nest_for_emerald"
    },
    {
      "offer": {
        "itemKey": "minecraft:filled_map",
        "amount": 1,
        "priceModifier": 0,
        "advancedNBTData": "{Decorations:[{id:\"+\",rot:180.0d,type:15b,x:2880.0d,z:2160.0d}],display:{Name:\u0027{\"translate\":\"filled_map.jungle_pyramid\"}\u0027},map:5}"
      },
      "request": {
        "itemKey": "minecraft:emerald",
        "amount": 15,
        "priceModifier": 0
      },
      "additionalRequest": {
        "itemKey": "minecraft:compass",
        "amount": 1,
        "priceModifier": 0
      },
      "tradeExp": 30,
      "maxUses": 12,
      "priceMultiplier": 0.2,
      "demand": 0,
      "tradeLevel": 5,
      "UTID": "morevillagers:florist_filled_map_for_emerald_and_compass"
    }
  ]
}