{
  "profession": "morevillagers:hunter",
  "removeOtherTrades": true,
  "maxTrades": 2,
  "trades": [
    {
      "offer": {
        "itemKey": "minecraft:emerald",
        "amount": 1,
        "priceModifier": 0
      },
      "request": {
        "itemKey": "minecraft:bone",
        "amount": 32,
        "priceModifier": 0
      },
      "tradeExp": 2,
      "maxUses": 16,
      "priceMultiplier": 0.05,
      "demand": 0,
      "tradeLevel": 1,
      "UTID": "morevillagers:hunter_emerald_for_bone"
    },
    {
      "offer": {
        "itemKey": "minecraft:slime_ball",
        "amount": 2,
        "priceModifier": 0
      },
      "request": {
        "itemKey": "minecraft:emerald",
        "amount": 5,
        "priceModifier": 0
      },
      "tradeExp": 1,
      "maxUses": 16,
      "priceMultiplier": 0.05,
      "demand": 0,
      "tradeLevel": 1,
      "UTID": "morevillagers:hunter_slime_ball_for_emerald"
    },
    {
      "offer": {
        "itemKey": "minecraft:emerald",
        "amount": 1,
        "priceModifier": 0
      },
      "request": {
        "itemKey": "minecraft:spider_eye",
        "amount": 24,
        "priceModifier": 0
      },
      "tradeExp": 10,
      "maxUses": 16,
      "priceMultiplier": 0.05,
      "demand": 0,
      "tradeLevel": 2,
      "UTID": "morevillagers:hunter_emerald_for_spider_eye"
    },
    {
      "offer": {
        "itemKey": "minecraft:fermented_spider_eye",
        "amount": 1,
        "priceModifier": 0
      },
      "request": {
        "itemKey": "minecraft:emerald",
        "amount": 5,
        "priceModifier": 0
      },
      "tradeExp": 5,
      "maxUses": 16,
      "priceMultiplier": 0.05,
      "demand": 0,
      "tradeLevel": 2,
      "UTID": "morevillagers:hunter_fermented_spider_eye_for_emerald"
    },
    {
      "offer": {
        "itemKey": "minecraft:emerald",
        "amount": 1,
        "priceModifier": 0
      },
      "request": {
        "itemKey": "minecraft:gunpowder",
        "amount": 20,
        "priceModifier": 0
      },
      "tradeExp": 20,
      "maxUses": 16,
      "priceMultiplier": 0.05,
      "demand": 0,
      "tradeLevel": 3,
      "UTID": "morevillagers:hunter_emerald_for_gunpowder"
    },
    {
      "offer": {
        "itemKey": "minecraft:magma_cream",
        "amount": 1,
        "priceModifier": 0
      },
      "request": {
        "itemKey": "minecraft:emerald",
        "amount": 5,
        "priceModifier": 0
      },
      "tradeExp": 10,
      "maxUses": 12,
      "priceMultiplier": 0.05,
      "demand": 0,
      "tradeLevel": 3,
      "UTID": "morevillagers:hunter_magma_cream_for_emerald"
    },
    {
      "offer": {
        "itemKey": "minecraft:blaze_rod",
        "amount": 1,
        "priceModifier": 0
      },
      "request": {
        "itemKey": "minecraft:emerald",
        "amount": 5,
        "priceModifier": 0
      },
      "tradeExp": 15,
      "maxUses": 12,
      "priceMultiplier": 0.05,
      "demand": 0,
      "tradeLevel": 4,
      "UTID": "morevillagers:hunter_blaze_rod_for_emerald"
    },
    {
      "offer": {
        "itemKey": "minecraft:filled_map",
        "amount": 1,
        "priceModifier": 0,
        "advancedNBTData": "{Decorations:[{id:\"+\",rot:180.0d,type:25b,x:0.0d,z:-160.0d}],display:{Name:\u0027{\"translate\":\"filled_map.pillager_outpost\"}\u0027},map:6}"
      },
      "request": {
        "itemKey": "minecraft:emerald",
        "amount": 13,
        "priceModifier": 0
      },
      "additionalRequest": {
        "itemKey": "minecraft:compass",
        "amount": 1,
        "priceModifier": 0
      },
      "tradeExp": 15,
      "maxUses": 12,
      "priceMultiplier": 0.2,
      "demand": 0,
      "tradeLevel": 4,
      "UTID": "morevillagers:hunter_filled_map_for_emerald_and_compass"
    },
    {
      "offer": {
        "itemKey": "minecraft:ghast_tear",
        "amount": 1,
        "priceModifier": 0
      },
      "request": {
        "itemKey": "minecraft:emerald",
        "amount": 8,
        "priceModifier": 0
      },
      "tradeExp": 30,
      "maxUses": 12,
      "priceMultiplier": 0.05,
      "demand": 0,
      "tradeLevel": 5,
      "UTID": "morevillagers:hunter_ghast_tear_for_emerald"
    },
    {
      "offer": {
        "itemKey": "minecraft:rabbit_foot",
        "amount": 1,
        "priceModifier": 0
      },
      "request": {
        "itemKey": "minecraft:emerald",
        "amount": 8,
        "priceModifier": 0
      },
      "tradeExp": 30,
      "maxUses": 12,
      "priceMultiplier": 0.05,
      "demand": 0,
      "tradeLevel": 5,
      "UTID": "morevillagers:hunter_rabbit_foot_for_emerald"
    }
  ]
}