{
  "profession": "minecraft:leatherworker",
  "removeOtherTrades": true,
  "maxTrades": 2,
  "trades": [
    {
      "offer": {
        "itemKey": "minecraft:emerald",
        "amount": 1,
        "priceModifier": 0
      },
      "request": {
        "itemKey": "minecraft:leather",
        "amount": 6,
        "priceModifier": 0
      },
      "tradeExp": 2,
      "maxUses": 16,
      "priceMultiplier": 0.05,
      "demand": 0,
      "tradeLevel": 1,
      "UTID": "minecraft:leatherworker_emerald_for_leather"
    },
    {
      "offer": {
        "itemKey": "minecraft:leather_leggings",
        "amount": 1,
        "priceModifier": 0,
        "advancedNBTData": "{Damage:0,display:{color:16701501}}"
      },
      "request": {
        "itemKey": "minecraft:emerald",
        "amount": 3,
        "priceModifier": 0
      },
      "tradeExp": 1,
      "maxUses": 12,
      "priceMultiplier": 0.2,
      "demand": 0,
      "tradeLevel": 1,
      "UTID": "minecraft:leatherworker_leather_leggings_for_emerald"
    },
    {
      "offer": {
        "itemKey": "minecraft:leather_chestplate",
        "amount": 1,
        "priceModifier": 0,
        "advancedNBTData": "{Damage:0,display:{color:9195916}}"
      },
      "request": {
        "itemKey": "minecraft:emerald",
        "amount": 7,
        "priceModifier": 0
      },
      "tradeExp": 1,
      "maxUses": 12,
      "priceMultiplier": 0.2,
      "demand": 0,
      "tradeLevel": 1,
      "UTID": "minecraft:leatherworker_leather_chestplate_for_emerald"
    },
    {
      "offer": {
        "itemKey": "minecraft:emerald",
        "amount": 1,
        "priceModifier": 0
      },
      "request": {
        "itemKey": "minecraft:flint",
        "amount": 26,
        "priceModifier": 0
      },
      "tradeExp": 10,
      "maxUses": 12,
      "priceMultiplier": 0.05,
      "demand": 0,
      "tradeLevel": 2,
      "UTID": "minecraft:leatherworker_emerald_for_flint"
    },
    {
      "offer": {
        "itemKey": "minecraft:leather_helmet",
        "amount": 1,
        "priceModifier": 0,
        "advancedNBTData": "{Damage:0,display:{color:5207072}}"
      },
      "request": {
        "itemKey": "minecraft:emerald",
        "amount": 5,
        "priceModifier": 0
      },
      "tradeExp": 5,
      "maxUses": 12,
      "priceMultiplier": 0.2,
      "demand": 0,
      "tradeLevel": 2,
      "UTID": "minecraft:leatherworker_leather_helmet_for_emerald"
    },
    {
      "offer": {
        "itemKey": "minecraft:leather_boots",
        "amount": 1,
        "priceModifier": 0,
        "advancedNBTData": "{Damage:0,display:{color:13061821}}"
      },
      "request": {
        "itemKey": "minecraft:emerald",
        "amount": 4,
        "priceModifier": 0
      },
      "tradeExp": 5,
      "maxUses": 12,
      "priceMultiplier": 0.2,
      "demand": 0,
      "tradeLevel": 2,
      "UTID": "minecraft:leatherworker_leather_boots_for_emerald"
    },
    {
      "offer": {
        "itemKey": "minecraft:emerald",
        "amount": 1,
        "priceModifier": 0
      },
      "request": {
        "itemKey": "minecraft:rabbit_hide",
        "amount": 9,
        "priceModifier": 0
      },
      "tradeExp": 20,
      "maxUses": 12,
      "priceMultiplier": 0.05,
      "demand": 0,
      "tradeLevel": 3,
      "UTID": "minecraft:leatherworker_emerald_for_rabbit_hide"
    },
    {
      "offer": {
        "itemKey": "minecraft:leather_chestplate",
        "amount": 1,
        "priceModifier": 0,
        "advancedNBTData": "{Damage:0,display:{color:10329495}}"
      },
      "request": {
        "itemKey": "minecraft:emerald",
        "amount": 7,
        "priceModifier": 0
      },
      "tradeExp": 1,
      "maxUses": 12,
      "priceMultiplier": 0.2,
      "demand": 0,
      "tradeLevel": 3,
      "UTID": "minecraft:leatherworker_leather_chestplate_for_emerald"
    },
    {
      "offer": {
        "itemKey": "minecraft:emerald",
        "amount": 1,
        "priceModifier": 0
      },
      "request": {
        "itemKey": "minecraft:scute",
        "amount": 4,
        "priceModifier": 0
      },
      "tradeExp": 30,
      "maxUses": 12,
      "priceMultiplier": 0.05,
      "demand": 0,
      "tradeLevel": 4,
      "UTID": "minecraft:leatherworker_emerald_for_scute"
    },
    {
      "offer": {
        "itemKey": "minecraft:leather_horse_armor",
        "amount": 1,
        "priceModifier": 0
      },
      "request": {
        "itemKey": "minecraft:emerald",
        "amount": 6,
        "priceModifier": 0
      },
      "tradeExp": 15,
      "maxUses": 12,
      "priceMultiplier": 0.2,
      "demand": 0,
      "tradeLevel": 4,
      "UTID": "minecraft:leatherworker_leather_horse_armor_for_emerald"
    },
    {
      "offer": {
        "itemKey": "minecraft:saddle",
        "amount": 1,
        "priceModifier": 0
      },
      "request": {
        "itemKey": "minecraft:emerald",
        "amount": 6,
        "priceModifier": 0
      },
      "tradeExp": 30,
      "maxUses": 12,
      "priceMultiplier": 0.2,
      "demand": 0,
      "tradeLevel": 5,
      "UTID": "minecraft:leatherworker_saddle_for_emerald"
    },
    {
      "offer": {
        "itemKey": "minecraft:leather_helmet",
        "amount": 1,
        "priceModifier": 0,
        "advancedNBTData": "{Damage:0,display:{color:15961002}}"
      },
      "request": {
        "itemKey": "minecraft:emerald",
        "amount": 5,
        "priceModifier": 0
      },
      "tradeExp": 30,
      "maxUses": 12,
      "priceMultiplier": 0.2,
      "demand": 0,
      "tradeLevel": 5,
      "UTID": "minecraft:leatherworker_leather_helmet_for_emerald"
    }
  ]
}