{
  "profession": "minecraft:mason",
  "removeOtherTrades": true,
  "maxTrades": 2,
  "trades": [
    {
      "offer": {
        "itemKey": "minecraft:emerald",
        "amount": 1,
        "priceModifier": 0
      },
      "request": {
        "itemKey": "minecraft:clay_ball",
        "amount": 10,
        "priceModifier": 0
      },
      "tradeExp": 2,
      "maxUses": 16,
      "priceMultiplier": 0.05,
      "demand": 0,
      "tradeLevel": 1,
      "UTID": "minecraft:mason_emerald_for_clay_ball"
    },
    {
      "offer": {
        "itemKey": "minecraft:brick",
        "amount": 10,
        "priceModifier": 0
      },
      "request": {
        "itemKey": "minecraft:emerald",
        "amount": 1,
        "priceModifier": 0
      },
      "tradeExp": 1,
      "maxUses": 16,
      "priceMultiplier": 0.05,
      "demand": 0,
      "tradeLevel": 1,
      "UTID": "minecraft:mason_brick_for_emerald"
    },
    {
      "offer": {
        "itemKey": "supplementaries:ash_brick",
        "amount": 10,
        "priceModifier": 0
      },
      "request": {
        "itemKey": "minecraft:emerald",
        "amount": 1,
        "priceModifier": 0
      },
      "tradeExp": 1,
      "maxUses": 16,
      "priceMultiplier": 0.05,
      "demand": 0,
      "tradeLevel": 1,
      "UTID": "minecraft:mason_ash_brick_for_emerald"
    },
    {
      "offer": {
        "itemKey": "minecraft:emerald",
        "amount": 1,
        "priceModifier": 0
      },
      "request": {
        "itemKey": "minecraft:stone",
        "amount": 20,
        "priceModifier": 0
      },
      "tradeExp": 10,
      "maxUses": 16,
      "priceMultiplier": 0.05,
      "demand": 0,
      "tradeLevel": 2,
      "UTID": "minecraft:mason_emerald_for_stone"
    },
    {
      "offer": {
        "itemKey": "minecraft:chiseled_stone_bricks",
        "amount": 4,
        "priceModifier": 0
      },
      "request": {
        "itemKey": "minecraft:emerald",
        "amount": 1,
        "priceModifier": 0
      },
      "tradeExp": 5,
      "maxUses": 16,
      "priceMultiplier": 0.05,
      "demand": 0,
      "tradeLevel": 2,
      "UTID": "minecraft:mason_chiseled_stone_bricks_for_emerald"
    },
    {
      "offer": {
        "itemKey": "minecraft:emerald",
        "amount": 1,
        "priceModifier": 0
      },
      "request": {
        "itemKey": "minecraft:granite",
        "amount": 16,
        "priceModifier": 0
      },
      "tradeExp": 20,
      "maxUses": 16,
      "priceMultiplier": 0.05,
      "demand": 0,
      "tradeLevel": 3,
      "UTID": "minecraft:mason_emerald_for_granite"
    },
    {
      "offer": {
        "itemKey": "minecraft:emerald",
        "amount": 1,
        "priceModifier": 0
      },
      "request": {
        "itemKey": "minecraft:andesite",
        "amount": 16,
        "priceModifier": 0
      },
      "tradeExp": 20,
      "maxUses": 16,
      "priceMultiplier": 0.05,
      "demand": 0,
      "tradeLevel": 3,
      "UTID": "minecraft:mason_emerald_for_andesite"
    },
    {
      "offer": {
        "itemKey": "minecraft:emerald",
        "amount": 1,
        "priceModifier": 0
      },
      "request": {
        "itemKey": "minecraft:diorite",
        "amount": 16,
        "priceModifier": 0
      },
      "tradeExp": 20,
      "maxUses": 16,
      "priceMultiplier": 0.05,
      "demand": 0,
      "tradeLevel": 3,
      "UTID": "minecraft:mason_emerald_for_diorite"
    },
    {
      "offer": {
        "itemKey": "minecraft:dripstone_block",
        "amount": 4,
        "priceModifier": 0
      },
      "request": {
        "itemKey": "minecraft:emerald",
        "amount": 1,
        "priceModifier": 0
      },
      "tradeExp": 10,
      "maxUses": 16,
      "priceMultiplier": 0.05,
      "demand": 0,
      "tradeLevel": 3,
      "UTID": "minecraft:mason_dripstone_block_for_emerald"
    },
    {
      "offer": {
        "itemKey": "minecraft:polished_andesite",
        "amount": 4,
        "priceModifier": 0
      },
      "request": {
        "itemKey": "minecraft:emerald",
        "amount": 1,
        "priceModifier": 0
      },
      "tradeExp": 10,
      "maxUses": 16,
      "priceMultiplier": 0.05,
      "demand": 0,
      "tradeLevel": 3,
      "UTID": "minecraft:mason_polished_andesite_for_emerald"
    },
    {
      "offer": {
        "itemKey": "minecraft:polished_diorite",
        "amount": 4,
        "priceModifier": 0
      },
      "request": {
        "itemKey": "minecraft:emerald",
        "amount": 1,
        "priceModifier": 0
      },
      "tradeExp": 10,
      "maxUses": 16,
      "priceMultiplier": 0.05,
      "demand": 0,
      "tradeLevel": 3,
      "UTID": "minecraft:mason_polished_diorite_for_emerald"
    },
    {
      "offer": {
        "itemKey": "minecraft:polished_granite",
        "amount": 4,
        "priceModifier": 0
      },
      "request": {
        "itemKey": "minecraft:emerald",
        "amount": 1,
        "priceModifier": 0
      },
      "tradeExp": 10,
      "maxUses": 16,
      "priceMultiplier": 0.05,
      "demand": 0,
      "tradeLevel": 3,
      "UTID": "minecraft:mason_polished_granite_for_emerald"
    },
    {
      "offer": {
        "itemKey": "minecraft:emerald",
        "amount": 1,
        "priceModifier": 0
      },
      "request": {
        "itemKey": "minecraft:quartz",
        "amount": 12,
        "priceModifier": 0
      },
      "tradeExp": 30,
      "maxUses": 12,
      "priceMultiplier": 0.05,
      "demand": 0,
      "tradeLevel": 4,
      "UTID": "minecraft:mason_emerald_for_quartz"
    },
    {
      "offer": {
        "itemKey": "minecraft:orange_terracotta",
        "amount": 1,
        "priceModifier": 0
      },
      "request": {
        "itemKey": "minecraft:emerald",
        "amount": 1,
        "priceModifier": 0
      },
      "tradeExp": 15,
      "maxUses": 12,
      "priceMultiplier": 0.05,
      "demand": 0,
      "tradeLevel": 4,
      "UTID": "minecraft:mason_orange_terracotta_for_emerald"
    },
    {
      "offer": {
        "itemKey": "minecraft:white_terracotta",
        "amount": 1,
        "priceModifier": 0
      },
      "request": {
        "itemKey": "minecraft:emerald",
        "amount": 1,
        "priceModifier": 0
      },
      "tradeExp": 15,
      "maxUses": 12,
      "priceMultiplier": 0.05,
      "demand": 0,
      "tradeLevel": 4,
      "UTID": "minecraft:mason_white_terracotta_for_emerald"
    },
    {
      "offer": {
        "itemKey": "minecraft:blue_terracotta",
        "amount": 1,
        "priceModifier": 0
      },
      "request": {
        "itemKey": "minecraft:emerald",
        "amount": 1,
        "priceModifier": 0
      },
      "tradeExp": 15,
      "maxUses": 12,
      "priceMultiplier": 0.05,
      "demand": 0,
      "tradeLevel": 4,
      "UTID": "minecraft:mason_blue_terracotta_for_emerald"
    },
    {
      "offer": {
        "itemKey": "minecraft:light_blue_terracotta",
        "amount": 1,
        "priceModifier": 0
      },
      "request": {
        "itemKey": "minecraft:emerald",
        "amount": 1,
        "priceModifier": 0
      },
      "tradeExp": 15,
      "maxUses": 12,
      "priceMultiplier": 0.05,
      "demand": 0,
      "tradeLevel": 4,
      "UTID": "minecraft:mason_light_blue_terracotta_for_emerald"
    },
    {
      "offer": {
        "itemKey": "minecraft:gray_terracotta",
        "amount": 1,
        "priceModifier": 0
      },
      "request": {
        "itemKey": "minecraft:emerald",
        "amount": 1,
        "priceModifier": 0
      },
      "tradeExp": 15,
      "maxUses": 12,
      "priceMultiplier": 0.05,
      "demand": 0,
      "tradeLevel": 4,
      "UTID": "minecraft:mason_gray_terracotta_for_emerald"
    },
    {
      "offer": {
        "itemKey": "minecraft:light_gray_terracotta",
        "amount": 1,
        "priceModifier": 0
      },
      "request": {
        "itemKey": "minecraft:emerald",
        "amount": 1,
        "priceModifier": 0
      },
      "tradeExp": 15,
      "maxUses": 12,
      "priceMultiplier": 0.05,
      "demand": 0,
      "tradeLevel": 4,
      "UTID": "minecraft:mason_light_gray_terracotta_for_emerald"
    },
    {
      "offer": {
        "itemKey": "minecraft:black_terracotta",
        "amount": 1,
        "priceModifier": 0
      },
      "request": {
        "itemKey": "minecraft:emerald",
        "amount": 1,
        "priceModifier": 0
      },
      "tradeExp": 15,
      "maxUses": 12,
      "priceMultiplier": 0.05,
      "demand": 0,
      "tradeLevel": 4,
      "UTID": "minecraft:mason_black_terracotta_for_emerald"
    },
    {
      "offer": {
        "itemKey": "minecraft:red_terracotta",
        "amount": 1,
        "priceModifier": 0
      },
      "request": {
        "itemKey": "minecraft:emerald",
        "amount": 1,
        "priceModifier": 0
      },
      "tradeExp": 15,
      "maxUses": 12,
      "priceMultiplier": 0.05,
      "demand": 0,
      "tradeLevel": 4,
      "UTID": "minecraft:mason_red_terracotta_for_emerald"
    },
    {
      "offer": {
        "itemKey": "minecraft:pink_terracotta",
        "amount": 1,
        "priceModifier": 0
      },
      "request": {
        "itemKey": "minecraft:emerald",
        "amount": 1,
        "priceModifier": 0
      },
      "tradeExp": 15,
      "maxUses": 12,
      "priceMultiplier": 0.05,
      "demand": 0,
      "tradeLevel": 4,
      "UTID": "minecraft:mason_pink_terracotta_for_emerald"
    },
    {
      "offer": {
        "itemKey": "minecraft:magenta_terracotta",
        "amount": 1,
        "priceModifier": 0
      },
      "request": {
        "itemKey": "minecraft:emerald",
        "amount": 1,
        "priceModifier": 0
      },
      "tradeExp": 15,
      "maxUses": 12,
      "priceMultiplier": 0.05,
      "demand": 0,
      "tradeLevel": 4,
      "UTID": "minecraft:mason_magenta_terracotta_for_emerald"
    },
    {
      "offer": {
        "itemKey": "minecraft:lime_terracotta",
        "amount": 1,
        "priceModifier": 0
      },
      "request": {
        "itemKey": "minecraft:emerald",
        "amount": 1,
        "priceModifier": 0
      },
      "tradeExp": 15,
      "maxUses": 12,
      "priceMultiplier": 0.05,
      "demand": 0,
      "tradeLevel": 4,
      "UTID": "minecraft:mason_lime_terracotta_for_emerald"
    },
    {
      "offer": {
        "itemKey": "minecraft:green_terracotta",
        "amount": 1,
        "priceModifier": 0
      },
      "request": {
        "itemKey": "minecraft:emerald",
        "amount": 1,
        "priceModifier": 0
      },
      "tradeExp": 15,
      "maxUses": 12,
      "priceMultiplier": 0.05,
      "demand": 0,
      "tradeLevel": 4,
      "UTID": "minecraft:mason_green_terracotta_for_emerald"
    },
    {
      "offer": {
        "itemKey": "minecraft:cyan_terracotta",
        "amount": 1,
        "priceModifier": 0
      },
      "request": {
        "itemKey": "minecraft:emerald",
        "amount": 1,
        "priceModifier": 0
      },
      "tradeExp": 15,
      "maxUses": 12,
      "priceMultiplier": 0.05,
      "demand": 0,
      "tradeLevel": 4,
      "UTID": "minecraft:mason_cyan_terracotta_for_emerald"
    },
    {
      "offer": {
        "itemKey": "minecraft:purple_terracotta",
        "amount": 1,
        "priceModifier": 0
      },
      "request": {
        "itemKey": "minecraft:emerald",
        "amount": 1,
        "priceModifier": 0
      },
      "tradeExp": 15,
      "maxUses": 12,
      "priceMultiplier": 0.05,
      "demand": 0,
      "tradeLevel": 4,
      "UTID": "minecraft:mason_purple_terracotta_for_emerald"
    },
    {
      "offer": {
        "itemKey": "minecraft:yellow_terracotta",
        "amount": 1,
        "priceModifier": 0
      },
      "request": {
        "itemKey": "minecraft:emerald",
        "amount": 1,
        "priceModifier": 0
      },
      "tradeExp": 15,
      "maxUses": 12,
      "priceMultiplier": 0.05,
      "demand": 0,
      "tradeLevel": 4,
      "UTID": "minecraft:mason_yellow_terracotta_for_emerald"
    },
    {
      "offer": {
        "itemKey": "minecraft:brown_terracotta",
        "amount": 1,
        "priceModifier": 0
      },
      "request": {
        "itemKey": "minecraft:emerald",
        "amount": 1,
        "priceModifier": 0
      },
      "tradeExp": 15,
      "maxUses": 12,
      "priceMultiplier": 0.05,
      "demand": 0,
      "tradeLevel": 4,
      "UTID": "minecraft:mason_brown_terracotta_for_emerald"
    },
    {
      "offer": {
        "itemKey": "minecraft:orange_glazed_terracotta",
        "amount": 1,
        "priceModifier": 0
      },
      "request": {
        "itemKey": "minecraft:emerald",
        "amount": 1,
        "priceModifier": 0
      },
      "tradeExp": 15,
      "maxUses": 12,
      "priceMultiplier": 0.05,
      "demand": 0,
      "tradeLevel": 4,
      "UTID": "minecraft:mason_orange_glazed_terracotta_for_emerald"
    },
    {
      "offer": {
        "itemKey": "minecraft:white_glazed_terracotta",
        "amount": 1,
        "priceModifier": 0
      },
      "request": {
        "itemKey": "minecraft:emerald",
        "amount": 1,
        "priceModifier": 0
      },
      "tradeExp": 15,
      "maxUses": 12,
      "priceMultiplier": 0.05,
      "demand": 0,
      "tradeLevel": 4,
      "UTID": "minecraft:mason_white_glazed_terracotta_for_emerald"
    },
    {
      "offer": {
        "itemKey": "minecraft:blue_glazed_terracotta",
        "amount": 1,
        "priceModifier": 0
      },
      "request": {
        "itemKey": "minecraft:emerald",
        "amount": 1,
        "priceModifier": 0
      },
      "tradeExp": 15,
      "maxUses": 12,
      "priceMultiplier": 0.05,
      "demand": 0,
      "tradeLevel": 4,
      "UTID": "minecraft:mason_blue_glazed_terracotta_for_emerald"
    },
    {
      "offer": {
        "itemKey": "minecraft:light_blue_glazed_terracotta",
        "amount": 1,
        "priceModifier": 0
      },
      "request": {
        "itemKey": "minecraft:emerald",
        "amount": 1,
        "priceModifier": 0
      },
      "tradeExp": 15,
      "maxUses": 12,
      "priceMultiplier": 0.05,
      "demand": 0,
      "tradeLevel": 4,
      "UTID": "minecraft:mason_light_blue_glazed_terracotta_for_emerald"
    },
    {
      "offer": {
        "itemKey": "minecraft:gray_glazed_terracotta",
        "amount": 1,
        "priceModifier": 0
      },
      "request": {
        "itemKey": "minecraft:emerald",
        "amount": 1,
        "priceModifier": 0
      },
      "tradeExp": 15,
      "maxUses": 12,
      "priceMultiplier": 0.05,
      "demand": 0,
      "tradeLevel": 4,
      "UTID": "minecraft:mason_gray_glazed_terracotta_for_emerald"
    },
    {
      "offer": {
        "itemKey": "minecraft:light_gray_glazed_terracotta",
        "amount": 1,
        "priceModifier": 0
      },
      "request": {
        "itemKey": "minecraft:emerald",
        "amount": 1,
        "priceModifier": 0
      },
      "tradeExp": 15,
      "maxUses": 12,
      "priceMultiplier": 0.05,
      "demand": 0,
      "tradeLevel": 4,
      "UTID": "minecraft:mason_light_gray_glazed_terracotta_for_emerald"
    },
    {
      "offer": {
        "itemKey": "minecraft:black_glazed_terracotta",
        "amount": 1,
        "priceModifier": 0
      },
      "request": {
        "itemKey": "minecraft:emerald",
        "amount": 1,
        "priceModifier": 0
      },
      "tradeExp": 15,
      "maxUses": 12,
      "priceMultiplier": 0.05,
      "demand": 0,
      "tradeLevel": 4,
      "UTID": "minecraft:mason_black_glazed_terracotta_for_emerald"
    },
    {
      "offer": {
        "itemKey": "minecraft:red_glazed_terracotta",
        "amount": 1,
        "priceModifier": 0
      },
      "request": {
        "itemKey": "minecraft:emerald",
        "amount": 1,
        "priceModifier": 0
      },
      "tradeExp": 15,
      "maxUses": 12,
      "priceMultiplier": 0.05,
      "demand": 0,
      "tradeLevel": 4,
      "UTID": "minecraft:mason_red_glazed_terracotta_for_emerald"
    },
    {
      "offer": {
        "itemKey": "minecraft:pink_glazed_terracotta",
        "amount": 1,
        "priceModifier": 0
      },
      "request": {
        "itemKey": "minecraft:emerald",
        "amount": 1,
        "priceModifier": 0
      },
      "tradeExp": 15,
      "maxUses": 12,
      "priceMultiplier": 0.05,
      "demand": 0,
      "tradeLevel": 4,
      "UTID": "minecraft:mason_pink_glazed_terracotta_for_emerald"
    },
    {
      "offer": {
        "itemKey": "minecraft:magenta_glazed_terracotta",
        "amount": 1,
        "priceModifier": 0
      },
      "request": {
        "itemKey": "minecraft:emerald",
        "amount": 1,
        "priceModifier": 0
      },
      "tradeExp": 15,
      "maxUses": 12,
      "priceMultiplier": 0.05,
      "demand": 0,
      "tradeLevel": 4,
      "UTID": "minecraft:mason_magenta_glazed_terracotta_for_emerald"
    },
    {
      "offer": {
        "itemKey": "minecraft:lime_glazed_terracotta",
        "amount": 1,
        "priceModifier": 0
      },
      "request": {
        "itemKey": "minecraft:emerald",
        "amount": 1,
        "priceModifier": 0
      },
      "tradeExp": 15,
      "maxUses": 12,
      "priceMultiplier": 0.05,
      "demand": 0,
      "tradeLevel": 4,
      "UTID": "minecraft:mason_lime_glazed_terracotta_for_emerald"
    },
    {
      "offer": {
        "itemKey": "minecraft:green_glazed_terracotta",
        "amount": 1,
        "priceModifier": 0
      },
      "request": {
        "itemKey": "minecraft:emerald",
        "amount": 1,
        "priceModifier": 0
      },
      "tradeExp": 15,
      "maxUses": 12,
      "priceMultiplier": 0.05,
      "demand": 0,
      "tradeLevel": 4,
      "UTID": "minecraft:mason_green_glazed_terracotta_for_emerald"
    },
    {
      "offer": {
        "itemKey": "minecraft:cyan_glazed_terracotta",
        "amount": 1,
        "priceModifier": 0
      },
      "request": {
        "itemKey": "minecraft:emerald",
        "amount": 1,
        "priceModifier": 0
      },
      "tradeExp": 15,
      "maxUses": 12,
      "priceMultiplier": 0.05,
      "demand": 0,
      "tradeLevel": 4,
      "UTID": "minecraft:mason_cyan_glazed_terracotta_for_emerald"
    },
    {
      "offer": {
        "itemKey": "minecraft:purple_glazed_terracotta",
        "amount": 1,
        "priceModifier": 0
      },
      "request": {
        "itemKey": "minecraft:emerald",
        "amount": 1,
        "priceModifier": 0
      },
      "tradeExp": 15,
      "maxUses": 12,
      "priceMultiplier": 0.05,
      "demand": 0,
      "tradeLevel": 4,
      "UTID": "minecraft:mason_purple_glazed_terracotta_for_emerald"
    },
    {
      "offer": {
        "itemKey": "minecraft:yellow_glazed_terracotta",
        "amount": 1,
        "priceModifier": 0
      },
      "request": {
        "itemKey": "minecraft:emerald",
        "amount": 1,
        "priceModifier": 0
      },
      "tradeExp": 15,
      "maxUses": 12,
      "priceMultiplier": 0.05,
      "demand": 0,
      "tradeLevel": 4,
      "UTID": "minecraft:mason_yellow_glazed_terracotta_for_emerald"
    },
    {
      "offer": {
        "itemKey": "minecraft:brown_glazed_terracotta",
        "amount": 1,
        "priceModifier": 0
      },
      "request": {
        "itemKey": "minecraft:emerald",
        "amount": 1,
        "priceModifier": 0
      },
      "tradeExp": 15,
      "maxUses": 12,
      "priceMultiplier": 0.05,
      "demand": 0,
      "tradeLevel": 4,
      "UTID": "minecraft:mason_brown_glazed_terracotta_for_emerald"
    },
    {
      "offer": {
        "itemKey": "minecraft:quartz_pillar",
        "amount": 1,
        "priceModifier": 0
      },
      "request": {
        "itemKey": "minecraft:emerald",
        "amount": 1,
        "priceModifier": 0
      },
      "tradeExp": 30,
      "maxUses": 12,
      "priceMultiplier": 0.05,
      "demand": 0,
      "tradeLevel": 5,
      "UTID": "minecraft:mason_quartz_pillar_for_emerald"
    },
    {
      "offer": {
        "itemKey": "minecraft:quartz_block",
        "amount": 1,
        "priceModifier": 0
      },
      "request": {
        "itemKey": "minecraft:emerald",
        "amount": 1,
        "priceModifier": 0
      },
      "tradeExp": 30,
      "maxUses": 12,
      "priceMultiplier": 0.05,
      "demand": 0,
      "tradeLevel": 5,
      "UTID": "minecraft:mason_quartz_block_for_emerald"
    }
  ]
}