{
  "profession": "morevillagers:netherian",
  "removeOtherTrades": true,
  "maxTrades": 2,
  "trades": [
    {
      "offer": {
        "itemKey": "minecraft:emerald",
        "amount": 1,
        "priceModifier": 0
      },
      "request": {
        "itemKey": "minecraft:basalt",
        "amount": 24,
        "priceModifier": 0
      },
      "tradeExp": 2,
      "maxUses": 16,
      "priceMultiplier": 0.05,
      "demand": 0,
      "tradeLevel": 1,
      "UTID": "morevillagers:netherian_emerald_for_basalt"
    },
    {
      "offer": {
        "itemKey": "minecraft:nether_brick",
        "amount": 10,
        "priceModifier": 0
      },
      "request": {
        "itemKey": "minecraft:emerald",
        "amount": 1,
        "priceModifier": 0
      },
      "tradeExp": 1,
      "maxUses": 16,
      "priceMultiplier": 0.05,
      "demand": 0,
      "tradeLevel": 1,
      "UTID": "morevillagers:netherian_nether_brick_for_emerald"
    },
    {
      "offer": {
        "itemKey": "minecraft:emerald",
        "amount": 1,
        "priceModifier": 0
      },
      "request": {
        "itemKey": "minecraft:blackstone",
        "amount": 24,
        "priceModifier": 0
      },
      "tradeExp": 10,
      "maxUses": 16,
      "priceMultiplier": 0.05,
      "demand": 0,
      "tradeLevel": 2,
      "UTID": "morevillagers:netherian_emerald_for_blackstone"
    },
    {
      "offer": {
        "itemKey": "minecraft:nether_quartz_ore",
        "amount": 1,
        "priceModifier": 0
      },
      "request": {
        "itemKey": "minecraft:emerald",
        "amount": 4,
        "priceModifier": 0
      },
      "tradeExp": 5,
      "maxUses": 16,
      "priceMultiplier": 0.05,
      "demand": 0,
      "tradeLevel": 2,
      "UTID": "morevillagers:netherian_nether_quartz_ore_for_emerald"
    },
    {
      "offer": {
        "itemKey": "minecraft:emerald",
        "amount": 1,
        "priceModifier": 0
      },
      "request": {
        "itemKey": "minecraft:obsidian",
        "amount": 4,
        "priceModifier": 0
      },
      "tradeExp": 20,
      "maxUses": 16,
      "priceMultiplier": 0.05,
      "demand": 0,
      "tradeLevel": 3,
      "UTID": "morevillagers:netherian_emerald_for_obsidian"
    },
    {
      "offer": {
        "itemKey": "minecraft:emerald",
        "amount": 1,
        "priceModifier": 0
      },
      "request": {
        "itemKey": "minecraft:gold_ingot",
        "amount": 4,
        "priceModifier": 0
      },
      "tradeExp": 30,
      "maxUses": 16,
      "priceMultiplier": 0.05,
      "demand": 0,
      "tradeLevel": 4,
      "UTID": "morevillagers:netherian_emerald_for_gold_ingot"
    },
    {
      "offer": {
        "itemKey": "minecraft:music_disc_pigstep",
        "amount": 1,
        "priceModifier": 0
      },
      "request": {
        "itemKey": "minecraft:emerald",
        "amount": 20,
        "priceModifier": 0
      },
      "tradeExp": 30,
      "maxUses": 12,
      "priceMultiplier": 0.05,
      "demand": 0,
      "tradeLevel": 5,
      "UTID": "morevillagers:netherian_music_disc_pigstep_for_emerald"
    }
  ]
}