{
  "profession": "blue_skies:nightwatcher",
  "removeOtherTrades": true,
  "maxTrades": 2,
  "trades": [
    {
      "offer": {
        "itemKey": "minecraft:string",
        "amount": 16,
        "priceModifier": 0
      },
      "request": {
        "itemKey": "minecraft:emerald",
        "amount": 1,
        "priceModifier": 0
      },
      "tradeExp": 3,
      "maxUses": 12,
      "priceMultiplier": 0.05,
      "demand": 0,
      "tradeLevel": 1,
      "UTID": "blue_skies:nightwatcher_string_for_emerald"
    },
    {
      "offer": {
        "itemKey": "minecraft:wheat_seeds",
        "amount": 26,
        "priceModifier": 0
      },
      "request": {
        "itemKey": "minecraft:emerald",
        "amount": 1,
        "priceModifier": 0
      },
      "tradeExp": 3,
      "maxUses": 12,
      "priceMultiplier": 0.05,
      "demand": 0,
      "tradeLevel": 1,
      "UTID": "blue_skies:nightwatcher_wheat_seeds_for_emerald"
    },
    {
      "offer": {
        "itemKey": "minecraft:bread",
        "amount": 8,
        "priceModifier": 0
      },
      "request": {
        "itemKey": "minecraft:emerald",
        "amount": 1,
        "priceModifier": 0
      },
      "tradeExp": 5,
      "maxUses": 12,
      "priceMultiplier": 0.05,
      "demand": 0,
      "tradeLevel": 1,
      "UTID": "blue_skies:nightwatcher_bread_for_emerald"
    },
    {
      "offer": {
        "itemKey": "blue_skies:ventium_nugget",
        "amount": 6,
        "priceModifier": 0
      },
      "request": {
        "itemKey": "minecraft:emerald",
        "amount": 1,
        "priceModifier": 0
      },
      "tradeExp": 10,
      "maxUses": 12,
      "priceMultiplier": 0.05,
      "demand": 0,
      "tradeLevel": 2,
      "UTID": "blue_skies:nightwatcher_ventium_nugget_for_emerald"
    },
    {
      "offer": {
        "itemKey": "minecraft:gold_nugget",
        "amount": 6,
        "priceModifier": 0
      },
      "request": {
        "itemKey": "minecraft:emerald",
        "amount": 1,
        "priceModifier": 0
      },
      "tradeExp": 10,
      "maxUses": 12,
      "priceMultiplier": 0.05,
      "demand": 0,
      "tradeLevel": 2,
      "UTID": "blue_skies:nightwatcher_gold_nugget_for_emerald"
    },
    {
      "offer": {
        "itemKey": "blue_skies:falsite_nugget",
        "amount": 6,
        "priceModifier": 0
      },
      "request": {
        "itemKey": "minecraft:emerald",
        "amount": 1,
        "priceModifier": 0
      },
      "tradeExp": 10,
      "maxUses": 12,
      "priceMultiplier": 0.05,
      "demand": 0,
      "tradeLevel": 2,
      "UTID": "blue_skies:nightwatcher_falsite_nugget_for_emerald"
    },
    {
      "offer": {
        "itemKey": "blue_skies:cooked_grittle_flatfish",
        "amount": 6,
        "priceModifier": 0
      },
      "request": {
        "itemKey": "minecraft:emerald",
        "amount": 1,
        "priceModifier": 0
      },
      "tradeExp": 10,
      "maxUses": 12,
      "priceMultiplier": 0.05,
      "demand": 0,
      "tradeLevel": 2,
      "UTID": "blue_skies:nightwatcher_cooked_grittle_flatfish_for_emerald"
    },
    {
      "offer": {
        "itemKey": "blue_skies:ventium_bucket",
        "amount": 1,
        "priceModifier": 0
      },
      "request": {
        "itemKey": "minecraft:emerald",
        "amount": 2,
        "priceModifier": 0
      },
      "tradeExp": 15,
      "maxUses": 12,
      "priceMultiplier": 0.05,
      "demand": 0,
      "tradeLevel": 3,
      "UTID": "blue_skies:nightwatcher_ventium_bucket_for_emerald"
    },
    {
      "offer": {
        "itemKey": "blue_skies:falsite_ingot",
        "amount": 1,
        "priceModifier": 0
      },
      "request": {
        "itemKey": "minecraft:emerald",
        "amount": 2,
        "priceModifier": 0
      },
      "tradeExp": 15,
      "maxUses": 12,
      "priceMultiplier": 0.05,
      "demand": 0,
      "tradeLevel": 3,
      "UTID": "blue_skies:nightwatcher_falsite_ingot_for_emerald"
    },
    {
      "offer": {
        "itemKey": "blue_skies:ventium_ingot",
        "amount": 1,
        "priceModifier": 0
      },
      "request": {
        "itemKey": "minecraft:emerald",
        "amount": 2,
        "priceModifier": 0
      },
      "tradeExp": 15,
      "maxUses": 12,
      "priceMultiplier": 0.05,
      "demand": 0,
      "tradeLevel": 3,
      "UTID": "blue_skies:nightwatcher_ventium_ingot_for_emerald"
    },
    {
      "offer": {
        "itemKey": "blue_skies:aquite",
        "amount": 6,
        "priceModifier": 0
      },
      "request": {
        "itemKey": "dotcoinmod:silver_coin",
        "amount": 24,
        "priceModifier": 0
      },
      "tradeExp": 15,
      "maxUses": 12,
      "priceMultiplier": 0.05,
      "demand": 0,
      "tradeLevel": 3,
      "UTID": "blue_skies:nightwatcher_aquite_for_emerald"
    },
    {
      "offer": {
        "itemKey": "minecraft:map",
        "amount": 1,
        "priceModifier": 0
      },
      "request": {
        "itemKey": "minecraft:emerald",
        "amount": 4,
        "priceModifier": 0
      },
      "tradeExp": 15,
      "maxUses": 12,
      "priceMultiplier": 0.05,
      "demand": 0,
      "tradeLevel": 3,
      "UTID": "blue_skies:nightwatcher_map_for_emerald"
    },
    {
      "offer": {
        "itemKey": "minecraft:name_tag",
        "amount": 1,
        "priceModifier": 0
      },
      "request": {
        "itemKey": "minecraft:emerald",
        "amount": 8,
        "priceModifier": 0
      },
      "tradeExp": 25,
      "maxUses": 12,
      "priceMultiplier": 0.05,
      "demand": 0,
      "tradeLevel": 4,
      "UTID": "blue_skies:nightwatcher_name_tag_for_emerald"
    },
    {
      "offer": {
        "itemKey": "minecraft:saddle",
        "amount": 1,
        "priceModifier": 0
      },
      "request": {
        "itemKey": "minecraft:emerald",
        "amount": 6,
        "priceModifier": 0
      },
      "tradeExp": 20,
      "maxUses": 12,
      "priceMultiplier": 0.05,
      "demand": 0,
      "tradeLevel": 4,
      "UTID": "blue_skies:nightwatcher_saddle_for_emerald"
    },
    {
      "offer": {
        "itemKey": "blue_skies:charoite",
        "amount": 3,
        "priceModifier": 0
      },
      "request": {
        "itemKey": "dotcoinmod:silver_coin",
        "amount": 27,
        "priceModifier": 0
      },
      "tradeExp": 30,
      "maxUses": 12,
      "priceMultiplier": 0.05,
      "demand": 0,
      "tradeLevel": 4,
      "UTID": "blue_skies:nightwatcher_charoite_for_emerald"
    },
    {
      "offer": {
        "itemKey": "minecraft:gold_ingot",
        "amount": 6,
        "priceModifier": 0
      },
      "request": {
        "itemKey": "minecraft:emerald",
        "amount": 2,
        "priceModifier": 0
      },
      "tradeExp": 20,
      "maxUses": 12,
      "priceMultiplier": 0.05,
      "demand": 0,
      "tradeLevel": 4,
      "UTID": "blue_skies:nightwatcher_gold_ingot_for_emerald"
    },
    {
      "offer": {
        "itemKey": "blue_skies:bag_of_spoils",
        "amount": 1,
        "priceModifier": 0
      },
      "request": {
        "itemKey": "minecraft:emerald",
        "amount": 6,
        "priceModifier": 0
      },
      "tradeExp": 35,
      "maxUses": 12,
      "priceMultiplier": 0.05,
      "demand": 0,
      "tradeLevel": 5,
      "UTID": "blue_skies:nightwatcher_bag_of_spoils_for_emerald"
    }
  ]
}