{
  "profession": "morevillagers:oceanographer",
  "removeOtherTrades": true,
  "maxTrades": 2,
  "trades": [
    {
      "offer": {
        "itemKey": "minecraft:emerald",
        "amount": 1,
        "priceModifier": 0
      },
      "request": {
        "itemKey": "minecraft:prismarine",
        "amount": 14,
        "priceModifier": 0
      },
      "tradeExp": 2,
      "maxUses": 16,
      "priceMultiplier": 0.05,
      "demand": 0,
      "tradeLevel": 1,
      "UTID": "morevillagers:oceanographer_emerald_for_prismarine"
    },
    {
      "offer": {
        "itemKey": "minecraft:sea_lantern",
        "amount": 4,
        "priceModifier": 0
      },
      "request": {
        "itemKey": "minecraft:emerald",
        "amount": 2,
        "priceModifier": 0
      },
      "tradeExp": 1,
      "maxUses": 16,
      "priceMultiplier": 0.05,
      "demand": 0,
      "tradeLevel": 1,
      "UTID": "morevillagers:oceanographer_sea_lantern_for_emerald"
    },
    {
      "offer": {
        "itemKey": "minecraft:emerald",
        "amount": 1,
        "priceModifier": 0
      },
      "request": {
        "itemKey": "minecraft:prismarine_bricks",
        "amount": 14,
        "priceModifier": 0
      },
      "tradeExp": 10,
      "maxUses": 16,
      "priceMultiplier": 0.05,
      "demand": 0,
      "tradeLevel": 2,
      "UTID": "morevillagers:oceanographer_emerald_for_prismarine_bricks"
    },
    {
      "offer": {
        "itemKey": "minecraft:sponge",
        "amount": 2,
        "priceModifier": 0
      },
      "request": {
        "itemKey": "minecraft:emerald",
        "amount": 4,
        "priceModifier": 0
      },
      "tradeExp": 5,
      "maxUses": 16,
      "priceMultiplier": 0.05,
      "demand": 0,
      "tradeLevel": 2,
      "UTID": "morevillagers:oceanographer_sponge_for_emerald"
    },
    {
      "offer": {
        "itemKey": "minecraft:emerald",
        "amount": 1,
        "priceModifier": 0
      },
      "request": {
        "itemKey": "minecraft:dark_prismarine",
        "amount": 12,
        "priceModifier": 0
      },
      "tradeExp": 20,
      "maxUses": 16,
      "priceMultiplier": 0.05,
      "demand": 0,
      "tradeLevel": 3,
      "UTID": "morevillagers:oceanographer_emerald_for_dark_prismarine"
    },
    {
      "offer": {
        "itemKey": "minecraft:filled_map",
        "amount": 1,
        "priceModifier": 0,
        "advancedNBTData": "{Decorations:[{id:\"+\",rot:180.0d,type:26b,x:-183.0d,z:-807.0d}],display:{Name:\u0027{\"translate\":\"filled_map.buried_treasure\"}\u0027},map:3}"
      },
      "request": {
        "itemKey": "minecraft:emerald",
        "amount": 13,
        "priceModifier": 0
      },
      "additionalRequest": {
        "itemKey": "minecraft:compass",
        "amount": 1,
        "priceModifier": 0
      },
      "tradeExp": 10,
      "maxUses": 12,
      "priceMultiplier": 0.2,
      "demand": 0,
      "tradeLevel": 3,
      "UTID": "morevillagers:oceanographer_filled_map_for_emerald_and_compass"
    },
    {
      "offer": {
        "itemKey": "minecraft:nautilus_shell",
        "amount": 1,
        "priceModifier": 0
      },
      "request": {
        "itemKey": "minecraft:emerald",
        "amount": 3,
        "priceModifier": 0
      },
      "tradeExp": 15,
      "maxUses": 12,
      "priceMultiplier": 0.05,
      "demand": 0,
      "tradeLevel": 4,
      "UTID": "morevillagers:oceanographer_nautilus_shell_for_emerald"
    },
    {
      "offer": {
        "itemKey": "minecraft:heart_of_the_sea",
        "amount": 1,
        "priceModifier": 0
      },
      "request": {
        "itemKey": "minecraft:emerald",
        "amount": 8,
        "priceModifier": 0
      },
      "tradeExp": 15,
      "maxUses": 12,
      "priceMultiplier": 0.05,
      "demand": 0,
      "tradeLevel": 4,
      "UTID": "morevillagers:oceanographer_heart_of_the_sea_for_emerald"
    },
    {
      "offer": {
        "itemKey": "minecraft:trident",
        "amount": 1,
        "priceModifier": 0,
        "advancedNBTData": "{Damage:0}"
      },
      "request": {
        "itemKey": "minecraft:emerald",
        "amount": 32,
        "priceModifier": 0
      },
      "tradeExp": 30,
      "maxUses": 2,
      "priceMultiplier": 0.05,
      "demand": 0,
      "tradeLevel": 5,
      "UTID": "morevillagers:oceanographer_trident_for_emerald"
    }
  ]
}