{
  "profession": "blue_skies:stargazer",
  "removeOtherTrades": true,
  "maxTrades": 2,
  "trades": [
    {
      "offer": {
        "itemKey": "minecraft:clock",
        "amount": 1,
        "priceModifier": 0
      },
      "request": {
        "itemKey": "blue_skies:falsite_ingot",
        "amount": 4,
        "priceModifier": 0
      },
      "additionalRequest": {
        "itemKey": "blue_skies:moonstone_shard",
        "amount": 1,
        "priceModifier": 0
      },
      "tradeExp": 3,
      "maxUses": 12,
      "priceMultiplier": 0.05,
      "demand": 0,
      "tradeLevel": 1,
      "UTID": "blue_skies:stargazer_clock_for_falsite_ingot_and_moonstone_shard"
    },
    {
      "offer": {
        "itemKey": "minecraft:emerald",
        "amount": 1,
        "priceModifier": 0
      },
      "request": {
        "itemKey": "blue_skies:star_flare",
        "amount": 32,
        "priceModifier": 0
      },
      "tradeExp": 3,
      "maxUses": 10,
      "priceMultiplier": 0.05,
      "demand": 0,
      "tradeLevel": 1,
      "UTID": "blue_skies:stargazer_emerald_for_star_flare"
    },
    {
      "offer": {
        "itemKey": "minecraft:compass",
        "amount": 1,
        "priceModifier": 0
      },
      "request": {
        "itemKey": "blue_skies:ventium_ingot",
        "amount": 4,
        "priceModifier": 0
      },
      "additionalRequest": {
        "itemKey": "blue_skies:moonstone_shard",
        "amount": 1,
        "priceModifier": 0
      },
      "tradeExp": 10,
      "maxUses": 12,
      "priceMultiplier": 0.05,
      "demand": 0,
      "tradeLevel": 2,
      "UTID": "blue_skies:stargazer_compass_for_ventium_ingot_and_moonstone_shard"
    },
    {
      "offer": {
        "itemKey": "minecraft:emerald",
        "amount": 1,
        "priceModifier": 0
      },
      "request": {
        "itemKey": "minecraft:glass",
        "amount": 16,
        "priceModifier": 0
      },
      "tradeExp": 7,
      "maxUses": 10,
      "priceMultiplier": 0.05,
      "demand": 0,
      "tradeLevel": 2,
      "UTID": "blue_skies:stargazer_emerald_for_glass"
    },
    {
      "offer": {
        "itemKey": "minecraft:emerald",
        "amount": 1,
        "priceModifier": 0
      },
      "request": {
        "itemKey": "minecraft:iron_ingot",
        "amount": 5,
        "priceModifier": 0
      },
      "tradeExp": 15,
      "maxUses": 12,
      "priceMultiplier": 0.05,
      "demand": 0,
      "tradeLevel": 3,
      "UTID": "blue_skies:stargazer_emerald_for_iron_ingot"
    },
    {
      "offer": {
        "itemKey": "blue_skies:moonstone_lantern",
        "amount": 3,
        "priceModifier": 0
      },
      "request": {
        "itemKey": "blue_skies:moonstone",
        "amount": 6,
        "priceModifier": 0
      },
      "additionalRequest": {
        "itemKey": "minecraft:iron_bars",
        "amount": 8,
        "priceModifier": 0
      },
      "tradeExp": 25,
      "maxUses": 15,
      "priceMultiplier": 0.05,
      "demand": 0,
      "tradeLevel": 4,
      "UTID": "blue_skies:stargazer_moonstone_lantern_for_moonstone_and_iron_bars"
    },
    {
      "offer": {
        "itemKey": "blue_skies:astrolabe",
        "amount": 1,
        "priceModifier": 0
      },
      "request": {
        "itemKey": "minecraft:emerald",
        "amount": 10,
        "priceModifier": 0
      },
      "tradeExp": 30,
      "maxUses": 12,
      "priceMultiplier": 0.05,
      "demand": 0,
      "tradeLevel": 5,
      "UTID": "blue_skies:stargazer_astrolabe_for_emerald"
    }
  ]
}