{
  "profession": "minecraft:toolsmith",
  "removeOtherTrades": true,
  "maxTrades": 2,
  "trades": [
    {
      "offer": {
        "itemKey": "minecraft:emerald",
        "amount": 1,
        "priceModifier": 0
      },
      "request": {
        "itemKey": "minecraft:coal",
        "amount": 15,
        "priceModifier": 0
      },
      "tradeExp": 2,
      "maxUses": 16,
      "priceMultiplier": 0.05,
      "demand": 0,
      "tradeLevel": 1,
      "UTID": "minecraft:toolsmith_emerald_for_coal"
    },
    {
      "offer": {
        "itemKey": "minecraft:stone_axe",
        "amount": 1,
        "priceModifier": 0,
        "advancedNBTData": "{Damage:0}"
      },
      "request": {
        "itemKey": "minecraft:emerald",
        "amount": 1,
        "priceModifier": 0
      },
      "tradeExp": 1,
      "maxUses": 12,
      "priceMultiplier": 0.2,
      "demand": 0,
      "tradeLevel": 1,
      "UTID": "minecraft:toolsmith_stone_axe_for_emerald"
    },
    {
      "offer": {
        "itemKey": "minecraft:stone_shovel",
        "amount": 1,
        "priceModifier": 0,
        "advancedNBTData": "{Damage:0}"
      },
      "request": {
        "itemKey": "minecraft:emerald",
        "amount": 1,
        "priceModifier": 0
      },
      "tradeExp": 1,
      "maxUses": 12,
      "priceMultiplier": 0.2,
      "demand": 0,
      "tradeLevel": 1,
      "UTID": "minecraft:toolsmith_stone_shovel_for_emerald"
    },
    {
      "offer": {
        "itemKey": "minecraft:stone_pickaxe",
        "amount": 1,
        "priceModifier": 0,
        "advancedNBTData": "{Damage:0}"
      },
      "request": {
        "itemKey": "minecraft:emerald",
        "amount": 1,
        "priceModifier": 0
      },
      "tradeExp": 1,
      "maxUses": 12,
      "priceMultiplier": 0.2,
      "demand": 0,
      "tradeLevel": 1,
      "UTID": "minecraft:toolsmith_stone_pickaxe_for_emerald"
    },
    {
      "offer": {
        "itemKey": "minecraft:stone_hoe",
        "amount": 1,
        "priceModifier": 0,
        "advancedNBTData": "{Damage:0}"
      },
      "request": {
        "itemKey": "minecraft:emerald",
        "amount": 1,
        "priceModifier": 0
      },
      "tradeExp": 1,
      "maxUses": 12,
      "priceMultiplier": 0.2,
      "demand": 0,
      "tradeLevel": 1,
      "UTID": "minecraft:toolsmith_stone_hoe_for_emerald"
    },
    {
      "offer": {
        "itemKey": "minecraft:emerald",
        "amount": 1,
        "priceModifier": 0
      },
      "request": {
        "itemKey": "minecraft:iron_ingot",
        "amount": 4,
        "priceModifier": 0
      },
      "tradeExp": 10,
      "maxUses": 12,
      "priceMultiplier": 0.05,
      "demand": 0,
      "tradeLevel": 2,
      "UTID": "minecraft:toolsmith_emerald_for_iron_ingot"
    },
    {
      "offer": {
        "itemKey": "minecraft:bell",
        "amount": 1,
        "priceModifier": 0
      },
      "request": {
        "itemKey": "minecraft:emerald",
        "amount": 36,
        "priceModifier": 0
      },
      "tradeExp": 5,
      "maxUses": 12,
      "priceMultiplier": 0.2,
      "demand": 0,
      "tradeLevel": 2,
      "UTID": "minecraft:toolsmith_bell_for_emerald"
    },
    {
      "offer": {
        "itemKey": "minecraft:emerald",
        "amount": 1,
        "priceModifier": 0
      },
      "request": {
        "itemKey": "minecraft:flint",
        "amount": 30,
        "priceModifier": 0
      },
      "tradeExp": 20,
      "maxUses": 12,
      "priceMultiplier": 0.05,
      "demand": 0,
      "tradeLevel": 3,
      "UTID": "minecraft:toolsmith_emerald_for_flint"
    },
    {
      "offer": {
        "itemKey": "minecraft:iron_axe",
        "amount": 1,
        "priceModifier": 0,
        "advancedNBTData": "{Damage:0,Enchantments:[{id:\"minecraft:unbreaking\",lvl:1s}]}"
      },
      "request": {
        "itemKey": "minecraft:emerald",
        "amount": 11,
        "priceModifier": 0
      },
      "tradeExp": 10,
      "maxUses": 1,
      "priceMultiplier": 0.2,
      "demand": 0,
      "tradeLevel": 3,
      "UTID": "minecraft:toolsmith_iron_axe_for_emerald"
    },
    {
      "offer": {
        "itemKey": "minecraft:iron_shovel",
        "amount": 1,
        "priceModifier": 0,
        "advancedNBTData": "{Damage:0,Enchantments:[{id:\"minecraft:unbreaking\",lvl:1s}]}"
      },
      "request": {
        "itemKey": "minecraft:emerald",
        "amount": 8,
        "priceModifier": 0
      },
      "tradeExp": 10,
      "maxUses": 1,
      "priceMultiplier": 0.2,
      "demand": 0,
      "tradeLevel": 3,
      "UTID": "minecraft:toolsmith_iron_shovel_for_emerald"
    },
    {
      "offer": {
        "itemKey": "minecraft:iron_pickaxe",
        "amount": 1,
        "priceModifier": 0,
        "advancedNBTData": "{Damage:0,Enchantments:[{id:\"minecraft:efficiency\",lvl:1s}]}"
      },
      "request": {
        "itemKey": "minecraft:emerald",
        "amount": 14,
        "priceModifier": 0
      },
      "tradeExp": 10,
      "maxUses": 1,
      "priceMultiplier": 0.2,
      "demand": 0,
      "tradeLevel": 3,
      "UTID": "minecraft:toolsmith_iron_pickaxe_for_emerald"
    },
    {
      "offer": {
        "itemKey": "minecraft:diamond_hoe",
        "amount": 1,
        "priceModifier": 0,
        "advancedNBTData": "{Damage:0}"
      },
      "request": {
        "itemKey": "minecraft:emerald",
        "amount": 4,
        "priceModifier": 0
      },
      "tradeExp": 10,
      "maxUses": 3,
      "priceMultiplier": 0.2,
      "demand": 0,
      "tradeLevel": 3,
      "UTID": "minecraft:toolsmith_diamond_hoe_for_emerald"
    },
    {
      "offer": {
        "itemKey": "minecraft:emerald",
        "amount": 1,
        "priceModifier": 0
      },
      "request": {
        "itemKey": "minecraft:diamond",
        "amount": 1,
        "priceModifier": 0
      },
      "tradeExp": 30,
      "maxUses": 12,
      "priceMultiplier": 0.05,
      "demand": 0,
      "tradeLevel": 4,
      "UTID": "minecraft:toolsmith_emerald_for_diamond"
    },
    {
      "offer": {
        "itemKey": "minecraft:diamond_axe",
        "amount": 1,
        "priceModifier": 0,
        "advancedNBTData": "{Damage:0,Enchantments:[{id:\"tombstone:soulbound\",lvl:1s}]}"
      },
      "request": {
        "itemKey": "minecraft:emerald",
        "amount": 24,
        "priceModifier": 0
      },
      "tradeExp": 15,
      "maxUses": 1,
      "priceMultiplier": 0.2,
      "demand": 0,
      "tradeLevel": 4,
      "UTID": "minecraft:toolsmith_diamond_axe_for_emerald"
    },
    {
      "offer": {
        "itemKey": "minecraft:diamond_shovel",
        "amount": 1,
        "priceModifier": 0,
        "advancedNBTData": "{Damage:0,Enchantments:[{id:\"minecraft:efficiency\",lvl:1s}]}"
      },
      "request": {
        "itemKey": "minecraft:emerald",
        "amount": 13,
        "priceModifier": 0
      },
      "tradeExp": 15,
      "maxUses": 1,
      "priceMultiplier": 0.2,
      "demand": 0,
      "tradeLevel": 4,
      "UTID": "minecraft:toolsmith_diamond_shovel_for_emerald"
    },
    {
      "offer": {
        "itemKey": "minecraft:diamond_pickaxe",
        "amount": 1,
        "priceModifier": 0,
        "advancedNBTData": "{Damage:0,Enchantments:[{id:\"minecraft:unbreaking\",lvl:1s}]}"
      },
      "request": {
        "itemKey": "minecraft:emerald",
        "amount": 18,
        "priceModifier": 0
      },
      "tradeExp": 30,
      "maxUses": 1,
      "priceMultiplier": 0.2,
      "demand": 0,
      "tradeLevel": 5,
      "UTID": "minecraft:toolsmith_diamond_pickaxe_for_emerald"
    }
  ]
}