{
  "profession": "blue_skies:wrangler",
  "removeOtherTrades": true,
  "maxTrades": 2,
  "trades": [
    {
      "offer": {
        "itemKey": "blue_skies:cooked_charscale_moki",
        "amount": 4,
        "priceModifier": 0
      },
      "request": {
        "itemKey": "minecraft:emerald",
        "amount": 1,
        "priceModifier": 0
      },
      "tradeExp": 3,
      "maxUses": 12,
      "priceMultiplier": 0.05,
      "demand": 0,
      "tradeLevel": 1,
      "UTID": "blue_skies:wrangler_cooked_charscale_moki_for_emerald"
    },
    {
      "offer": {
        "itemKey": "minecraft:lead",
        "amount": 4,
        "priceModifier": 0
      },
      "request": {
        "itemKey": "minecraft:emerald",
        "amount": 1,
        "priceModifier": 0
      },
      "tradeExp": 3,
      "maxUses": 12,
      "priceMultiplier": 0.05,
      "demand": 0,
      "tradeLevel": 1,
      "UTID": "blue_skies:wrangler_lead_for_emerald"
    },
    {
      "offer": {
        "itemKey": "minecraft:saddle",
        "amount": 1,
        "priceModifier": 0
      },
      "request": {
        "itemKey": "minecraft:emerald",
        "amount": 1,
        "priceModifier": 0
      },
      "additionalRequest": {
        "itemKey": "minecraft:leather",
        "amount": 4,
        "priceModifier": 0
      },
      "tradeExp": 10,
      "maxUses": 15,
      "priceMultiplier": 0.05,
      "demand": 0,
      "tradeLevel": 2,
      "UTID": "blue_skies:wrangler_saddle_for_emerald_and_leather"
    },
    {
      "offer": {
        "itemKey": "minecraft:emerald",
        "amount": 1,
        "priceModifier": 0
      },
      "request": {
        "itemKey": "blue_skies:azulfo_horn",
        "amount": 16,
        "priceModifier": 0
      },
      "tradeExp": 7,
      "maxUses": 10,
      "priceMultiplier": 0.05,
      "demand": 0,
      "tradeLevel": 2,
      "UTID": "blue_skies:wrangler_emerald_for_azulfo_horn"
    },
    {
      "offer": {
        "itemKey": "blue_skies:cooked_monitor_tail",
        "amount": 3,
        "priceModifier": 0
      },
      "request": {
        "itemKey": "minecraft:emerald",
        "amount": 1,
        "priceModifier": 0
      },
      "tradeExp": 3,
      "maxUses": 12,
      "priceMultiplier": 0.05,
      "demand": 0,
      "tradeLevel": 2,
      "UTID": "blue_skies:wrangler_cooked_monitor_tail_for_emerald"
    },
    {
      "offer": {
        "itemKey": "blue_skies:cooked_grittle_flatfish",
        "amount": 6,
        "priceModifier": 0
      },
      "request": {
        "itemKey": "minecraft:emerald",
        "amount": 2,
        "priceModifier": 0
      },
      "tradeExp": 15,
      "maxUses": 10,
      "priceMultiplier": 0.05,
      "demand": 0,
      "tradeLevel": 3,
      "UTID": "blue_skies:wrangler_cooked_grittle_flatfish_for_emerald"
    },
    {
      "offer": {
        "itemKey": "minecraft:cooked_mutton",
        "amount": 8,
        "priceModifier": 0
      },
      "request": {
        "itemKey": "minecraft:emerald",
        "amount": 2,
        "priceModifier": 0
      },
      "tradeExp": 13,
      "maxUses": 10,
      "priceMultiplier": 0.05,
      "demand": 0,
      "tradeLevel": 3,
      "UTID": "blue_skies:wrangler_cooked_mutton_for_emerald"
    },
    {
      "offer": {
        "itemKey": "blue_skies:comet_berry_pie",
        "amount": 1,
        "priceModifier": 0
      },
      "request": {
        "itemKey": "blue_skies:comet_berries",
        "amount": 6,
        "priceModifier": 0
      },
      "additionalRequest": {
        "itemKey": "minecraft:emerald",
        "amount": 1,
        "priceModifier": 0
      },
      "tradeExp": 20,
      "maxUses": 12,
      "priceMultiplier": 0.05,
      "demand": 0,
      "tradeLevel": 4,
      "UTID": "blue_skies:wrangler_comet_berry_pie_for_comet_berries_and_emerald"
    },
    {
      "offer": {
        "itemKey": "minecraft:emerald",
        "amount": 1,
        "priceModifier": 0
      },
      "request": {
        "itemKey": "minecraft:string",
        "amount": 26,
        "priceModifier": 0
      },
      "tradeExp": 16,
      "maxUses": 10,
      "priceMultiplier": 0.05,
      "demand": 0,
      "tradeLevel": 4,
      "UTID": "blue_skies:wrangler_emerald_for_string"
    },
    {
      "offer": {
        "itemKey": "blue_skies:cooked_carabeef",
        "amount": 4,
        "priceModifier": 0
      },
      "request": {
        "itemKey": "minecraft:emerald",
        "amount": 2,
        "priceModifier": 0
      },
      "tradeExp": 25,
      "maxUses": 10,
      "priceMultiplier": 0.05,
      "demand": 0,
      "tradeLevel": 5,
      "UTID": "blue_skies:wrangler_cooked_carabeef_for_emerald"
    },
    {
      "offer": {
        "itemKey": "blue_skies:cooked_venison",
        "amount": 4,
        "priceModifier": 0
      },
      "request": {
        "itemKey": "minecraft:emerald",
        "amount": 2,
        "priceModifier": 0
      },
      "tradeExp": 25,
      "maxUses": 10,
      "priceMultiplier": 0.05,
      "demand": 0,
      "tradeLevel": 5,
      "UTID": "blue_skies:wrangler_cooked_venison_for_emerald"
    }
  ]
}