{
	"boost_1_percentage": {
		"title": "§a+1% XP from all sources",
		"frame": {
			"type": "advancement",
			"data": {
				"frame": "goal"
			}
		},
		"icon": {
			"type": "effect",
			"data": {
				"effect": "vinery:experience_effect"
			}
		},
		"rewards": [
			{
				"type": "puffish_skills:attribute",
				"data": {
					"attribute": "attributeslib:experience_gained",
					"value": 0.01,
					"operation": "multiply_total"
				}
			},
			{
				"type": "puffish_skills:attribute",
				"data": {
					"attribute": "zoompack_overrides_forge:agility_xp_multiplier",
					"value": 0.01,
					"operation": "multiply_total"
				}
			},
			{
				"type": "puffish_skills:attribute",
				"data": {
					"attribute": "zoompack_overrides_forge:alchemy_xp_multiplier",
					"value": 0.01,
					"operation": "multiply_total"
				}
			},
			{
				"type": "puffish_skills:attribute",
				"data": {
					"attribute": "zoompack_overrides_forge:archery_xp_multiplier",
					"value": 0.01,
					"operation": "multiply_total"
				}
			},
			{
				"type": "puffish_skills:attribute",
				"data": {
					"attribute": "zoompack_overrides_forge:combat_xp_multiplier",
					"value": 0.01,
					"operation": "multiply_total"
				}
			},
			{
				"type": "puffish_skills:attribute",
				"data": {
					"attribute": "zoompack_overrides_forge:cooking_xp_multiplier",
					"value": 0.01,
					"operation": "multiply_total"
				}
			},
			{
				"type": "puffish_skills:attribute",
				"data": {
					"attribute": "zoompack_overrides_forge:endurance_xp_multiplier",
					"value": 0.01,
					"operation": "multiply_total"
				}
			},
			{
				"type": "puffish_skills:attribute",
				"data": {
					"attribute": "zoompack_overrides_forge:engineering_xp_multiplier",
					"value": 0.01,
					"operation": "multiply_total"
				}
			},
			{
				"type": "puffish_skills:attribute",
				"data": {
					"attribute": "zoompack_overrides_forge:excavation_xp_multiplier",
					"value": 0.01,
					"operation": "multiply_total"
				}
			},
			{
				"type": "puffish_skills:attribute",
				"data": {
					"attribute": "zoompack_overrides_forge:farming_xp_multiplier",
					"value": 0.01,
					"operation": "multiply_total"
				}
			},
			{
				"type": "puffish_skills:attribute",
				"data": {
					"attribute": "zoompack_overrides_forge:fightgroup_xp_multiplier",
					"value": 0.01,
					"operation": "multiply_total"
				}
			},
			{
				"type": "puffish_skills:attribute",
				"data": {
					"attribute": "zoompack_overrides_forge:fishing_xp_multiplier",
					"value": 0.01,
					"operation": "multiply_total"
				}
			},
			{
				"type": "puffish_skills:attribute",
				"data": {
					"attribute": "zoompack_overrides_forge:flying_xp_multiplier",
					"value": 0.01,
					"operation": "multiply_total"
				}
			},
			{
				"type": "puffish_skills:attribute",
				"data": {
					"attribute": "zoompack_overrides_forge:gunslinging_xp_multiplier",
					"value": 0.01,
					"operation": "multiply_total"
				}
			},
			{
				"type": "puffish_skills:attribute",
				"data": {
					"attribute": "zoompack_overrides_forge:hunter_xp_multiplier",
					"value": 0.01,
					"operation": "multiply_total"
				}
			},
			{
				"type": "puffish_skills:attribute",
				"data": {
					"attribute": "zoompack_overrides_forge:magic_xp_multiplier",
					"value": 0.01,
					"operation": "multiply_total"
				}
			},
			{
				"type": "puffish_skills:attribute",
				"data": {
					"attribute": "zoompack_overrides_forge:mining_xp_multiplier",
					"value": 0.01,
					"operation": "multiply_total"
				}
			},
			{
				"type": "puffish_skills:attribute",
				"data": {
					"attribute": "zoompack_overrides_forge:sailing_xp_multiplier",
					"value": 0.01,
					"operation": "multiply_total"
				}
			},
			{
				"type": "puffish_skills:attribute",
				"data": {
					"attribute": "zoompack_overrides_forge:slayer_xp_multiplier",
					"value": 0.01,
					"operation": "multiply_total"
				}
			},
			{
				"type": "puffish_skills:attribute",
				"data": {
					"attribute": "zoompack_overrides_forge:smithing_xp_multiplier",
					"value": 0.01,
					"operation": "multiply_total"
				}
			},
			{
				"type": "puffish_skills:attribute",
				"data": {
					"attribute": "zoompack_overrides_forge:swimming_xp_multiplier",
					"value": 0.01,
					"operation": "multiply_total"
				}
			},
			{
				"type": "puffish_skills:attribute",
				"data": {
					"attribute": "zoompack_overrides_forge:swordsmanship_xp_multiplier",
					"value": 0.01,
					"operation": "multiply_total"
				}
			},
			{
				"type": "puffish_skills:attribute",
				"data": {
					"attribute": "zoompack_overrides_forge:taming_xp_multiplier",
					"value": 0.01,
					"operation": "multiply_total"
				}
			},
			{
				"type": "puffish_skills:attribute",
				"data": {
					"attribute": "zoompack_overrides_forge:tech_xp_multiplier",
					"value": 0.01,
					"operation": "multiply_total"
				}
			},
			{
				"type": "puffish_skills:attribute",
				"data": {
					"attribute": "zoompack_overrides_forge:woodcutting_xp_multiplier",
					"value": 0.01,
					"operation": "multiply_total"
				}
			}
		]
	}
}
