{
	"experience_per_level": {
		"type": "expression",
		"data": {
			"expression": "(level ^ 1.1) * 2.365 + 10"
		}
	},
	"sources": [
		{
			"type": "puffish_skills:increase_stat",
			"data": {
				"conditions": {
					"is_raid_win": {
						"type": "stat",
						"data": {
							"stat": "minecraft.custom:minecraft.raid_win"
						}
					}
				},
				"parameters": {
					"amount": {
						"type": "amount"
					}
				},
				"experience": [
					{
						"condition": "is_raid_win",
						"expression": "3*amount"
					}
				]
			}
		},
		{
			"type": "puffish_skills:increase_stat",
			"data": {
				"conditions": {
					"is_raid_trigger": {
						"type": "stat",
						"data": {
							"stat": "minecraft.custom:minecraft.raid_trigger"
						}
					}
				},
				"parameters": {
					"amount": {
						"type": "amount"
					}
				},
				"experience": [
					{
						"condition": "is_raid_trigger",
						"expression": "(-1)*amount"
					}
				]
			}
		}
	]
}
