{
	"root": {
		"title": { "text" : "§aGain some Arrow Damage" },
		"description": {"text": "§l§aSOURCE: §rDeal damage with projectiles"},
		"size" : 3,
		"frame": {
			"type": "advancement",
			"data": {
				"frame": "challenge"
			}
		},
		"icon": {
			"type": "item",
			"data": {
				"item": "fletching_table"
			}
		},
		"rewards": [
			{
				"type": "puffish_skills:attribute",
				"data": {
					"attribute": "attributeslib:arrow_damage",
					"value": 0.01,
					"operation": "multiply_total"
				}
			}
		],
		"metadata": {
			"icon": "9xh8zgd7acy4gccp"
		}
	},
	"arrow_damage_+1%": {
		"title": "§a+1% Arrow Damage",
		"frame": {
			"type": "advancement",
			"data": {
				"frame": "task"
			}
		},
		"icon": {
			"type": "item",
			"data": {
				"item": "arrow"
			}
		},
		"rewards": [
			{
				"type": "puffish_skills:attribute",
				"data": {
					"attribute": "attributeslib:arrow_damage",
					"value": 0.01,
					"operation": "multiply_total"
				}
			}
		]
	},
	"projectile_damage_+1%": {
		"title": "§a+1% Projectile Damage",
		"frame": {
			"type": "advancement",
			"data": {
				"frame": "task"
			}
		},
		"icon": {
			"type": "item",
			"data": {
				"item": "bow"
			}
		},
		"rewards": [
			{
				"type": "puffish_skills:attribute",
				"data": {
					"attribute": "projectile_damage:generic",
					"value": 0.01,
					"operation": "multiply_total"
				}
			}
		]
	},
	"armor_pierce_0_5": {
		"title": "§a+0.5 Armor Pierce",
		"frame": {
			"type": "advancement",
			"data": {
				"frame": "goal"
			}
		},
		"icon": {
			"type": "item",
			"data": {
				"item": "call_of_yucutan:jei_new_moon"
			}
		},
		"rewards": [
			{
				"type": "puffish_skills:attribute",
				"data": {
					"attribute": "attributeslib:armor_pierce",
					"value": 0.5,
					"operation": "addition"
				}
			}
		]
	},
	"armor_shred_0_15": {
		"title": "§a+0.5% Armor Shred",
		"frame": {
			"type": "advancement",
			"data": {
				"frame": "goal"
			}
		},
		"icon": {
			"type": "effect",
			"data": {
				"effect": "irons_spellbooks:rend"
			}
		},
		"rewards": [
			{
				"type": "puffish_skills:attribute",
				"data": {
					"attribute": "attributeslib:armor_shred",
					"value": 0.005,
					"operation": "multiply_total"
				}
			}
		]
	},
	"dodge_chance_0_01": {
		"title": "§a+1% Dodge Chance",
		"frame": {
			"type": "advancement",
			"data": {
				"frame": "task"
			}
		},
		"icon": {
			"type": "effect",
			"data": {
				"effect": "vinery:shiraaz_effect"
			}
		},
		"rewards": [
			{
				"type": "puffish_skills:attribute",
				"data": {
					"attribute": "attributeslib:dodge_chance",
					"value": 0.01,
					"operation": "addition"
				}
			}
		]
	}
}
